名称,方块标识,可再生性,挖掘工具,发光性,完整方块,可燃性,透明性,爆炸抗性,硬度,首次加入开发版本,首次加入正式版本,Wiki发光等级,熔岩引火,类别,染色颜色,默认发光等级,默认透光标记,默认光照衰减,采集门槛,可含水,具有点亮状态,竞猜候选,排除原因,26.1硬度参数,26.1爆炸抗性参数,26.1有效工具标签,完整方块依据,加入版本依据,属性来源,属性资料版本,参考Wiki页面,Wiki离线记录日期,核验备注
空气,minecraft:air,是,无有效工具,否,待核对,否,透明,0,0,pre-Classic Cave game tech test,1.0.0,0,否,其他,无,0,是,0,不适用,否,否,否,空气或技术方块,0,0,无专用工具,需要 Wiki 中明确的完整碰撞体积说明,原始空气的加入记录；不采用后来新增洞穴空气的版本,Wiki衍生数据，未核对原信息框,26.1-snapshot-10,https://minecraft.wiki/w/Air,17/04/2022 01:34:22,
石头,minecraft:stone,是,镐,否,待核对,否,不透明,6,1.5,pre-Classic rd-131655,1.0.0,0,否,其他,无,0,否,15,木级及以上（含金）,否,否,是,,1.5,6,镐,需要 Wiki 中明确的完整碰撞体积说明,页面历史中的明确加入记录,Wiki衍生数据，部分信息框已核对,26.1-snapshot-10,https://minecraft.wiki/w/Stone,17/04/2022 00:50:09,
花岗岩,minecraft:granite,是,镐,否,待核对,否,不透明,6,1.5,14w02a,1.8,0,否,其他,无,0,否,15,木级及以上（含金）,否,否,是,,1.5,6,镐,需要 Wiki 中明确的完整碰撞体积说明,页面历史中的明确加入记录,Wiki衍生数据，部分信息框已核对,26.1-snapshot-10,https://minecraft.wiki/w/Granite,17/04/2022 00:55:41,
磨制花岗岩,minecraft:polished_granite,是,镐,否,待核对,否,不透明,6,1.5,14w02a,1.8,0,否,其他,无,0,否,15,木级及以上（含金）,否,否,是,,1.5,6,镐,需要 Wiki 中明确的完整碰撞体积说明,页面历史中的明确加入记录,Wiki衍生数据，部分信息框已核对,26.1-snapshot-10,https://minecraft.wiki/w/Granite,17/04/2022 00:55:41,
闪长岩,minecraft:diorite,是,镐,否,待核对,否,不透明,6,1.5,14w02a,1.8,0,否,其他,无,0,否,15,木级及以上（含金）,否,否,是,,1.5,6,镐,需要 Wiki 中明确的完整碰撞体积说明,页面历史中的明确加入记录,Wiki衍生数据，部分信息框已核对,26.1-snapshot-10,https://minecraft.wiki/w/Diorite,16/04/2022 23:17:19,
磨制闪长岩,minecraft:polished_diorite,是,镐,否,待核对,否,不透明,6,1.5,14w02a,1.8,0,否,其他,无,0,否,15,木级及以上（含金）,否,否,是,,1.5,6,镐,需要 Wiki 中明确的完整碰撞体积说明,页面历史中的明确加入记录,Wiki衍生数据，部分信息框已核对,26.1-snapshot-10,https://minecraft.wiki/w/Diorite,16/04/2022 23:17:19,
安山岩,minecraft:andesite,是,镐,否,待核对,否,不透明,6,1.5,14w02a,1.8,0,否,其他,无,0,否,15,木级及以上（含金）,否,否,是,,1.5,6,镐,需要 Wiki 中明确的完整碰撞体积说明,页面历史中的明确加入记录,Wiki衍生数据，部分信息框已核对,26.1-snapshot-10,https://minecraft.wiki/w/Andesite,17/04/2022 02:24:02,
磨制安山岩,minecraft:polished_andesite,是,镐,否,待核对,否,不透明,6,1.5,14w02a,1.8,0,否,其他,无,0,否,15,木级及以上（含金）,否,否,是,,1.5,6,镐,需要 Wiki 中明确的完整碰撞体积说明,页面历史中的明确加入记录,Wiki衍生数据，部分信息框已核对,26.1-snapshot-10,https://minecraft.wiki/w/Andesite,17/04/2022 02:24:02,
草方块,minecraft:grass_block,是,锹,否,是,否,不透明,0.6,0.6,,,0,否,其他,无,0,否,15,无工具要求,否,否,是,,0.6,0.6,锹,Wiki Dirt Path、Moss Carpet 或 Mangrove Roots 页明确称为完整方块,待核对 Java 版历史,Wiki衍生数据，部分信息框已核对,26.1-snapshot-10,https://minecraft.wiki/w/Grass_Block,18/04/2022 15:13:52,
泥土,minecraft:dirt,是,锹,否,待核对,否,不透明,0.5,0.5,pre-Classic rd-20090515,1.0.0,0,否,其他,无,0,否,15,无工具要求,否,否,是,,0.5,0.5,锹,需要 Wiki 中明确的完整碰撞体积说明,页面历史中的明确加入记录,Wiki衍生数据，部分信息框已核对,26.1-snapshot-10,https://minecraft.wiki/w/Dirt,17/04/2022 02:11:58,
砂土,minecraft:coarse_dirt,是,锹,否,待核对,否,不透明,0.5,0.5,14w25a,1.8,0,否,其他,无,0,否,15,无工具要求,否,否,是,,0.5,0.5,锹,需要 Wiki 中明确的完整碰撞体积说明,页面历史中的明确加入记录,Wiki衍生数据，部分信息框已核对,26.1-snapshot-10,https://minecraft.wiki/w/Coarse_Dirt,17/04/2022 05:29:39,
灰化土,minecraft:podzol,是,锹,否,待核对,否,不透明,0.5,0.5,13w36a,1.7.2,0,否,其他,无,0,否,15,无工具要求,否,否,是,,0.5,0.5,锹,需要 Wiki 中明确的完整碰撞体积说明,页面历史中的明确加入记录,Wiki衍生数据，部分信息框已核对,26.1-snapshot-10,https://minecraft.wiki/w/Podzol,17/04/2022 06:49:44,
圆石,minecraft:cobblestone,是,镐,否,待核对,否,不透明,6,2,pre-Classic rd-20090515,1.0.0,0,否,其他,无,0,否,15,木级及以上（含金）,否,否,是,,2,6,镐,需要 Wiki 中明确的完整碰撞体积说明,页面历史中的明确加入记录,Wiki衍生数据，部分信息框已核对,26.1-snapshot-10,https://minecraft.wiki/w/Cobblestone,18/04/2022 15:16:55,
橡木木板,minecraft:oak_planks,是,斧,否,待核对,是,不透明,3,2,,,0,是,木板,无,0,否,15,无工具要求,否,否,是,,2,3,斧,需要 Wiki 中明确的完整碰撞体积说明,待核对 Java 版历史,Wiki衍生数据，部分信息框已核对,26.1-snapshot-10,https://minecraft.wiki/w/Planks,18/04/2022 15:58:06,
云杉木板,minecraft:spruce_planks,是,斧,否,待核对,是,不透明,3,2,,,0,是,木板,无,0,否,15,无工具要求,否,否,是,,2,3,斧,需要 Wiki 中明确的完整碰撞体积说明,待核对 Java 版历史,Wiki衍生数据，部分信息框已核对,26.1-snapshot-10,https://minecraft.wiki/w/Planks,18/04/2022 15:58:06,
白桦木板,minecraft:birch_planks,是,斧,否,待核对,是,不透明,3,2,,,0,是,木板,无,0,否,15,无工具要求,否,否,是,,2,3,斧,需要 Wiki 中明确的完整碰撞体积说明,待核对 Java 版历史,Wiki衍生数据，部分信息框已核对,26.1-snapshot-10,https://minecraft.wiki/w/Planks,18/04/2022 15:58:06,
丛林木板,minecraft:jungle_planks,是,斧,否,待核对,是,不透明,3,2,,,0,是,木板,无,0,否,15,无工具要求,否,否,是,,2,3,斧,需要 Wiki 中明确的完整碰撞体积说明,待核对 Java 版历史,Wiki衍生数据，部分信息框已核对,26.1-snapshot-10,https://minecraft.wiki/w/Planks,18/04/2022 15:58:06,
金合欢木板,minecraft:acacia_planks,是,斧,否,待核对,是,不透明,3,2,,,0,是,木板,无,0,否,15,无工具要求,否,否,是,,2,3,斧,需要 Wiki 中明确的完整碰撞体积说明,待核对 Java 版历史,Wiki衍生数据，部分信息框已核对,26.1-snapshot-10,https://minecraft.wiki/w/Planks,18/04/2022 15:58:06,
樱花木板,minecraft:cherry_planks,是,斧,否,待核对,是,不透明,3,2,,,0,是,木板,无,0,否,15,无工具要求,否,否,是,,2,3,斧,需要 Wiki 中明确的完整碰撞体积说明,待查Wiki页面,Wiki衍生数据，未核对原信息框,26.1-snapshot-10,,,
深色橡木木板,minecraft:dark_oak_planks,是,斧,否,待核对,是,不透明,3,2,,,0,是,木板,无,0,否,15,无工具要求,否,否,是,,2,3,斧,需要 Wiki 中明确的完整碰撞体积说明,待核对 Java 版历史,Wiki衍生数据，部分信息框已核对,26.1-snapshot-10,https://minecraft.wiki/w/Planks,18/04/2022 15:58:06,
苍白橡木,minecraft:pale_oak_wood,是,斧,否,待核对,是,不透明,2,2,,,0,是,原木或菌柄,无,0,否,15,无工具要求,否,否,是,,2,2,斧,需要 Wiki 中明确的完整碰撞体积说明,待查Wiki页面,Wiki衍生数据，未核对原信息框,26.1-snapshot-10,,,
苍白橡木木板,minecraft:pale_oak_planks,是,斧,否,待核对,是,不透明,3,2,,,0,是,木板,无,0,否,15,无工具要求,否,否,是,,2,3,斧,需要 Wiki 中明确的完整碰撞体积说明,待查Wiki页面,Wiki衍生数据，未核对原信息框,26.1-snapshot-10,,,
红树木板,minecraft:mangrove_planks,是,斧,否,待核对,是,不透明,3,2,,,0,是,木板,无,0,否,15,无工具要求,否,否,是,,2,3,斧,需要 Wiki 中明确的完整碰撞体积说明,待查Wiki页面,Wiki衍生数据，未核对原信息框,26.1-snapshot-10,,,
竹板,minecraft:bamboo_planks,是,斧,否,待核对,是,不透明,,,,,0,是,木板,无,0,否,15,无工具要求,否,否,是,,2,3,斧,需要 Wiki 中明确的完整碰撞体积说明,待查Wiki页面,Wiki衍生数据，未核对原信息框,26.1-snapshot-10,,,衍生数据的硬度与26.1参数不同，待核对；衍生数据的爆炸抗性与26.1参数不同，待核对
竹马赛克,minecraft:bamboo_mosaic,是,斧,否,待核对,是,不透明,3,2,,,0,是,其他,无,0,否,15,无工具要求,否,否,是,,2,3,斧,需要 Wiki 中明确的完整碰撞体积说明,待查Wiki页面,Wiki衍生数据，未核对原信息框,26.1-snapshot-10,,,
橡树树苗,minecraft:oak_sapling,是,任意工具或徒手,否,待核对,否,透明,0,0,pre-Classic rd-161348,1.0.0,0,否,树苗,无,0,是,0,无工具要求,否,否,是,,0,0,无专用工具,需要 Wiki 中明确的完整碰撞体积说明,原始树苗后来更名为橡树树苗,Wiki衍生数据，部分信息框已核对,26.1-snapshot-10,https://minecraft.wiki/w/Sapling,18/04/2022 15:18:17,
云杉树苗,minecraft:spruce_sapling,是,任意工具或徒手,否,待核对,否,透明,0,0,Beta 1.5,1.0.0,0,否,树苗,无,0,是,0,无工具要求,否,否,是,,0,0,无专用工具,需要 Wiki 中明确的完整碰撞体积说明,页面历史中的明确加入记录,Wiki衍生数据，部分信息框已核对,26.1-snapshot-10,https://minecraft.wiki/w/Sapling,18/04/2022 15:18:17,
白桦树苗,minecraft:birch_sapling,是,任意工具或徒手,否,待核对,否,透明,0,0,,,0,否,树苗,无,0,是,0,无工具要求,否,否,是,,0,0,无专用工具,需要 Wiki 中明确的完整碰撞体积说明,待核对 Java 版历史,Wiki衍生数据，部分信息框已核对,26.1-snapshot-10,https://minecraft.wiki/w/Sapling,18/04/2022 15:18:17,
丛林树苗,minecraft:jungle_sapling,是,任意工具或徒手,否,待核对,否,透明,0,0,12w04a,1.2.1,0,否,树苗,无,0,是,0,无工具要求,否,否,是,,0,0,无专用工具,需要 Wiki 中明确的完整碰撞体积说明,页面历史中的明确加入记录,Wiki衍生数据，部分信息框已核对,26.1-snapshot-10,https://minecraft.wiki/w/Sapling,18/04/2022 15:18:17,
金合欢树苗,minecraft:acacia_sapling,是,任意工具或徒手,否,待核对,否,透明,0,0,,,0,否,树苗,无,0,是,0,无工具要求,否,否,是,,0,0,无专用工具,需要 Wiki 中明确的完整碰撞体积说明,待核对 Java 版历史,Wiki衍生数据，部分信息框已核对,26.1-snapshot-10,https://minecraft.wiki/w/Sapling,18/04/2022 15:18:17,
樱花树苗,minecraft:cherry_sapling,是,任意工具或徒手,否,待核对,否,透明,0,0,,,0,否,树苗,无,0,是,0,无工具要求,否,否,是,,0,0,无专用工具,需要 Wiki 中明确的完整碰撞体积说明,待查Wiki页面,Wiki衍生数据，未核对原信息框,26.1-snapshot-10,,,
深色橡树树苗,minecraft:dark_oak_sapling,是,任意工具或徒手,否,待核对,否,透明,0,0,,,0,否,树苗,无,0,是,0,无工具要求,否,否,是,,0,0,无专用工具,需要 Wiki 中明确的完整碰撞体积说明,待核对 Java 版历史,Wiki衍生数据，部分信息框已核对,26.1-snapshot-10,https://minecraft.wiki/w/Sapling,18/04/2022 15:18:17,
苍白橡树树苗,minecraft:pale_oak_sapling,是,任意工具或徒手,否,待核对,否,透明,0,0,,,0,否,树苗,无,0,是,0,无工具要求,否,否,是,,0,0,无专用工具,需要 Wiki 中明确的完整碰撞体积说明,待查Wiki页面,Wiki衍生数据，未核对原信息框,26.1-snapshot-10,,,
红树胎生苗,minecraft:mangrove_propagule,是,任意工具或徒手,否,待核对,否,透明,0,0,,,0,否,花,无,0,是,0,无工具要求,是,否,是,,0,0,无专用工具,需要 Wiki 中明确的完整碰撞体积说明,待查Wiki页面,Wiki衍生数据，未核对原信息框,26.1-snapshot-10,,,
基岩,minecraft:bedrock,否,无有效工具,否,待核对,否,不透明,3600000,-1,Classic 0.0.12a,1.0.0,0,否,其他,无,0,否,15,不适用,否,否,是,,-1,3600000,无专用工具,需要 Wiki 中明确的完整碰撞体积说明,页面历史中的明确加入记录,Wiki衍生数据，部分信息框已核对,26.1-snapshot-10,https://minecraft.wiki/w/Bedrock,16/04/2022 23:25:33,
水,minecraft:water,是,待核对,待核对,待核对,待核对,待核对,100,,Classic 0.0.12a,1.0.0,,待核对,其他,无,0,是,1,不适用,否,否,否,流体,100,100,无专用工具,需要 Wiki 中明确的完整碰撞体积说明,页面历史中的明确加入记录,Wiki离线信息框,2022年4月离线Wiki,https://minecraft.wiki/w/Water,18/04/2022 15:39:30,
熔岩,minecraft:lava,是,待核对,待核对,待核对,待核对,待核对,100,,Classic 0.0.12a,1.0.0,,待核对,其他,无,15,是,1,不适用,否,否,否,流体,100,100,无专用工具,需要 Wiki 中明确的完整碰撞体积说明,页面历史中的明确加入记录,Wiki离线信息框,2022年4月离线Wiki,https://minecraft.wiki/w/Lava,16/04/2022 23:37:26,
沙子,minecraft:sand,是,锹,否,待核对,否,不透明,0.5,0.5,Classic 0.0.14a,1.0.0,0,否,其他,无,0,否,15,无工具要求,否,否,是,,0.5,0.5,锹,需要 Wiki 中明确的完整碰撞体积说明,页面历史中的明确加入记录,Wiki衍生数据，部分信息框已核对,26.1-snapshot-10,https://minecraft.wiki/w/Sand,18/04/2022 15:37:43,
可疑的沙子,minecraft:suspicious_sand,否,锹；刷子,否,待核对,否,不透明,0.25,0.25,,,0,否,其他,无,0,否,15,无工具要求,否,否,是,,0.25,0.25,锹,需要 Wiki 中明确的完整碰撞体积说明,待查Wiki页面,Wiki衍生数据，未核对原信息框,26.1-snapshot-10,,,
红沙,minecraft:red_sand,是,锹,否,待核对,否,不透明,0.5,0.5,13w39a,1.7.2,0,否,其他,无,0,否,15,无工具要求,否,否,是,,0.5,0.5,锹,需要 Wiki 中明确的完整碰撞体积说明,页面历史中的明确加入记录,Wiki衍生数据，部分信息框已核对,26.1-snapshot-10,https://minecraft.wiki/w/Sand,18/04/2022 15:37:43,
沙砾,minecraft:gravel,是,锹,否,待核对,否,不透明,0.6,0.6,Classic 0.0.14a,1.0.0,0,否,其他,无,0,否,15,无工具要求,否,否,是,,0.6,0.6,锹,需要 Wiki 中明确的完整碰撞体积说明,页面历史中的明确加入记录,Wiki衍生数据，部分信息框已核对,26.1-snapshot-10,https://minecraft.wiki/w/Gravel,16/04/2022 23:45:00,
可疑的沙砾,minecraft:suspicious_gravel,否,锹；刷子,否,待核对,否,不透明,0.25,0.25,,,0,否,其他,无,0,否,15,无工具要求,否,否,是,,0.25,0.25,锹,需要 Wiki 中明确的完整碰撞体积说明,待查Wiki页面,Wiki衍生数据，未核对原信息框,26.1-snapshot-10,,,
金矿石,minecraft:gold_ore,否,镐,否,待核对,否,不透明,3,3,Classic 0.0.14a,1.0.0,0,否,其他,无,0,否,15,铁级及以上,否,否,是,,3,3,镐,需要 Wiki 中明确的完整碰撞体积说明,页面历史中的明确加入记录,Wiki衍生数据，部分信息框已核对,26.1-snapshot-10,https://minecraft.wiki/w/Gold_Ore,16/04/2022 23:18:17,
深层金矿石,minecraft:deepslate_gold_ore,否,镐,否,待核对,否,不透明,3,4.5,,,0,否,其他,无,0,否,15,铁级及以上,否,否,是,,4.5,3,镐,需要 Wiki 中明确的完整碰撞体积说明,待核对 Java 版历史,Wiki衍生数据，部分信息框已核对,26.1-snapshot-10,https://minecraft.wiki/w/Gold_Ore,16/04/2022 23:18:17,
铁矿石,minecraft:iron_ore,否,镐,否,待核对,否,不透明,3,3,Classic 0.0.14a,1.0.0,0,否,其他,无,0,否,15,石或铜级及以上（金除外）,否,否,是,,3,3,镐,需要 Wiki 中明确的完整碰撞体积说明,页面历史中的明确加入记录,Wiki衍生数据，部分信息框已核对,26.1-snapshot-10,https://minecraft.wiki/w/Iron_Ore,16/04/2022 22:52:04,
深层铁矿石,minecraft:deepslate_iron_ore,否,镐,否,待核对,否,不透明,3,4.5,21w08a,1.17,0,否,其他,无,0,否,15,石或铜级及以上（金除外）,否,否,是,,4.5,3,镐,需要 Wiki 中明确的完整碰撞体积说明,页面历史中的明确加入记录,Wiki衍生数据，部分信息框已核对,26.1-snapshot-10,https://minecraft.wiki/w/Iron_Ore,16/04/2022 22:52:04,
煤矿石,minecraft:coal_ore,否,镐,否,待核对,否,不透明,3,3,Classic 0.0.14a,1.0.0,0,否,其他,无,0,否,15,木级及以上（含金）,否,否,是,,3,3,镐,需要 Wiki 中明确的完整碰撞体积说明,页面历史中的明确加入记录,Wiki衍生数据，部分信息框已核对,26.1-snapshot-10,https://minecraft.wiki/w/Coal_Ore,17/04/2022 00:01:38,
深层煤矿石,minecraft:deepslate_coal_ore,否,镐,否,待核对,否,不透明,3,4.5,,,0,否,其他,无,0,否,15,木级及以上（含金）,否,否,是,,4.5,3,镐,需要 Wiki 中明确的完整碰撞体积说明,待核对 Java 版历史,Wiki衍生数据，部分信息框已核对,26.1-snapshot-10,https://minecraft.wiki/w/Coal_Ore,17/04/2022 00:01:38,
下界金矿石,minecraft:nether_gold_ore,否,镐,否,待核对,否,不透明,3,3,20w11a,1.16,0,否,其他,无,0,否,15,木级及以上（含金）,否,否,是,,3,3,镐,需要 Wiki 中明确的完整碰撞体积说明,页面历史中的明确加入记录,Wiki衍生数据，部分信息框已核对,26.1-snapshot-10,https://minecraft.wiki/w/Nether_Gold_Ore,17/04/2022 04:40:41,
橡木原木,minecraft:oak_log,是,斧,否,待核对,是,不透明,2,2,,,0,是,原木或菌柄,无,0,否,15,无工具要求,否,否,是,,2,2,斧,需要 Wiki 中明确的完整碰撞体积说明,待核对 Java 版历史,Wiki衍生数据，部分信息框已核对,26.1-snapshot-10,https://minecraft.wiki/w/Log,18/04/2022 16:01:51,
云杉原木,minecraft:spruce_log,是,斧,否,待核对,是,不透明,2,2,,,0,是,原木或菌柄,无,0,否,15,无工具要求,否,否,是,,2,2,斧,需要 Wiki 中明确的完整碰撞体积说明,待核对 Java 版历史,Wiki衍生数据，部分信息框已核对,26.1-snapshot-10,https://minecraft.wiki/w/Log,18/04/2022 16:01:51,
白桦原木,minecraft:birch_log,是,斧,否,待核对,是,不透明,2,2,,,0,是,原木或菌柄,无,0,否,15,无工具要求,否,否,是,,2,2,斧,需要 Wiki 中明确的完整碰撞体积说明,待核对 Java 版历史,Wiki衍生数据，部分信息框已核对,26.1-snapshot-10,https://minecraft.wiki/w/Log,18/04/2022 16:01:51,
丛林原木,minecraft:jungle_log,是,斧,否,待核对,是,不透明,2,2,,,0,是,原木或菌柄,无,0,否,15,无工具要求,否,否,是,,2,2,斧,需要 Wiki 中明确的完整碰撞体积说明,待核对 Java 版历史,Wiki衍生数据，部分信息框已核对,26.1-snapshot-10,https://minecraft.wiki/w/Log,18/04/2022 16:01:51,
金合欢原木,minecraft:acacia_log,是,斧,否,待核对,是,不透明,2,2,,,0,是,原木或菌柄,无,0,否,15,无工具要求,否,否,是,,2,2,斧,需要 Wiki 中明确的完整碰撞体积说明,待核对 Java 版历史,Wiki衍生数据，部分信息框已核对,26.1-snapshot-10,https://minecraft.wiki/w/Log,18/04/2022 16:01:51,
樱花原木,minecraft:cherry_log,是,斧,否,待核对,是,不透明,2,2,,,0,是,原木或菌柄,无,0,否,15,无工具要求,否,否,是,,2,2,斧,需要 Wiki 中明确的完整碰撞体积说明,待查Wiki页面,Wiki衍生数据，未核对原信息框,26.1-snapshot-10,,,
深色橡木原木,minecraft:dark_oak_log,是,斧,否,待核对,是,不透明,2,2,,,0,是,原木或菌柄,无,0,否,15,无工具要求,否,否,是,,2,2,斧,需要 Wiki 中明确的完整碰撞体积说明,待核对 Java 版历史,Wiki衍生数据，部分信息框已核对,26.1-snapshot-10,https://minecraft.wiki/w/Log,18/04/2022 16:01:51,
苍白橡木原木,minecraft:pale_oak_log,是,斧,否,待核对,是,不透明,2,2,,,0,是,原木或菌柄,无,0,否,15,无工具要求,否,否,是,,2,2,斧,需要 Wiki 中明确的完整碰撞体积说明,待查Wiki页面,Wiki衍生数据，未核对原信息框,26.1-snapshot-10,,,
红树原木,minecraft:mangrove_log,是,斧,否,待核对,是,不透明,2,2,,,0,是,原木或菌柄,无,0,否,15,无工具要求,否,否,是,,2,2,斧,需要 Wiki 中明确的完整碰撞体积说明,待查Wiki页面,Wiki衍生数据，未核对原信息框,26.1-snapshot-10,,,
红树根,minecraft:mangrove_roots,是,斧,否,是,是,部分透明,0.7,0.7,22w11a,,0,是,其他,无,0,是,1,无工具要求,是,否,是,,0.7,0.7,斧,Wiki Dirt Path、Moss Carpet 或 Mangrove Roots 页明确称为完整方块,离线Wiki中为即将发布记录；正式版本待核对,Wiki衍生数据，未核对原信息框,26.1-snapshot-10,https://minecraft.wiki/w/Mangrove_Roots,17/04/2022 01:54:49,
沾泥的红树根,minecraft:muddy_mangrove_roots,是,锹,否,待核对,否,不透明,0.7,0.7,22w11a,,0,是,其他,无,0,否,15,无工具要求,否,否,是,,0.7,0.7,锹,需要 Wiki 中明确的完整碰撞体积说明,离线Wiki中为即将发布记录；正式版本待核对,Wiki衍生数据，未核对原信息框,26.1-snapshot-10,https://minecraft.wiki/w/Muddy_Mangrove_Roots,16/04/2022 22:27:08,
竹块,minecraft:bamboo_block,是,斧,否,待核对,是,不透明,2,2,,,0,是,其他,无,0,否,15,无工具要求,否,否,是,,2,2,斧,需要 Wiki 中明确的完整碰撞体积说明,待查Wiki页面,Wiki衍生数据，未核对原信息框,26.1-snapshot-10,,,
去皮云杉原木,minecraft:stripped_spruce_log,是,斧,否,待核对,是,不透明,2,2,,,0,是,原木或菌柄,无,0,否,15,无工具要求,否,否,是,,2,2,斧,需要 Wiki 中明确的完整碰撞体积说明,待核对 Java 版历史,Wiki衍生数据，部分信息框已核对,26.1-snapshot-10,https://minecraft.wiki/w/Log,18/04/2022 16:01:51,
去皮白桦原木,minecraft:stripped_birch_log,是,斧,否,待核对,是,不透明,2,2,,,0,是,原木或菌柄,无,0,否,15,无工具要求,否,否,是,,2,2,斧,需要 Wiki 中明确的完整碰撞体积说明,待核对 Java 版历史,Wiki衍生数据，部分信息框已核对,26.1-snapshot-10,https://minecraft.wiki/w/Log,18/04/2022 16:01:51,
去皮丛林原木,minecraft:stripped_jungle_log,是,斧,否,待核对,是,不透明,2,2,,,0,是,原木或菌柄,无,0,否,15,无工具要求,否,否,是,,2,2,斧,需要 Wiki 中明确的完整碰撞体积说明,待核对 Java 版历史,Wiki衍生数据，部分信息框已核对,26.1-snapshot-10,https://minecraft.wiki/w/Log,18/04/2022 16:01:51,
去皮金合欢原木,minecraft:stripped_acacia_log,是,斧,否,待核对,是,不透明,2,2,,,0,是,原木或菌柄,无,0,否,15,无工具要求,否,否,是,,2,2,斧,需要 Wiki 中明确的完整碰撞体积说明,待核对 Java 版历史,Wiki衍生数据，部分信息框已核对,26.1-snapshot-10,https://minecraft.wiki/w/Log,18/04/2022 16:01:51,
去皮樱花原木,minecraft:stripped_cherry_log,是,斧,否,待核对,是,不透明,2,2,,,0,是,原木或菌柄,无,0,否,15,无工具要求,否,否,是,,2,2,斧,需要 Wiki 中明确的完整碰撞体积说明,待查Wiki页面,Wiki衍生数据，未核对原信息框,26.1-snapshot-10,,,
去皮深色橡木原木,minecraft:stripped_dark_oak_log,是,斧,否,待核对,是,不透明,2,2,,,0,是,原木或菌柄,无,0,否,15,无工具要求,否,否,是,,2,2,斧,需要 Wiki 中明确的完整碰撞体积说明,待核对 Java 版历史,Wiki衍生数据，部分信息框已核对,26.1-snapshot-10,https://minecraft.wiki/w/Log,18/04/2022 16:01:51,
去皮苍白橡木原木,minecraft:stripped_pale_oak_log,是,斧,否,待核对,是,不透明,2,2,,,0,是,原木或菌柄,无,0,否,15,无工具要求,否,否,是,,2,2,斧,需要 Wiki 中明确的完整碰撞体积说明,待查Wiki页面,Wiki衍生数据，未核对原信息框,26.1-snapshot-10,,,
去皮橡木原木,minecraft:stripped_oak_log,是,斧,否,待核对,是,不透明,2,2,,,0,是,原木或菌柄,无,0,否,15,无工具要求,否,否,是,,2,2,斧,需要 Wiki 中明确的完整碰撞体积说明,待核对 Java 版历史,Wiki衍生数据，部分信息框已核对,26.1-snapshot-10,https://minecraft.wiki/w/Log,18/04/2022 16:01:51,
去皮红树原木,minecraft:stripped_mangrove_log,是,斧,否,待核对,是,不透明,2,2,,,0,是,原木或菌柄,无,0,否,15,无工具要求,否,否,是,,2,2,斧,需要 Wiki 中明确的完整碰撞体积说明,待查Wiki页面,Wiki衍生数据，未核对原信息框,26.1-snapshot-10,,,
去皮竹块,minecraft:stripped_bamboo_block,是,斧,否,待核对,是,不透明,2,2,,,0,是,其他,无,0,否,15,无工具要求,否,否,是,,2,2,斧,需要 Wiki 中明确的完整碰撞体积说明,待查Wiki页面,Wiki衍生数据，未核对原信息框,26.1-snapshot-10,,,
橡木,minecraft:oak_wood,是,斧,否,待核对,是,不透明,2,2,,,0,是,原木或菌柄,无,0,否,15,无工具要求,否,否,是,,2,2,斧,需要 Wiki 中明确的完整碰撞体积说明,待核对 Java 版历史,Wiki衍生数据，部分信息框已核对,26.1-snapshot-10,https://minecraft.wiki/w/Wood,16/04/2022 23:39:37,
云杉木,minecraft:spruce_wood,是,斧,否,待核对,是,不透明,2,2,,,0,是,原木或菌柄,无,0,否,15,无工具要求,否,否,是,,2,2,斧,需要 Wiki 中明确的完整碰撞体积说明,待核对 Java 版历史,Wiki衍生数据，部分信息框已核对,26.1-snapshot-10,https://minecraft.wiki/w/Wood,16/04/2022 23:39:37,
白桦木,minecraft:birch_wood,是,斧,否,待核对,是,不透明,2,2,,,0,是,原木或菌柄,无,0,否,15,无工具要求,否,否,是,,2,2,斧,需要 Wiki 中明确的完整碰撞体积说明,待核对 Java 版历史,Wiki衍生数据，部分信息框已核对,26.1-snapshot-10,https://minecraft.wiki/w/Wood,16/04/2022 23:39:37,
丛林木,minecraft:jungle_wood,是,斧,否,待核对,是,不透明,2,2,,,0,是,原木或菌柄,无,0,否,15,无工具要求,否,否,是,,2,2,斧,需要 Wiki 中明确的完整碰撞体积说明,待核对 Java 版历史,Wiki衍生数据，部分信息框已核对,26.1-snapshot-10,https://minecraft.wiki/w/Wood,16/04/2022 23:39:37,
金合欢木,minecraft:acacia_wood,是,斧,否,待核对,是,不透明,2,2,,,0,是,原木或菌柄,无,0,否,15,无工具要求,否,否,是,,2,2,斧,需要 Wiki 中明确的完整碰撞体积说明,待核对 Java 版历史,Wiki衍生数据，部分信息框已核对,26.1-snapshot-10,https://minecraft.wiki/w/Wood,16/04/2022 23:39:37,
樱花木,minecraft:cherry_wood,是,斧,否,待核对,是,不透明,2,2,,,0,是,原木或菌柄,无,0,否,15,无工具要求,否,否,是,,2,2,斧,需要 Wiki 中明确的完整碰撞体积说明,待查Wiki页面,Wiki衍生数据，未核对原信息框,26.1-snapshot-10,,,
深色橡木,minecraft:dark_oak_wood,是,斧,否,待核对,是,不透明,2,2,,,0,是,原木或菌柄,无,0,否,15,无工具要求,否,否,是,,2,2,斧,需要 Wiki 中明确的完整碰撞体积说明,待核对 Java 版历史,Wiki衍生数据，部分信息框已核对,26.1-snapshot-10,https://minecraft.wiki/w/Wood,16/04/2022 23:39:37,
红树木,minecraft:mangrove_wood,是,斧,否,待核对,是,不透明,2,2,,,0,是,原木或菌柄,无,0,否,15,无工具要求,否,否,是,,2,2,斧,需要 Wiki 中明确的完整碰撞体积说明,待查Wiki页面,Wiki衍生数据，未核对原信息框,26.1-snapshot-10,,,
去皮橡木,minecraft:stripped_oak_wood,是,斧,否,待核对,是,不透明,2,2,,,0,是,原木或菌柄,无,0,否,15,无工具要求,否,否,是,,2,2,斧,需要 Wiki 中明确的完整碰撞体积说明,待核对 Java 版历史,Wiki衍生数据，部分信息框已核对,26.1-snapshot-10,https://minecraft.wiki/w/Wood,16/04/2022 23:39:37,
去皮云杉木,minecraft:stripped_spruce_wood,是,斧,否,待核对,是,不透明,2,2,,,0,是,原木或菌柄,无,0,否,15,无工具要求,否,否,是,,2,2,斧,需要 Wiki 中明确的完整碰撞体积说明,待核对 Java 版历史,Wiki衍生数据，部分信息框已核对,26.1-snapshot-10,https://minecraft.wiki/w/Wood,16/04/2022 23:39:37,
去皮白桦木,minecraft:stripped_birch_wood,是,斧,否,待核对,是,不透明,2,2,,,0,是,原木或菌柄,无,0,否,15,无工具要求,否,否,是,,2,2,斧,需要 Wiki 中明确的完整碰撞体积说明,待核对 Java 版历史,Wiki衍生数据，部分信息框已核对,26.1-snapshot-10,https://minecraft.wiki/w/Wood,16/04/2022 23:39:37,
去皮丛林木,minecraft:stripped_jungle_wood,是,斧,否,待核对,是,不透明,2,2,,,0,是,原木或菌柄,无,0,否,15,无工具要求,否,否,是,,2,2,斧,需要 Wiki 中明确的完整碰撞体积说明,待核对 Java 版历史,Wiki衍生数据，部分信息框已核对,26.1-snapshot-10,https://minecraft.wiki/w/Wood,16/04/2022 23:39:37,
去皮金合欢木,minecraft:stripped_acacia_wood,是,斧,否,待核对,是,不透明,2,2,,,0,是,原木或菌柄,无,0,否,15,无工具要求,否,否,是,,2,2,斧,需要 Wiki 中明确的完整碰撞体积说明,待核对 Java 版历史,Wiki衍生数据，部分信息框已核对,26.1-snapshot-10,https://minecraft.wiki/w/Wood,16/04/2022 23:39:37,
去皮樱花木,minecraft:stripped_cherry_wood,是,斧,否,待核对,是,不透明,2,2,,,0,是,原木或菌柄,无,0,否,15,无工具要求,否,否,是,,2,2,斧,需要 Wiki 中明确的完整碰撞体积说明,待查Wiki页面,Wiki衍生数据，未核对原信息框,26.1-snapshot-10,,,
去皮深色橡木,minecraft:stripped_dark_oak_wood,是,斧,否,待核对,是,不透明,2,2,,,0,是,原木或菌柄,无,0,否,15,无工具要求,否,否,是,,2,2,斧,需要 Wiki 中明确的完整碰撞体积说明,待核对 Java 版历史,Wiki衍生数据，部分信息框已核对,26.1-snapshot-10,https://minecraft.wiki/w/Wood,16/04/2022 23:39:37,
去皮苍白橡木,minecraft:stripped_pale_oak_wood,是,斧,否,待核对,是,不透明,2,2,,,0,是,原木或菌柄,无,0,否,15,无工具要求,否,否,是,,2,2,斧,需要 Wiki 中明确的完整碰撞体积说明,待查Wiki页面,Wiki衍生数据，未核对原信息框,26.1-snapshot-10,,,
去皮红树木,minecraft:stripped_mangrove_wood,是,斧,否,待核对,是,不透明,2,2,,,0,是,原木或菌柄,无,0,否,15,无工具要求,否,否,是,,2,2,斧,需要 Wiki 中明确的完整碰撞体积说明,待查Wiki页面,Wiki衍生数据，未核对原信息框,26.1-snapshot-10,,,
橡树树叶,minecraft:oak_leaves,是,剪刀；锄,否,是,是,部分透明,0.2,0.2,,,0,是,树叶,无,0,是,1,无工具要求,是,否,是,,0.2,0.2,锄；剪刀,按用户确认口径：玻璃、树叶的完整碰撞体积,待核对 Java 版历史,Wiki衍生数据，部分信息框已核对,26.1-snapshot-10,https://minecraft.wiki/w/Leaves,18/04/2022 15:57:59,
云杉树叶,minecraft:spruce_leaves,是,剪刀；锄,否,是,是,部分透明,0.2,0.2,Beta 1.2,1.0.0,0,是,树叶,无,0,是,1,无工具要求,是,否,是,,0.2,0.2,锄；剪刀,按用户确认口径：玻璃、树叶的完整碰撞体积,页面历史中的明确加入记录,Wiki衍生数据，部分信息框已核对,26.1-snapshot-10,https://minecraft.wiki/w/Leaves,18/04/2022 15:57:59,
白桦树叶,minecraft:birch_leaves,是,剪刀；锄,否,是,是,部分透明,0.2,0.2,,,0,是,树叶,无,0,是,1,无工具要求,是,否,是,,0.2,0.2,锄；剪刀,按用户确认口径：玻璃、树叶的完整碰撞体积,待核对 Java 版历史,Wiki衍生数据，部分信息框已核对,26.1-snapshot-10,https://minecraft.wiki/w/Leaves,18/04/2022 15:57:59,
丛林树叶,minecraft:jungle_leaves,是,剪刀；锄,否,是,是,部分透明,0.2,0.2,12w03a,1.2.1,0,是,树叶,无,0,是,1,无工具要求,是,否,是,,0.2,0.2,锄；剪刀,按用户确认口径：玻璃、树叶的完整碰撞体积,页面历史中的明确加入记录,Wiki衍生数据，部分信息框已核对,26.1-snapshot-10,https://minecraft.wiki/w/Leaves,18/04/2022 15:57:59,
金合欢树叶,minecraft:acacia_leaves,是,剪刀；锄,否,是,是,部分透明,0.2,0.2,,,0,是,树叶,无,0,是,1,无工具要求,是,否,是,,0.2,0.2,锄；剪刀,按用户确认口径：玻璃、树叶的完整碰撞体积,待核对 Java 版历史,Wiki衍生数据，部分信息框已核对,26.1-snapshot-10,https://minecraft.wiki/w/Leaves,18/04/2022 15:57:59,
樱花树叶,minecraft:cherry_leaves,是,剪刀；锄,否,是,是,部分透明,0.2,0.2,,,0,是,树叶,无,0,是,1,无工具要求,是,否,是,,0.2,0.2,锄；剪刀,按用户确认口径：玻璃、树叶的完整碰撞体积,待查Wiki页面,Wiki衍生数据，未核对原信息框,26.1-snapshot-10,,,
深色橡树树叶,minecraft:dark_oak_leaves,是,剪刀；锄,否,是,是,部分透明,0.2,0.2,13w43a,1.7.2,0,是,树叶,无,0,是,1,无工具要求,是,否,是,,0.2,0.2,锄；剪刀,按用户确认口径：玻璃、树叶的完整碰撞体积,页面历史中的明确加入记录,Wiki衍生数据，部分信息框已核对,26.1-snapshot-10,https://minecraft.wiki/w/Leaves,18/04/2022 15:57:59,
苍白橡树树叶,minecraft:pale_oak_leaves,是,剪刀；锄,否,是,是,部分透明,0.2,0.2,,,0,是,树叶,无,0,是,1,无工具要求,是,否,是,,0.2,0.2,锄；剪刀,按用户确认口径：玻璃、树叶的完整碰撞体积,待查Wiki页面,Wiki衍生数据，未核对原信息框,26.1-snapshot-10,,,
红树树叶,minecraft:mangrove_leaves,是,剪刀；锄,否,是,是,部分透明,0.2,0.2,,,0,是,树叶,无,0,是,1,无工具要求,是,否,是,,0.2,0.2,锄；剪刀,按用户确认口径：玻璃、树叶的完整碰撞体积,待查Wiki页面,Wiki衍生数据，未核对原信息框,26.1-snapshot-10,,,
杜鹃树叶,minecraft:azalea_leaves,是,剪刀；锄,否,是,是,部分透明,0.2,0.2,,,0,是,树叶,无,0,是,1,无工具要求,是,否,是,,0.2,0.2,锄；剪刀,按用户确认口径：玻璃、树叶的完整碰撞体积,待核对 Java 版历史,Wiki衍生数据，部分信息框已核对,26.1-snapshot-10,https://minecraft.wiki/w/Leaves,18/04/2022 15:57:59,
盛开的杜鹃树叶,minecraft:flowering_azalea_leaves,是,剪刀；锄,否,是,是,部分透明,0.2,0.2,21w05a,1.17,0,是,树叶,无,0,是,1,无工具要求,是,否,是,,0.2,0.2,锄；剪刀,按用户确认口径：玻璃、树叶的完整碰撞体积,页面历史中的明确加入记录,Wiki衍生数据，部分信息框已核对,26.1-snapshot-10,https://minecraft.wiki/w/Leaves,18/04/2022 15:57:59,
海绵,minecraft:sponge,否,锄,否,待核对,否,不透明,0.6,0.6,Classic 0.0.19a,1.0.0,0,否,其他,无,0,否,15,无工具要求,否,否,是,,0.6,0.6,锄,需要 Wiki 中明确的完整碰撞体积说明,页面历史中的明确加入记录,Wiki衍生数据，部分信息框已核对,26.1-snapshot-10,https://minecraft.wiki/w/Sponge,18/04/2022 16:01:03,
湿海绵,minecraft:wet_sponge,否,锄,否,待核对,否,不透明,0.6,0.6,14w25a,1.8,0,否,其他,无,0,否,15,无工具要求,否,否,是,,0.6,0.6,锄,需要 Wiki 中明确的完整碰撞体积说明,页面历史中的明确加入记录,Wiki衍生数据，部分信息框已核对,26.1-snapshot-10,https://minecraft.wiki/w/Sponge,18/04/2022 16:01:03,
玻璃,minecraft:glass,是,任意工具或徒手,否,是,否,透明,0.3,0.3,Classic 0.0.19a,1.0.0,0,否,其他,无,0,是,0,无工具要求,否,否,是,,0.3,0.3,无专用工具,按用户确认口径：玻璃、树叶的完整碰撞体积,页面历史中的明确加入记录,Wiki衍生数据，部分信息框已核对,26.1-snapshot-10,https://minecraft.wiki/w/Glass,17/04/2022 00:56:38,
青金石矿石,minecraft:lapis_ore,否,镐,否,待核对,否,不透明,3,3,Beta 1.2,1.0.0,0,否,其他,无,0,否,15,石或铜级及以上（金除外）,否,否,是,,3,3,镐,需要 Wiki 中明确的完整碰撞体积说明,页面历史中的明确加入记录,Wiki衍生数据，部分信息框已核对,26.1-snapshot-10,https://minecraft.wiki/w/Lapis_Lazuli_Ore,17/04/2022 00:03:41,
深层青金石矿石,minecraft:deepslate_lapis_ore,否,镐,否,待核对,否,不透明,3,4.5,,,0,否,其他,无,0,否,15,石或铜级及以上（金除外）,否,否,是,,4.5,3,镐,需要 Wiki 中明确的完整碰撞体积说明,待核对 Java 版历史,Wiki衍生数据，部分信息框已核对,26.1-snapshot-10,https://minecraft.wiki/w/Lapis_Lazuli_Ore,17/04/2022 00:03:41,
青金石块,minecraft:lapis_block,是,镐,否,待核对,否,不透明,3,3,,,0,否,其他,无,0,否,15,石或铜级及以上（金除外）,否,否,是,,3,3,镐,需要 Wiki 中明确的完整碰撞体积说明,待核对 Java 版历史,Wiki衍生数据，部分信息框已核对,26.1-snapshot-10,https://minecraft.wiki/w/Block_of_Lapis_Lazuli,17/04/2022 03:29:20,
发射器,minecraft:dispenser,是,镐,否,待核对,否,不透明,3.5,3.5,Beta 1.2,1.0.0,0,否,其他,无,0,否,15,木级及以上（含金）,否,否,是,,3.5,3.5,镐,需要 Wiki 中明确的完整碰撞体积说明,页面历史中的明确加入记录,Wiki衍生数据，部分信息框已核对,26.1-snapshot-10,https://minecraft.wiki/w/Dispenser,18/04/2022 15:28:24,
砂岩,minecraft:sandstone,是,镐,否,待核对,否,不透明,0.8,0.8,Beta 1.2,1.0.0,0,否,其他,无,0,否,15,木级及以上（含金）,否,否,是,,0.8,0.8,镐,需要 Wiki 中明确的完整碰撞体积说明,页面历史中的明确加入记录,Wiki衍生数据，部分信息框已核对,26.1-snapshot-10,https://minecraft.wiki/w/Sandstone,18/04/2022 15:34:54,
雕纹砂岩,minecraft:chiseled_sandstone,是,镐,否,待核对,否,不透明,0.8,0.8,,,0,否,其他,无,0,否,15,木级及以上（含金）,否,否,是,,0.8,0.8,镐,需要 Wiki 中明确的完整碰撞体积说明,待核对 Java 版历史,Wiki衍生数据，部分信息框已核对,26.1-snapshot-10,https://minecraft.wiki/w/Sandstone,18/04/2022 15:34:54,
切制砂岩,minecraft:cut_sandstone,是,镐,否,待核对,否,不透明,0.8,0.8,,,0,否,其他,无,0,否,15,木级及以上（含金）,否,否,是,,0.8,0.8,镐,需要 Wiki 中明确的完整碰撞体积说明,待核对 Java 版历史,Wiki衍生数据，部分信息框已核对,26.1-snapshot-10,https://minecraft.wiki/w/Sandstone,18/04/2022 15:34:54,
音符盒,minecraft:note_block,是,斧,否,待核对,否,不透明,0.8,0.8,Beta 1.2,1.0.0,0,是,其他,无,0,否,15,无工具要求,否,否,是,,0.8,0.8,斧,需要 Wiki 中明确的完整碰撞体积说明,页面历史中的明确加入记录,Wiki衍生数据，部分信息框已核对,26.1-snapshot-10,https://minecraft.wiki/w/Note_Block,18/04/2022 14:59:19,
白色床,minecraft:white_bed,是,任意工具或徒手,否,否,否,透明,0.2,0.2,17w15a,1.12,0,是,床,白色,0,是,0,无工具要求,否,否,是,,0.2,0.2,无专用工具,Wiki 形状或非标准高度说明；按该类几何形状分类,新增染色床的记录,Wiki衍生数据，部分信息框已核对,26.1-snapshot-10,https://minecraft.wiki/w/Bed,18/04/2022 15:22:24,
橙色床,minecraft:orange_bed,是,任意工具或徒手,否,否,否,透明,0.2,0.2,17w15a,1.12,0,是,床,橙色,0,是,0,无工具要求,否,否,是,,0.2,0.2,无专用工具,Wiki 形状或非标准高度说明；按该类几何形状分类,新增染色床的记录,Wiki衍生数据，部分信息框已核对,26.1-snapshot-10,https://minecraft.wiki/w/Bed,18/04/2022 15:22:24,
品红色床,minecraft:magenta_bed,是,任意工具或徒手,否,否,否,透明,0.2,0.2,17w15a,1.12,0,是,床,品红色,0,是,0,无工具要求,否,否,是,,0.2,0.2,无专用工具,Wiki 形状或非标准高度说明；按该类几何形状分类,新增染色床的记录,Wiki衍生数据，部分信息框已核对,26.1-snapshot-10,https://minecraft.wiki/w/Bed,18/04/2022 15:22:24,
淡蓝色床,minecraft:light_blue_bed,是,任意工具或徒手,否,否,否,透明,0.2,0.2,17w15a,1.12,0,是,床,淡蓝色,0,是,0,无工具要求,否,否,是,,0.2,0.2,无专用工具,Wiki 形状或非标准高度说明；按该类几何形状分类,新增染色床的记录,Wiki衍生数据，部分信息框已核对,26.1-snapshot-10,https://minecraft.wiki/w/Bed,18/04/2022 15:22:24,
黄色床,minecraft:yellow_bed,是,任意工具或徒手,否,否,否,透明,0.2,0.2,17w15a,1.12,0,是,床,黄色,0,是,0,无工具要求,否,否,是,,0.2,0.2,无专用工具,Wiki 形状或非标准高度说明；按该类几何形状分类,新增染色床的记录,Wiki衍生数据，部分信息框已核对,26.1-snapshot-10,https://minecraft.wiki/w/Bed,18/04/2022 15:22:24,
黄绿色床,minecraft:lime_bed,是,任意工具或徒手,否,否,否,透明,0.2,0.2,17w15a,1.12,0,是,床,黄绿色,0,是,0,无工具要求,否,否,是,,0.2,0.2,无专用工具,Wiki 形状或非标准高度说明；按该类几何形状分类,新增染色床的记录,Wiki衍生数据，部分信息框已核对,26.1-snapshot-10,https://minecraft.wiki/w/Bed,18/04/2022 15:22:24,
粉红色床,minecraft:pink_bed,是,任意工具或徒手,否,否,否,透明,0.2,0.2,17w15a,1.12,0,是,床,粉红色,0,是,0,无工具要求,否,否,是,,0.2,0.2,无专用工具,Wiki 形状或非标准高度说明；按该类几何形状分类,新增染色床的记录,Wiki衍生数据，部分信息框已核对,26.1-snapshot-10,https://minecraft.wiki/w/Bed,18/04/2022 15:22:24,
灰色床,minecraft:gray_bed,是,任意工具或徒手,否,否,否,透明,0.2,0.2,17w15a,1.12,0,是,床,灰色,0,是,0,无工具要求,否,否,是,,0.2,0.2,无专用工具,Wiki 形状或非标准高度说明；按该类几何形状分类,新增染色床的记录,Wiki衍生数据，部分信息框已核对,26.1-snapshot-10,https://minecraft.wiki/w/Bed,18/04/2022 15:22:24,
淡灰色床,minecraft:light_gray_bed,是,任意工具或徒手,否,否,否,透明,0.2,0.2,17w15a,1.12,0,是,床,淡灰色,0,是,0,无工具要求,否,否,是,,0.2,0.2,无专用工具,Wiki 形状或非标准高度说明；按该类几何形状分类,新增染色床的记录,Wiki衍生数据，部分信息框已核对,26.1-snapshot-10,https://minecraft.wiki/w/Bed,18/04/2022 15:22:24,
青色床,minecraft:cyan_bed,是,任意工具或徒手,否,否,否,透明,0.2,0.2,17w15a,1.12,0,是,床,青色,0,是,0,无工具要求,否,否,是,,0.2,0.2,无专用工具,Wiki 形状或非标准高度说明；按该类几何形状分类,新增染色床的记录,Wiki衍生数据，部分信息框已核对,26.1-snapshot-10,https://minecraft.wiki/w/Bed,18/04/2022 15:22:24,
紫色床,minecraft:purple_bed,是,任意工具或徒手,否,否,否,透明,0.2,0.2,17w15a,1.12,0,是,床,紫色,0,是,0,无工具要求,否,否,是,,0.2,0.2,无专用工具,Wiki 形状或非标准高度说明；按该类几何形状分类,新增染色床的记录,Wiki衍生数据，部分信息框已核对,26.1-snapshot-10,https://minecraft.wiki/w/Bed,18/04/2022 15:22:24,
蓝色床,minecraft:blue_bed,是,任意工具或徒手,否,否,否,透明,0.2,0.2,17w15a,1.12,0,是,床,蓝色,0,是,0,无工具要求,否,否,是,,0.2,0.2,无专用工具,Wiki 形状或非标准高度说明；按该类几何形状分类,新增染色床的记录,Wiki衍生数据，部分信息框已核对,26.1-snapshot-10,https://minecraft.wiki/w/Bed,18/04/2022 15:22:24,
棕色床,minecraft:brown_bed,是,任意工具或徒手,否,否,否,透明,0.2,0.2,17w15a,1.12,0,是,床,棕色,0,是,0,无工具要求,否,否,是,,0.2,0.2,无专用工具,Wiki 形状或非标准高度说明；按该类几何形状分类,新增染色床的记录,Wiki衍生数据，部分信息框已核对,26.1-snapshot-10,https://minecraft.wiki/w/Bed,18/04/2022 15:22:24,
绿色床,minecraft:green_bed,是,任意工具或徒手,否,否,否,透明,0.2,0.2,17w15a,1.12,0,是,床,绿色,0,是,0,无工具要求,否,否,是,,0.2,0.2,无专用工具,Wiki 形状或非标准高度说明；按该类几何形状分类,新增染色床的记录,Wiki衍生数据，部分信息框已核对,26.1-snapshot-10,https://minecraft.wiki/w/Bed,18/04/2022 15:22:24,
红色床,minecraft:red_bed,是,任意工具或徒手,否,否,否,透明,0.2,0.2,Beta 1.3,1.0.0,0,是,床,红色,0,是,0,无工具要求,否,否,是,,0.2,0.2,无专用工具,Wiki 形状或非标准高度说明；按该类几何形状分类,红色床的原始加入记录,Wiki衍生数据，部分信息框已核对,26.1-snapshot-10,https://minecraft.wiki/w/Bed,18/04/2022 15:22:24,
黑色床,minecraft:black_bed,是,任意工具或徒手,否,否,否,透明,0.2,0.2,17w15a,1.12,0,是,床,黑色,0,是,0,无工具要求,否,否,是,,0.2,0.2,无专用工具,Wiki 形状或非标准高度说明；按该类几何形状分类,新增染色床的记录,Wiki衍生数据，部分信息框已核对,26.1-snapshot-10,https://minecraft.wiki/w/Bed,18/04/2022 15:22:24,
动力铁轨,minecraft:powered_rail,是,镐,否,否,否,透明,0.7,0.7,Beta 1.5,1.0.0,0,否,铁轨,无,0,是,0,无工具要求,是,否,是,,0.7,0.7,镐,Wiki 形状或非标准高度说明；按该类几何形状分类,页面历史中的明确加入记录,Wiki衍生数据，部分信息框已核对,26.1-snapshot-10,https://minecraft.wiki/w/Powered_Rail,17/04/2022 01:17:31,
探测铁轨,minecraft:detector_rail,是,镐,否,否,否,透明,0.7,0.7,Beta 1.5,1.0.0,0,否,铁轨,无,0,是,0,无工具要求,是,否,是,,0.7,0.7,镐,Wiki 形状或非标准高度说明；按该类几何形状分类,页面历史中的明确加入记录,Wiki衍生数据，部分信息框已核对,26.1-snapshot-10,https://minecraft.wiki/w/Detector_Rail,17/04/2022 01:42:22,
黏性活塞,minecraft:sticky_piston,是,镐,否,待核对,否,不透明,1.5,1.5,Beta 1.7,1.0.0,0,否,其他,无,0,否,15,无工具要求,否,否,是,,1.5,1.5,镐,需要 Wiki 中明确的完整碰撞体积说明,页面历史中的明确加入记录,Wiki衍生数据，部分信息框已核对,26.1-snapshot-10,https://minecraft.wiki/w/Piston,18/04/2022 16:04:10,2022信息框的爆炸抗性与较新资料不同
蜘蛛网,minecraft:cobweb,待核对,剪刀；剑,否,待核对,否,部分透明,4,4,Beta 1.5,1.0.0,0,否,其他,无,0,是,1,剑或剪刀,否,否,是,,4,4,剑；剪刀,需要 Wiki 中明确的完整碰撞体积说明,页面历史中的明确加入记录,Wiki衍生数据，部分信息框已核对,26.1-snapshot-10,https://minecraft.wiki/w/Cobweb,17/04/2022 06:35:28,2022信息框的可再生性与较新资料不同
矮草丛,minecraft:short_grass,是,剪刀,否,待核对,是,透明,0,0,Beta 1.6,1.0.0,0,是,其他,无,0,是,0,无工具要求,否,否,是,,0,0,无专用工具,需要 Wiki 中明确的完整碰撞体积说明,页面历史中的明确加入记录,Wiki衍生数据，部分信息框已核对,26.1-snapshot-10,https://minecraft.wiki/w/Grass,18/04/2022 15:17:06,
蕨,minecraft:fern,是,剪刀,否,待核对,否,透明,0,0,Beta 1.6,1.0.0,0,待核对,其他,无,0,是,0,无工具要求,否,否,是,,0,0,无专用工具,需要 Wiki 中明确的完整碰撞体积说明,页面历史中的明确加入记录,Wiki衍生数据，部分信息框已核对,26.1-snapshot-10,https://minecraft.wiki/w/Grass,18/04/2022 15:17:06,2022信息框的熔岩引火与较新资料不同
枯萎的灌木,minecraft:dead_bush,待核对,剪刀,否,待核对,是,透明,0,0,,,0,是,其他,无,0,是,0,无工具要求,否,否,是,,0,0,无专用工具,需要 Wiki 中明确的完整碰撞体积说明,待核对 Java 版历史,Wiki衍生数据，部分信息框已核对,26.1-snapshot-10,https://minecraft.wiki/w/Dead_Bush,17/04/2022 00:18:07,2022信息框的可再生性与较新资料不同
灌木丛,minecraft:bush,是,剪刀,否,待核对,是,透明,0,0,,,0,是,其他,无,0,是,0,无工具要求,否,否,是,,0,0,无专用工具,需要 Wiki 中明确的完整碰撞体积说明,待核对 Java 版历史,Wiki衍生数据，未核对原信息框,26.1-snapshot-10,https://minecraft.wiki/w/Bush,17/04/2022 00:54:32,
矮枯草丛,minecraft:short_dry_grass,是,剪刀,否,待核对,是,透明,0,0,,,0,是,其他,无,0,是,0,无工具要求,否,否,是,,0,0,无专用工具,需要 Wiki 中明确的完整碰撞体积说明,待查Wiki页面,Wiki衍生数据，未核对原信息框,26.1-snapshot-10,,,
高枯草丛,minecraft:tall_dry_grass,是,剪刀,否,待核对,是,透明,0,0,,,0,是,其他,无,0,是,0,无工具要求,否,否,是,,0,0,无专用工具,需要 Wiki 中明确的完整碰撞体积说明,待查Wiki页面,Wiki衍生数据，未核对原信息框,26.1-snapshot-10,,,
海草,minecraft:seagrass,是,剪刀,否,待核对,否,透明,0,0,,,0,否,其他,无,0,是,1,无工具要求,否,否,是,,0,0,无专用工具,需要 Wiki 中明确的完整碰撞体积说明,待核对 Java 版历史,Wiki衍生数据，部分信息框已核对,26.1-snapshot-10,https://minecraft.wiki/w/Seagrass,18/04/2022 15:16:40,
高海草,minecraft:tall_seagrass,是,待核对,否,待核对,否,待核对,0,0,,,0,否,其他,无,0,是,1,无工具要求,否,否,否,无独立同名方块物品的放置形态,0,0,无专用工具,需要 Wiki 中明确的完整碰撞体积说明,待核对 Java 版历史,Wiki离线信息框,2022年4月离线Wiki,https://minecraft.wiki/w/Seagrass,18/04/2022 15:16:40,
活塞,minecraft:piston,是,镐,否,待核对,否,不透明,1.5,1.5,Beta 1.7,1.0.0,0,否,其他,无,0,否,15,无工具要求,否,否,是,,1.5,1.5,镐,需要 Wiki 中明确的完整碰撞体积说明,页面历史中的明确加入记录,Wiki衍生数据，部分信息框已核对,26.1-snapshot-10,https://minecraft.wiki/w/Piston,18/04/2022 16:04:10,2022信息框的爆炸抗性与较新资料不同
活塞头,minecraft:piston_head,是,待核对,否,否,否,待核对,0.5,1.5,,,0,否,其他,无,0,否,0,无工具要求,否,否,否,空气或技术方块,1.5,1.5,镐,Wiki Solid block 页的头颅非标准高度、宽度说明,待核对 Java 版历史,Wiki离线信息框,2022年4月离线Wiki,https://minecraft.wiki/w/Piston,18/04/2022 16:04:10,
白色羊毛,minecraft:white_wool,是,剪刀,否,待核对,是,不透明,0.8,0.8,Classic 0.0.20a,1.0.0,0,是,羊毛,白色,0,否,15,无工具要求,否,否,是,,0.8,0.8,剪刀,需要 Wiki 中明确的完整碰撞体积说明,白色羊毛的原始布料记录,Wiki衍生数据，部分信息框已核对,26.1-snapshot-10,https://minecraft.wiki/w/Wool,18/04/2022 16:14:16,
橙色羊毛,minecraft:orange_wool,是,剪刀,否,待核对,是,不透明,0.8,0.8,Beta 1.2,1.0.0,0,是,羊毛,橙色,0,否,15,无工具要求,否,否,是,,0.8,0.8,剪刀,需要 Wiki 中明确的完整碰撞体积说明,当前染色羊毛系列重新加入的记录,Wiki衍生数据，部分信息框已核对,26.1-snapshot-10,https://minecraft.wiki/w/Wool,18/04/2022 16:14:16,
品红色羊毛,minecraft:magenta_wool,是,剪刀,否,待核对,是,不透明,0.8,0.8,Beta 1.2,1.0.0,0,是,羊毛,品红色,0,否,15,无工具要求,否,否,是,,0.8,0.8,剪刀,需要 Wiki 中明确的完整碰撞体积说明,当前染色羊毛系列重新加入的记录,Wiki衍生数据，部分信息框已核对,26.1-snapshot-10,https://minecraft.wiki/w/Wool,18/04/2022 16:14:16,
淡蓝色羊毛,minecraft:light_blue_wool,是,剪刀,否,待核对,是,不透明,0.8,0.8,Beta 1.2,1.0.0,0,是,羊毛,淡蓝色,0,否,15,无工具要求,否,否,是,,0.8,0.8,剪刀,需要 Wiki 中明确的完整碰撞体积说明,当前染色羊毛系列重新加入的记录,Wiki衍生数据，部分信息框已核对,26.1-snapshot-10,https://minecraft.wiki/w/Wool,18/04/2022 16:14:16,
黄色羊毛,minecraft:yellow_wool,是,剪刀,否,待核对,是,不透明,0.8,0.8,Beta 1.2,1.0.0,0,是,羊毛,黄色,0,否,15,无工具要求,否,否,是,,0.8,0.8,剪刀,需要 Wiki 中明确的完整碰撞体积说明,当前染色羊毛系列重新加入的记录,Wiki衍生数据，部分信息框已核对,26.1-snapshot-10,https://minecraft.wiki/w/Wool,18/04/2022 16:14:16,
黄绿色羊毛,minecraft:lime_wool,是,剪刀,否,待核对,是,不透明,0.8,0.8,Beta 1.2,1.0.0,0,是,羊毛,黄绿色,0,否,15,无工具要求,否,否,是,,0.8,0.8,剪刀,需要 Wiki 中明确的完整碰撞体积说明,当前染色羊毛系列重新加入的记录,Wiki衍生数据，部分信息框已核对,26.1-snapshot-10,https://minecraft.wiki/w/Wool,18/04/2022 16:14:16,
粉红色羊毛,minecraft:pink_wool,是,剪刀,否,待核对,是,不透明,0.8,0.8,Beta 1.2,1.0.0,0,是,羊毛,粉红色,0,否,15,无工具要求,否,否,是,,0.8,0.8,剪刀,需要 Wiki 中明确的完整碰撞体积说明,当前染色羊毛系列重新加入的记录,Wiki衍生数据，部分信息框已核对,26.1-snapshot-10,https://minecraft.wiki/w/Wool,18/04/2022 16:14:16,
灰色羊毛,minecraft:gray_wool,是,剪刀,否,待核对,是,不透明,0.8,0.8,Beta 1.2,1.0.0,0,是,羊毛,灰色,0,否,15,无工具要求,否,否,是,,0.8,0.8,剪刀,需要 Wiki 中明确的完整碰撞体积说明,当前染色羊毛系列重新加入的记录,Wiki衍生数据，部分信息框已核对,26.1-snapshot-10,https://minecraft.wiki/w/Wool,18/04/2022 16:14:16,
淡灰色羊毛,minecraft:light_gray_wool,是,剪刀,否,待核对,是,不透明,0.8,0.8,Beta 1.2,1.0.0,0,是,羊毛,淡灰色,0,否,15,无工具要求,否,否,是,,0.8,0.8,剪刀,需要 Wiki 中明确的完整碰撞体积说明,当前染色羊毛系列重新加入的记录,Wiki衍生数据，部分信息框已核对,26.1-snapshot-10,https://minecraft.wiki/w/Wool,18/04/2022 16:14:16,
青色羊毛,minecraft:cyan_wool,是,剪刀,否,待核对,是,不透明,0.8,0.8,Beta 1.2,1.0.0,0,是,羊毛,青色,0,否,15,无工具要求,否,否,是,,0.8,0.8,剪刀,需要 Wiki 中明确的完整碰撞体积说明,当前染色羊毛系列重新加入的记录,Wiki衍生数据，部分信息框已核对,26.1-snapshot-10,https://minecraft.wiki/w/Wool,18/04/2022 16:14:16,
紫色羊毛,minecraft:purple_wool,是,剪刀,否,待核对,是,不透明,0.8,0.8,Beta 1.2,1.0.0,0,是,羊毛,紫色,0,否,15,无工具要求,否,否,是,,0.8,0.8,剪刀,需要 Wiki 中明确的完整碰撞体积说明,当前染色羊毛系列重新加入的记录,Wiki衍生数据，部分信息框已核对,26.1-snapshot-10,https://minecraft.wiki/w/Wool,18/04/2022 16:14:16,
蓝色羊毛,minecraft:blue_wool,是,剪刀,否,待核对,是,不透明,0.8,0.8,Beta 1.2,1.0.0,0,是,羊毛,蓝色,0,否,15,无工具要求,否,否,是,,0.8,0.8,剪刀,需要 Wiki 中明确的完整碰撞体积说明,当前染色羊毛系列重新加入的记录,Wiki衍生数据，部分信息框已核对,26.1-snapshot-10,https://minecraft.wiki/w/Wool,18/04/2022 16:14:16,
棕色羊毛,minecraft:brown_wool,是,剪刀,否,待核对,是,不透明,0.8,0.8,Beta 1.2,1.0.0,0,是,羊毛,棕色,0,否,15,无工具要求,否,否,是,,0.8,0.8,剪刀,需要 Wiki 中明确的完整碰撞体积说明,当前染色羊毛系列重新加入的记录,Wiki衍生数据，部分信息框已核对,26.1-snapshot-10,https://minecraft.wiki/w/Wool,18/04/2022 16:14:16,
绿色羊毛,minecraft:green_wool,是,剪刀,否,待核对,是,不透明,0.8,0.8,Beta 1.2,1.0.0,0,是,羊毛,绿色,0,否,15,无工具要求,否,否,是,,0.8,0.8,剪刀,需要 Wiki 中明确的完整碰撞体积说明,当前染色羊毛系列重新加入的记录,Wiki衍生数据，部分信息框已核对,26.1-snapshot-10,https://minecraft.wiki/w/Wool,18/04/2022 16:14:16,
红色羊毛,minecraft:red_wool,是,剪刀,否,待核对,是,不透明,0.8,0.8,Beta 1.2,1.0.0,0,是,羊毛,红色,0,否,15,无工具要求,否,否,是,,0.8,0.8,剪刀,需要 Wiki 中明确的完整碰撞体积说明,当前染色羊毛系列重新加入的记录,Wiki衍生数据，部分信息框已核对,26.1-snapshot-10,https://minecraft.wiki/w/Wool,18/04/2022 16:14:16,
黑色羊毛,minecraft:black_wool,是,剪刀,否,待核对,是,不透明,0.8,0.8,Beta 1.2,1.0.0,0,是,羊毛,黑色,0,否,15,无工具要求,否,否,是,,0.8,0.8,剪刀,需要 Wiki 中明确的完整碰撞体积说明,当前染色羊毛系列重新加入的记录,Wiki衍生数据，部分信息框已核对,26.1-snapshot-10,https://minecraft.wiki/w/Wool,18/04/2022 16:14:16,
移动的活塞,minecraft:moving_piston,是,待核对,否,待核对,否,待核对,0.5,1.5,,,0,否,其他,无,0,是,0,不适用,否,否,否,空气或技术方块,-1,0,无专用工具,需要 Wiki 中明确的完整碰撞体积说明,待核对 Java 版历史,Wiki离线信息框,2022年4月离线Wiki,https://minecraft.wiki/w/Piston,18/04/2022 16:04:10,
蒲公英,minecraft:dandelion,是,任意工具或徒手,否,待核对,是,透明,0,0,Classic 0.0.20a,1.0.0,0,否,花,无,0,是,0,无工具要求,否,否,是,,0,0,无专用工具,需要 Wiki 中明确的完整碰撞体积说明,页面历史中的明确加入记录,Wiki衍生数据，部分信息框已核对,26.1-snapshot-10,https://minecraft.wiki/w/Flower,18/04/2022 15:59:08,
金蒲公英,minecraft:golden_dandelion,是,任意工具或徒手,否,待核对,是,透明,0,0,,,0,否,花,无,0,是,0,无工具要求,否,否,是,,0,0,无专用工具,需要 Wiki 中明确的完整碰撞体积说明,待查Wiki页面,Wiki衍生数据，未核对原信息框,26.1-snapshot-10,,,
火把花,minecraft:torchflower,是,任意工具或徒手,否,待核对,是,透明,0,0,,,0,否,花,无,0,是,0,无工具要求,否,否,是,,0,0,无专用工具,需要 Wiki 中明确的完整碰撞体积说明,待查Wiki页面,Wiki衍生数据，未核对原信息框,26.1-snapshot-10,,,
虞美人,minecraft:poppy,是,任意工具或徒手,否,待核对,是,透明,0,0,,,0,否,花,无,0,是,0,无工具要求,否,否,是,,0,0,无专用工具,需要 Wiki 中明确的完整碰撞体积说明,待核对 Java 版历史,Wiki衍生数据，部分信息框已核对,26.1-snapshot-10,https://minecraft.wiki/w/Flower,18/04/2022 15:59:08,
兰花,minecraft:blue_orchid,是,任意工具或徒手,否,待核对,是,不透明,0,0,,,0,否,花,无,0,是,0,无工具要求,否,否,是,,0,0,无专用工具,需要 Wiki 中明确的完整碰撞体积说明,待核对 Java 版历史,Wiki衍生数据，部分信息框已核对,26.1-snapshot-10,https://minecraft.wiki/w/Flower,18/04/2022 15:59:08,
绒球葱,minecraft:allium,是,任意工具或徒手,否,待核对,是,透明,0,0,,,0,否,花,无,0,是,0,无工具要求,否,否,是,,0,0,无专用工具,需要 Wiki 中明确的完整碰撞体积说明,待核对 Java 版历史,Wiki衍生数据，部分信息框已核对,26.1-snapshot-10,https://minecraft.wiki/w/Flower,18/04/2022 15:59:08,
蓝花美耳草,minecraft:azure_bluet,是,任意工具或徒手,否,待核对,是,透明,0,0,,,0,否,花,无,0,是,0,无工具要求,否,否,是,,0,0,无专用工具,需要 Wiki 中明确的完整碰撞体积说明,待核对 Java 版历史,Wiki衍生数据，部分信息框已核对,26.1-snapshot-10,https://minecraft.wiki/w/Flower,18/04/2022 15:59:08,
红色郁金香,minecraft:red_tulip,是,任意工具或徒手,否,待核对,是,透明,0,0,,,0,否,花,无,0,是,0,无工具要求,否,否,是,,0,0,无专用工具,需要 Wiki 中明确的完整碰撞体积说明,待核对 Java 版历史,Wiki衍生数据，部分信息框已核对,26.1-snapshot-10,https://minecraft.wiki/w/Flower,18/04/2022 15:59:08,
橙色郁金香,minecraft:orange_tulip,是,任意工具或徒手,否,待核对,是,透明,0,0,,,0,否,花,无,0,是,0,无工具要求,否,否,是,,0,0,无专用工具,需要 Wiki 中明确的完整碰撞体积说明,待核对 Java 版历史,Wiki衍生数据，部分信息框已核对,26.1-snapshot-10,https://minecraft.wiki/w/Flower,18/04/2022 15:59:08,
白色郁金香,minecraft:white_tulip,是,任意工具或徒手,否,待核对,是,透明,0,0,,,0,否,花,无,0,是,0,无工具要求,否,否,是,,0,0,无专用工具,需要 Wiki 中明确的完整碰撞体积说明,待核对 Java 版历史,Wiki衍生数据，部分信息框已核对,26.1-snapshot-10,https://minecraft.wiki/w/Flower,18/04/2022 15:59:08,
粉红色郁金香,minecraft:pink_tulip,是,任意工具或徒手,否,待核对,是,透明,0,0,,,0,否,花,无,0,是,0,无工具要求,否,否,是,,0,0,无专用工具,需要 Wiki 中明确的完整碰撞体积说明,待核对 Java 版历史,Wiki衍生数据，部分信息框已核对,26.1-snapshot-10,https://minecraft.wiki/w/Flower,18/04/2022 15:59:08,
滨菊,minecraft:oxeye_daisy,是,任意工具或徒手,否,待核对,是,透明,0,0,,,0,否,花,无,0,是,0,无工具要求,否,否,是,,0,0,无专用工具,需要 Wiki 中明确的完整碰撞体积说明,待核对 Java 版历史,Wiki衍生数据，部分信息框已核对,26.1-snapshot-10,https://minecraft.wiki/w/Flower,18/04/2022 15:59:08,
矢车菊,minecraft:cornflower,是,任意工具或徒手,否,待核对,是,透明,0,0,,,0,否,花,无,0,是,0,无工具要求,否,否,是,,0,0,无专用工具,需要 Wiki 中明确的完整碰撞体积说明,待核对 Java 版历史,Wiki衍生数据，部分信息框已核对,26.1-snapshot-10,https://minecraft.wiki/w/Flower,18/04/2022 15:59:08,
凋灵玫瑰,minecraft:wither_rose,是,任意工具或徒手,否,待核对,是,透明,0,0,18w43a,1.14,0,否,花,无,0,是,0,无工具要求,否,否,是,,0,0,无专用工具,需要 Wiki 中明确的完整碰撞体积说明,页面历史中的明确加入记录,Wiki衍生数据，部分信息框已核对,26.1-snapshot-10,https://minecraft.wiki/w/Flower,18/04/2022 15:59:08,
铃兰,minecraft:lily_of_the_valley,是,任意工具或徒手,否,待核对,是,透明,0,0,,,0,否,花,无,0,是,0,无工具要求,否,否,是,,0,0,无专用工具,需要 Wiki 中明确的完整碰撞体积说明,待核对 Java 版历史,Wiki衍生数据，部分信息框已核对,26.1-snapshot-10,https://minecraft.wiki/w/Flower,18/04/2022 15:59:08,
棕色蘑菇,minecraft:brown_mushroom,是,任意工具或徒手,是,待核对,否,不透明,0,0,Classic 0.0.20a,1.0.0,1,否,其他,无,1,是,0,无工具要求,否,否,是,,0,0,无专用工具,需要 Wiki 中明确的完整碰撞体积说明,页面历史中的明确加入记录,Wiki衍生数据，部分信息框已核对,26.1-snapshot-10,https://minecraft.wiki/w/Mushroom,17/04/2022 02:36:28,
红色蘑菇,minecraft:red_mushroom,是,任意工具或徒手,是,待核对,否,不透明,0,0,,,1,否,其他,无,0,是,0,无工具要求,否,否,是,,0,0,无专用工具,需要 Wiki 中明确的完整碰撞体积说明,待核对 Java 版历史,Wiki衍生数据，部分信息框已核对,26.1-snapshot-10,https://minecraft.wiki/w/Mushroom,17/04/2022 02:36:28,
金块,minecraft:gold_block,是,镐,否,待核对,否,不透明,6,3,,,0,否,其他,无,0,否,15,铁级及以上,否,否,是,,3,6,镐,需要 Wiki 中明确的完整碰撞体积说明,待核对 Java 版历史,Wiki衍生数据，部分信息框已核对,26.1-snapshot-10,https://minecraft.wiki/w/Block_of_Gold,17/04/2022 01:35:16,
铁块,minecraft:iron_block,是,镐,否,待核对,否,不透明,6,5,,,0,否,其他,无,0,否,15,石或铜级及以上（金除外）,否,否,是,,5,6,镐,需要 Wiki 中明确的完整碰撞体积说明,待核对 Java 版历史,Wiki衍生数据，部分信息框已核对,26.1-snapshot-10,https://minecraft.wiki/w/Block_of_Iron,16/04/2022 22:34:42,
红砖块,minecraft:bricks,是,镐,否,待核对,否,不透明,6,2,Classic 0.26 SURVIVAL TEST,1.0.0,0,否,其他,无,0,否,15,木级及以上（含金）,否,否,是,,2,6,镐,需要 Wiki 中明确的完整碰撞体积说明,页面历史中的明确加入记录,Wiki衍生数据，部分信息框已核对,26.1-snapshot-10,https://minecraft.wiki/w/Bricks,17/04/2022 03:12:23,
TNT,minecraft:tnt,是,任意工具或徒手,否,待核对,是,不透明,0,0,Classic 0.26 SURVIVAL TEST,1.0.0,0,是,其他,无,0,否,15,无工具要求,否,否,是,,0,0,无专用工具,需要 Wiki 中明确的完整碰撞体积说明,页面历史中的明确加入记录,Wiki衍生数据，部分信息框已核对,26.1-snapshot-10,https://minecraft.wiki/w/TNT,18/04/2022 15:24:30,
书架,minecraft:bookshelf,是,斧,否,待核对,是,不透明,1.5,1.5,,,0,是,其他,无,0,否,15,无工具要求,否,否,是,,1.5,1.5,斧,需要 Wiki 中明确的完整碰撞体积说明,待核对 Java 版历史,Wiki衍生数据，部分信息框已核对,26.1-snapshot-10,https://minecraft.wiki/w/Bookshelf,17/04/2022 01:50:17,
雕纹书架,minecraft:chiseled_bookshelf,是,斧,否,待核对,否,不透明,1.5,1.5,,,0,是,其他,无,0,否,15,无工具要求,否,否,是,,1.5,1.5,斧,需要 Wiki 中明确的完整碰撞体积说明,待查Wiki页面,Wiki衍生数据，未核对原信息框,26.1-snapshot-10,,,
金合欢木展示架,minecraft:acacia_shelf,是,斧,否,待核对,是,透明,3,2,,,0,是,其他,无,0,否,0,无工具要求,是,否,是,,2,3,斧,需要 Wiki 中明确的完整碰撞体积说明,待查Wiki页面,Wiki衍生数据，未核对原信息框,26.1-snapshot-10,,,
竹展示架,minecraft:bamboo_shelf,是,斧,否,待核对,是,透明,3,2,,,0,是,其他,无,0,否,0,无工具要求,是,否,是,,2,3,斧,需要 Wiki 中明确的完整碰撞体积说明,待查Wiki页面,Wiki衍生数据，未核对原信息框,26.1-snapshot-10,,,
白桦木展示架,minecraft:birch_shelf,是,斧,否,待核对,是,透明,3,2,,,0,是,其他,无,0,否,0,无工具要求,是,否,是,,2,3,斧,需要 Wiki 中明确的完整碰撞体积说明,待查Wiki页面,Wiki衍生数据，未核对原信息框,26.1-snapshot-10,,,
樱花木展示架,minecraft:cherry_shelf,是,斧,否,待核对,是,透明,3,2,,,0,是,其他,无,0,否,0,无工具要求,是,否,是,,2,3,斧,需要 Wiki 中明确的完整碰撞体积说明,待查Wiki页面,Wiki衍生数据，未核对原信息框,26.1-snapshot-10,,,
绯红木展示架,minecraft:crimson_shelf,是,斧,否,待核对,否,透明,3,2,,,0,否,其他,无,0,否,0,无工具要求,是,否,是,,2,3,斧,需要 Wiki 中明确的完整碰撞体积说明,待查Wiki页面,Wiki衍生数据，未核对原信息框,26.1-snapshot-10,,,
深色橡木展示架,minecraft:dark_oak_shelf,是,斧,否,待核对,是,透明,3,2,,,0,是,其他,无,0,否,0,无工具要求,是,否,是,,2,3,斧,需要 Wiki 中明确的完整碰撞体积说明,待查Wiki页面,Wiki衍生数据，未核对原信息框,26.1-snapshot-10,,,
丛林木展示架,minecraft:jungle_shelf,是,斧,否,待核对,是,透明,3,2,,,0,是,其他,无,0,否,0,无工具要求,是,否,是,,2,3,斧,需要 Wiki 中明确的完整碰撞体积说明,待查Wiki页面,Wiki衍生数据，未核对原信息框,26.1-snapshot-10,,,
红树木展示架,minecraft:mangrove_shelf,是,斧,否,待核对,是,透明,3,2,,,0,是,其他,无,0,否,0,无工具要求,是,否,是,,2,3,斧,需要 Wiki 中明确的完整碰撞体积说明,待查Wiki页面,Wiki衍生数据，未核对原信息框,26.1-snapshot-10,,,
橡木展示架,minecraft:oak_shelf,是,斧,否,待核对,是,透明,3,2,,,0,是,其他,无,0,否,0,无工具要求,是,否,是,,2,3,斧,需要 Wiki 中明确的完整碰撞体积说明,待查Wiki页面,Wiki衍生数据，未核对原信息框,26.1-snapshot-10,,,
苍白橡木展示架,minecraft:pale_oak_shelf,是,斧,否,待核对,是,透明,3,2,,,0,是,其他,无,0,否,0,无工具要求,是,否,是,,2,3,斧,需要 Wiki 中明确的完整碰撞体积说明,待查Wiki页面,Wiki衍生数据，未核对原信息框,26.1-snapshot-10,,,
云杉木展示架,minecraft:spruce_shelf,是,斧,否,待核对,是,透明,3,2,,,0,是,其他,无,0,否,0,无工具要求,是,否,是,,2,3,斧,需要 Wiki 中明确的完整碰撞体积说明,待查Wiki页面,Wiki衍生数据，未核对原信息框,26.1-snapshot-10,,,
诡异木展示架,minecraft:warped_shelf,是,斧,否,待核对,否,透明,3,2,,,0,否,其他,无,0,否,0,无工具要求,是,否,是,,2,3,斧,需要 Wiki 中明确的完整碰撞体积说明,待查Wiki页面,Wiki衍生数据，未核对原信息框,26.1-snapshot-10,,,
苔石,minecraft:mossy_cobblestone,是,镐,否,待核对,否,不透明,6,2,,,0,否,其他,无,0,否,15,木级及以上（含金）,否,否,是,,2,6,镐,需要 Wiki 中明确的完整碰撞体积说明,待核对 Java 版历史,Wiki衍生数据，部分信息框已核对,26.1-snapshot-10,https://minecraft.wiki/w/Mossy_Cobblestone,17/04/2022 02:16:01,
黑曜石,minecraft:obsidian,是,镐,否,待核对,否,不透明,1200,50,Classic 0.28,1.0.0,0,否,其他,无,0,否,15,钻石级及以上,否,否,是,,50,1200,镐,需要 Wiki 中明确的完整碰撞体积说明,页面历史中的明确加入记录,Wiki衍生数据，部分信息框已核对,26.1-snapshot-10,https://minecraft.wiki/w/Obsidian,17/04/2022 04:05:15,
火把,minecraft:torch,是,任意工具或徒手,是,待核对,否,透明,0,0,,,14,否,其他,无,14,是,0,无工具要求,否,否,是,,0,0,无专用工具,需要 Wiki 中明确的完整碰撞体积说明,待核对 Java 版历史,Wiki衍生数据，部分信息框已核对,26.1-snapshot-10,https://minecraft.wiki/w/Torch,18/04/2022 16:14:07,
墙上的火把,minecraft:wall_torch,是,待核对,是,待核对,否,待核对,0,0,,,14,否,其他,无,14,是,0,无工具要求,否,否,否,无独立同名方块物品的放置形态,0,0,无专用工具,需要 Wiki 中明确的完整碰撞体积说明,待核对 Java 版历史,Wiki离线信息框,2022年4月离线Wiki,https://minecraft.wiki/w/Torch,18/04/2022 16:14:07,
火,minecraft:fire,否,待核对,是,待核对,否,待核对,0,0,Indev 20100109,1.0.0,15,是,其他,无,15,是,0,无工具要求,否,否,否,无独立同名方块物品的放置形态,0,0,无专用工具,需要 Wiki 中明确的完整碰撞体积说明,页面历史中的明确加入记录,Wiki离线信息框,2022年4月离线Wiki,https://minecraft.wiki/w/Fire,18/04/2022 15:24:38,
灵魂火,minecraft:soul_fire,否,待核对,是,待核对,否,待核对,0,0,20w06a,1.16,10,是,其他,无,10,是,0,无工具要求,否,否,否,无独立同名方块物品的放置形态,0,0,无专用工具,需要 Wiki 中明确的完整碰撞体积说明,页面历史中的明确加入记录,Wiki离线信息框,2022年4月离线Wiki,https://minecraft.wiki/w/Fire,18/04/2022 15:24:38,
刷怪笼,minecraft:spawner,否,镐,否,待核对,否,部分透明,5,5,,,0,否,其他,无,0,是,1,木级及以上（含金）,否,否,是,,5,5,镐,需要 Wiki 中明确的完整碰撞体积说明,待核对 Java 版历史,Wiki衍生数据，部分信息框已核对,26.1-snapshot-10,https://minecraft.wiki/w/Spawner,18/04/2022 15:22:14,
嘎枝之心,minecraft:creaking_heart,是,斧,否,待核对,否,不透明,10,10,,,0,否,其他,无,0,否,15,无工具要求,否,否,是,,10,10,斧,需要 Wiki 中明确的完整碰撞体积说明,待查Wiki页面,Wiki衍生数据，未核对原信息框,26.1-snapshot-10,,,
橡木楼梯,minecraft:oak_stairs,是,斧,否,否,是,部分透明,3,2,,,0,是,楼梯,无,0,否,0,无工具要求,是,否,是,,2,3,斧,Wiki 形状或非标准高度说明；按该类几何形状分类,待核对 Java 版历史,Wiki衍生数据，部分信息框已核对,26.1-snapshot-10,https://minecraft.wiki/w/Stairs,18/04/2022 15:56:34,
箱子,minecraft:chest,是,斧,否,否,否,透明,2.5,2.5,Indev 20100124,1.0.0,0,待核对,其他,无,0,否,0,无工具要求,是,否,是,,2.5,2.5,斧,Wiki Solid block 页的非标准高度或宽度表,页面历史中的明确加入记录,Wiki衍生数据，部分信息框已核对,26.1-snapshot-10,https://minecraft.wiki/w/Chest,16/04/2022 22:37:27,2022信息框的熔岩引火与较新资料不同
红石线,minecraft:redstone_wire,是,任意工具或徒手,否,待核对,否,透明,0,0,,,0,否,其他,无,0,是,0,无工具要求,否,否,否,无独立同名方块物品的放置形态,0,0,无专用工具,需要 Wiki 中明确的完整碰撞体积说明,待查Wiki页面,Wiki衍生数据，未核对原信息框,26.1-snapshot-10,,,
钻石矿石,minecraft:diamond_ore,否,镐,否,待核对,否,不透明,3,3,Indev 20100128,1.0.0,0,否,其他,无,0,否,15,铁级及以上,否,否,是,,3,3,镐,需要 Wiki 中明确的完整碰撞体积说明,页面历史中的明确加入记录,Wiki衍生数据，部分信息框已核对,26.1-snapshot-10,https://minecraft.wiki/w/Diamond_Ore,17/04/2022 00:13:30,
深层钻石矿石,minecraft:deepslate_diamond_ore,否,镐,否,待核对,否,不透明,3,4.5,21w08a,1.17,0,否,其他,无,0,否,15,铁级及以上,否,否,是,,4.5,3,镐,需要 Wiki 中明确的完整碰撞体积说明,页面历史中的明确加入记录,Wiki衍生数据，部分信息框已核对,26.1-snapshot-10,https://minecraft.wiki/w/Diamond_Ore,17/04/2022 00:13:30,
钻石块,minecraft:diamond_block,仅宝库有限获取,镐,否,待核对,否,不透明,6,5,,,0,否,其他,无,0,否,15,铁级及以上,否,否,是,,5,6,镐,需要 Wiki 中明确的完整碰撞体积说明,待核对 Java 版历史,Wiki衍生数据，部分信息框已核对,26.1-snapshot-10,https://minecraft.wiki/w/Block_of_Diamond,17/04/2022 00:03:10,新资料增加有限宝库获取途径；不视为无限可再生
工作台,minecraft:crafting_table,是,斧,否,待核对,否,不透明,2.5,2.5,,,0,是,其他,无,0,否,15,无工具要求,否,否,是,,2.5,2.5,斧,需要 Wiki 中明确的完整碰撞体积说明,待核对 Java 版历史,Wiki衍生数据，部分信息框已核对,26.1-snapshot-10,https://minecraft.wiki/w/Crafting_Table,17/04/2022 04:59:10,
小麦植株,minecraft:wheat,是,任意工具或徒手,否,待核对,否,透明,0,0,Indev 20100206,1.0.0,0,否,作物,无,0,是,0,无工具要求,否,否,是,,0,0,无专用工具,需要 Wiki 中明确的完整碰撞体积说明,页面历史中的明确加入记录,Wiki衍生数据，部分信息框已核对,26.1-snapshot-10,https://minecraft.wiki/w/Wheat_Seeds,18/04/2022 15:24:42,
耕地,minecraft:farmland,待核对,锹,否,否,否,部分透明,0.6,0.6,Indev 20100206,1.0.0,0,否,其他,无,0,否,0,无工具要求,否,否,是,,0.6,0.6,锹,Wiki Solid block 页的非标准高度或宽度表,页面历史中的明确加入记录,Wiki衍生数据，部分信息框已核对,26.1-snapshot-10,https://minecraft.wiki/w/Farmland,18/04/2022 15:33:25,数值依据离线Wiki信息框纠正；2022信息框的可再生性与较新资料不同
熔炉,minecraft:furnace,是,镐,是,待核对,否,不透明,3.5,3.5,Indev 20100219,1.0.0,13,否,其他,无,0,否,15,木级及以上（含金）,否,是,是,,3.5,3.5,镐,需要 Wiki 中明确的完整碰撞体积说明,页面历史中的明确加入记录,Wiki衍生数据，部分信息框已核对,26.1-snapshot-10,https://minecraft.wiki/w/Furnace,16/04/2022 23:54:11,
橡木告示牌,minecraft:oak_sign,是,斧,否,待核对,否,透明,1,1,,,0,待核对,其他,无,0,是,0,无工具要求,是,否,是,,1,1,斧,需要 Wiki 中明确的完整碰撞体积说明,待核对 Java 版历史,Wiki衍生数据，部分信息框已核对,26.1-snapshot-10,https://minecraft.wiki/w/Sign,16/04/2022 22:57:43,2022信息框的熔岩引火与较新资料不同
云杉木告示牌,minecraft:spruce_sign,是,斧,否,待核对,否,透明,1,1,,,0,待核对,其他,无,0,是,0,无工具要求,是,否,是,,1,1,斧,需要 Wiki 中明确的完整碰撞体积说明,待核对 Java 版历史,Wiki衍生数据，部分信息框已核对,26.1-snapshot-10,https://minecraft.wiki/w/Sign,16/04/2022 22:57:43,2022信息框的熔岩引火与较新资料不同
白桦木告示牌,minecraft:birch_sign,是,斧,否,待核对,否,透明,1,1,,,0,待核对,其他,无,0,是,0,无工具要求,是,否,是,,1,1,斧,需要 Wiki 中明确的完整碰撞体积说明,待核对 Java 版历史,Wiki衍生数据，部分信息框已核对,26.1-snapshot-10,https://minecraft.wiki/w/Sign,16/04/2022 22:57:43,2022信息框的熔岩引火与较新资料不同
金合欢木告示牌,minecraft:acacia_sign,是,斧,否,待核对,否,透明,1,1,,,0,待核对,其他,无,0,是,0,无工具要求,是,否,是,,1,1,斧,需要 Wiki 中明确的完整碰撞体积说明,待核对 Java 版历史,Wiki衍生数据，部分信息框已核对,26.1-snapshot-10,https://minecraft.wiki/w/Sign,16/04/2022 22:57:43,2022信息框的熔岩引火与较新资料不同
樱花木告示牌,minecraft:cherry_sign,是,斧,否,待核对,否,透明,1,1,,,0,是,其他,无,0,是,0,无工具要求,是,否,是,,1,1,斧,需要 Wiki 中明确的完整碰撞体积说明,待查Wiki页面,Wiki衍生数据，未核对原信息框,26.1-snapshot-10,,,
丛林木告示牌,minecraft:jungle_sign,是,斧,否,待核对,否,透明,1,1,,,0,待核对,其他,无,0,是,0,无工具要求,是,否,是,,1,1,斧,需要 Wiki 中明确的完整碰撞体积说明,待核对 Java 版历史,Wiki衍生数据，部分信息框已核对,26.1-snapshot-10,https://minecraft.wiki/w/Sign,16/04/2022 22:57:43,2022信息框的熔岩引火与较新资料不同
深色橡木告示牌,minecraft:dark_oak_sign,是,斧,否,待核对,否,透明,1,1,18w43a,1.14,0,待核对,其他,无,0,是,0,无工具要求,是,否,是,,1,1,斧,需要 Wiki 中明确的完整碰撞体积说明,页面历史中的明确加入记录,Wiki衍生数据，部分信息框已核对,26.1-snapshot-10,https://minecraft.wiki/w/Sign,16/04/2022 22:57:43,2022信息框的熔岩引火与较新资料不同
苍白橡木告示牌,minecraft:pale_oak_sign,是,斧,否,待核对,否,透明,1,1,,,0,是,其他,无,0,是,0,无工具要求,是,否,是,,1,1,斧,需要 Wiki 中明确的完整碰撞体积说明,待查Wiki页面,Wiki衍生数据，未核对原信息框,26.1-snapshot-10,,,
红树木告示牌,minecraft:mangrove_sign,是,斧,否,待核对,否,透明,1,1,22w11a,,0,待核对,其他,无,0,是,0,无工具要求,是,否,是,,1,1,斧,需要 Wiki 中明确的完整碰撞体积说明,离线Wiki中为即将发布记录；正式版本待核对,Wiki衍生数据，部分信息框已核对,26.1-snapshot-10,https://minecraft.wiki/w/Sign,16/04/2022 22:57:43,2022信息框的熔岩引火与较新资料不同
竹告示牌,minecraft:bamboo_sign,是,斧,否,待核对,否,透明,1,1,,,0,是,其他,无,0,是,0,无工具要求,是,否,是,,1,1,斧,需要 Wiki 中明确的完整碰撞体积说明,待查Wiki页面,Wiki衍生数据，未核对原信息框,26.1-snapshot-10,,,
橡木门,minecraft:oak_door,是,斧,否,否,否,部分透明,3,3,,,0,是,门,无,0,是,0,无工具要求,否,否,是,,3,3,斧,Wiki 形状或非标准高度说明；按该类几何形状分类,待核对 Java 版历史,Wiki衍生数据，部分信息框已核对,26.1-snapshot-10,https://minecraft.wiki/w/Door,18/04/2022 15:32:39,
梯子,minecraft:ladder,是,斧,否,待核对,否,透明,0.4,0.4,Infdev 20100607,1.0.0,0,否,其他,无,0,是,0,无工具要求,是,否,是,,0.4,0.4,斧,需要 Wiki 中明确的完整碰撞体积说明,页面历史中的明确加入记录,Wiki衍生数据，部分信息框已核对,26.1-snapshot-10,https://minecraft.wiki/w/Ladder,16/04/2022 23:00:55,
铁轨,minecraft:rail,是,镐,否,否,否,透明,0.7,0.7,Infdev 20100618,1.0.0,0,否,铁轨,无,0,是,0,无工具要求,是,否,是,,0.7,0.7,镐,Wiki 形状或非标准高度说明；按该类几何形状分类,页面历史中的明确加入记录,Wiki衍生数据，部分信息框已核对,26.1-snapshot-10,https://minecraft.wiki/w/Rail,18/04/2022 16:00:04,
圆石楼梯,minecraft:cobblestone_stairs,是,镐,否,否,否,部分透明,6,2,,,0,否,楼梯,无,0,否,0,木级及以上（含金）,是,否,是,,2,6,镐,Wiki 形状或非标准高度说明；按该类几何形状分类,待核对 Java 版历史,Wiki衍生数据，部分信息框已核对,26.1-snapshot-10,https://minecraft.wiki/w/Stairs,18/04/2022 15:56:34,
墙上的橡木告示牌,minecraft:oak_wall_sign,是,待核对,否,待核对,否,待核对,1,1,,,0,否,其他,无,0,是,0,无工具要求,是,否,否,无独立同名方块物品的放置形态,1,1,斧,需要 Wiki 中明确的完整碰撞体积说明,待核对 Java 版历史,Wiki离线信息框,2022年4月离线Wiki,https://minecraft.wiki/w/Sign,16/04/2022 22:57:43,
墙上的云杉木告示牌,minecraft:spruce_wall_sign,是,待核对,否,待核对,否,待核对,1,1,,,0,否,其他,无,0,是,0,无工具要求,是,否,否,无独立同名方块物品的放置形态,1,1,斧,需要 Wiki 中明确的完整碰撞体积说明,待核对 Java 版历史,Wiki离线信息框,2022年4月离线Wiki,https://minecraft.wiki/w/Sign,16/04/2022 22:57:43,
墙上的白桦木告示牌,minecraft:birch_wall_sign,是,待核对,否,待核对,否,待核对,1,1,,,0,否,其他,无,0,是,0,无工具要求,是,否,否,无独立同名方块物品的放置形态,1,1,斧,需要 Wiki 中明确的完整碰撞体积说明,待核对 Java 版历史,Wiki离线信息框,2022年4月离线Wiki,https://minecraft.wiki/w/Sign,16/04/2022 22:57:43,
墙上的金合欢木告示牌,minecraft:acacia_wall_sign,是,待核对,否,待核对,否,待核对,1,1,,,0,否,其他,无,0,是,0,无工具要求,是,否,否,无独立同名方块物品的放置形态,1,1,斧,需要 Wiki 中明确的完整碰撞体积说明,待核对 Java 版历史,Wiki离线信息框,2022年4月离线Wiki,https://minecraft.wiki/w/Sign,16/04/2022 22:57:43,
墙上的樱花木告示牌,minecraft:cherry_wall_sign,待核对,待核对,待核对,待核对,待核对,待核对,,,,,,待核对,其他,无,0,是,0,无工具要求,是,否,否,无独立同名方块物品的放置形态,1,1,斧,需要 Wiki 中明确的完整碰撞体积说明,待查Wiki页面,待补充,,,,
墙上的丛林木告示牌,minecraft:jungle_wall_sign,是,待核对,否,待核对,否,待核对,1,1,,,0,否,其他,无,0,是,0,无工具要求,是,否,否,无独立同名方块物品的放置形态,1,1,斧,需要 Wiki 中明确的完整碰撞体积说明,待核对 Java 版历史,Wiki离线信息框,2022年4月离线Wiki,https://minecraft.wiki/w/Sign,16/04/2022 22:57:43,
墙上的深色橡木告示牌,minecraft:dark_oak_wall_sign,是,待核对,否,待核对,否,待核对,1,1,18w43a,1.14,0,否,其他,无,0,是,0,无工具要求,是,否,否,无独立同名方块物品的放置形态,1,1,斧,需要 Wiki 中明确的完整碰撞体积说明,页面历史中的明确加入记录,Wiki离线信息框,2022年4月离线Wiki,https://minecraft.wiki/w/Sign,16/04/2022 22:57:43,
墙上的苍白橡木告示牌,minecraft:pale_oak_wall_sign,待核对,待核对,待核对,待核对,待核对,待核对,,,,,,待核对,其他,无,0,是,0,无工具要求,是,否,否,无独立同名方块物品的放置形态,1,1,斧,需要 Wiki 中明确的完整碰撞体积说明,待查Wiki页面,待补充,,,,
墙上的红树木告示牌,minecraft:mangrove_wall_sign,是,待核对,否,待核对,否,待核对,1,1,22w11a,,0,否,其他,无,0,是,0,无工具要求,是,否,否,无独立同名方块物品的放置形态,1,1,斧,需要 Wiki 中明确的完整碰撞体积说明,离线Wiki中为即将发布记录；正式版本待核对,Wiki离线信息框,2022年4月离线Wiki,https://minecraft.wiki/w/Sign,16/04/2022 22:57:43,
墙上的竹告示牌,minecraft:bamboo_wall_sign,待核对,待核对,待核对,待核对,待核对,待核对,,,,,,待核对,其他,无,0,是,0,无工具要求,是,否,否,无独立同名方块物品的放置形态,1,1,斧,需要 Wiki 中明确的完整碰撞体积说明,待查Wiki页面,待补充,,,,
悬挂式橡木告示牌,minecraft:oak_hanging_sign,是,斧,否,待核对,否,透明,1,1,,,0,是,其他,无,0,是,0,无工具要求,是,否,是,,1,1,斧,需要 Wiki 中明确的完整碰撞体积说明,待查Wiki页面,Wiki衍生数据，未核对原信息框,26.1-snapshot-10,,,
悬挂式云杉木告示牌,minecraft:spruce_hanging_sign,是,斧,否,待核对,否,透明,1,1,,,0,是,其他,无,0,是,0,无工具要求,是,否,是,,1,1,斧,需要 Wiki 中明确的完整碰撞体积说明,待查Wiki页面,Wiki衍生数据，未核对原信息框,26.1-snapshot-10,,,
悬挂式白桦木告示牌,minecraft:birch_hanging_sign,是,斧,否,待核对,否,透明,1,1,,,0,是,其他,无,0,是,0,无工具要求,是,否,是,,1,1,斧,需要 Wiki 中明确的完整碰撞体积说明,待查Wiki页面,Wiki衍生数据，未核对原信息框,26.1-snapshot-10,,,
悬挂式金合欢木告示牌,minecraft:acacia_hanging_sign,是,斧,否,待核对,否,透明,1,1,,,0,是,其他,无,0,是,0,无工具要求,是,否,是,,1,1,斧,需要 Wiki 中明确的完整碰撞体积说明,待查Wiki页面,Wiki衍生数据，未核对原信息框,26.1-snapshot-10,,,
悬挂式樱花木告示牌,minecraft:cherry_hanging_sign,是,斧,否,待核对,否,透明,1,1,,,0,是,其他,无,0,是,0,无工具要求,是,否,是,,1,1,斧,需要 Wiki 中明确的完整碰撞体积说明,待查Wiki页面,Wiki衍生数据，未核对原信息框,26.1-snapshot-10,,,
悬挂式丛林木告示牌,minecraft:jungle_hanging_sign,是,斧,否,待核对,否,透明,1,1,,,0,是,其他,无,0,是,0,无工具要求,是,否,是,,1,1,斧,需要 Wiki 中明确的完整碰撞体积说明,待查Wiki页面,Wiki衍生数据，未核对原信息框,26.1-snapshot-10,,,
悬挂式深色橡木告示牌,minecraft:dark_oak_hanging_sign,是,斧,否,待核对,否,透明,1,1,,,0,是,其他,无,0,是,0,无工具要求,是,否,是,,1,1,斧,需要 Wiki 中明确的完整碰撞体积说明,待查Wiki页面,Wiki衍生数据，未核对原信息框,26.1-snapshot-10,,,
悬挂式苍白橡木告示牌,minecraft:pale_oak_hanging_sign,是,斧,否,待核对,否,透明,1,1,,,0,是,其他,无,0,是,0,无工具要求,是,否,是,,1,1,斧,需要 Wiki 中明确的完整碰撞体积说明,待查Wiki页面,Wiki衍生数据，未核对原信息框,26.1-snapshot-10,,,
悬挂式绯红木告示牌,minecraft:crimson_hanging_sign,是,斧,否,待核对,否,透明,1,1,,,0,否,其他,无,0,是,0,无工具要求,是,否,是,,1,1,斧,需要 Wiki 中明确的完整碰撞体积说明,待查Wiki页面,Wiki衍生数据，未核对原信息框,26.1-snapshot-10,,,
悬挂式诡异木告示牌,minecraft:warped_hanging_sign,是,斧,否,待核对,否,透明,1,1,,,0,否,其他,无,0,是,0,无工具要求,是,否,是,,1,1,斧,需要 Wiki 中明确的完整碰撞体积说明,待查Wiki页面,Wiki衍生数据，未核对原信息框,26.1-snapshot-10,,,
悬挂式红树木告示牌,minecraft:mangrove_hanging_sign,是,斧,否,待核对,否,透明,1,1,,,0,是,其他,无,0,是,0,无工具要求,是,否,是,,1,1,斧,需要 Wiki 中明确的完整碰撞体积说明,待查Wiki页面,Wiki衍生数据，未核对原信息框,26.1-snapshot-10,,,
悬挂式竹告示牌,minecraft:bamboo_hanging_sign,是,斧,否,待核对,否,透明,1,1,,,0,是,其他,无,0,是,0,无工具要求,是,否,是,,1,1,斧,需要 Wiki 中明确的完整碰撞体积说明,待查Wiki页面,Wiki衍生数据，未核对原信息框,26.1-snapshot-10,,,
墙上的悬挂式橡木告示牌,minecraft:oak_wall_hanging_sign,待核对,待核对,待核对,待核对,待核对,待核对,,,,,,待核对,其他,无,0,是,0,无工具要求,是,否,否,无独立同名方块物品的放置形态,1,1,斧,需要 Wiki 中明确的完整碰撞体积说明,待查Wiki页面,待补充,,,,
墙上的悬挂式云杉木告示牌,minecraft:spruce_wall_hanging_sign,待核对,待核对,待核对,待核对,待核对,待核对,,,,,,待核对,其他,无,0,是,0,无工具要求,是,否,否,无独立同名方块物品的放置形态,1,1,斧,需要 Wiki 中明确的完整碰撞体积说明,待查Wiki页面,待补充,,,,
墙上的悬挂式白桦木告示牌,minecraft:birch_wall_hanging_sign,待核对,待核对,待核对,待核对,待核对,待核对,,,,,,待核对,其他,无,0,是,0,无工具要求,是,否,否,无独立同名方块物品的放置形态,1,1,斧,需要 Wiki 中明确的完整碰撞体积说明,待查Wiki页面,待补充,,,,
墙上的悬挂式金合欢木告示牌,minecraft:acacia_wall_hanging_sign,待核对,待核对,待核对,待核对,待核对,待核对,,,,,,待核对,其他,无,0,是,0,无工具要求,是,否,否,无独立同名方块物品的放置形态,1,1,斧,需要 Wiki 中明确的完整碰撞体积说明,待查Wiki页面,待补充,,,,
墙上的悬挂式樱花木告示牌,minecraft:cherry_wall_hanging_sign,待核对,待核对,待核对,待核对,待核对,待核对,,,,,,待核对,其他,无,0,是,0,无工具要求,是,否,否,无独立同名方块物品的放置形态,1,1,斧,需要 Wiki 中明确的完整碰撞体积说明,待查Wiki页面,待补充,,,,
墙上的悬挂式丛林木告示牌,minecraft:jungle_wall_hanging_sign,待核对,待核对,待核对,待核对,待核对,待核对,,,,,,待核对,其他,无,0,是,0,无工具要求,是,否,否,无独立同名方块物品的放置形态,1,1,斧,需要 Wiki 中明确的完整碰撞体积说明,待查Wiki页面,待补充,,,,
墙上的悬挂式深色橡木告示牌,minecraft:dark_oak_wall_hanging_sign,待核对,待核对,待核对,待核对,待核对,待核对,,,,,,待核对,其他,无,0,是,0,无工具要求,是,否,否,无独立同名方块物品的放置形态,1,1,斧,需要 Wiki 中明确的完整碰撞体积说明,待查Wiki页面,待补充,,,,
墙上的悬挂式苍白橡木告示牌,minecraft:pale_oak_wall_hanging_sign,待核对,待核对,待核对,待核对,待核对,待核对,,,,,,待核对,其他,无,0,是,0,无工具要求,是,否,否,无独立同名方块物品的放置形态,1,1,斧,需要 Wiki 中明确的完整碰撞体积说明,待查Wiki页面,待补充,,,,
墙上的悬挂式红树木告示牌,minecraft:mangrove_wall_hanging_sign,待核对,待核对,待核对,待核对,待核对,待核对,,,,,,待核对,其他,无,0,是,0,无工具要求,是,否,否,无独立同名方块物品的放置形态,1,1,斧,需要 Wiki 中明确的完整碰撞体积说明,待查Wiki页面,待补充,,,,
墙上的悬挂式绯红木告示牌,minecraft:crimson_wall_hanging_sign,待核对,待核对,待核对,待核对,待核对,待核对,,,,,,待核对,其他,无,0,是,0,无工具要求,是,否,否,无独立同名方块物品的放置形态,1,1,斧,需要 Wiki 中明确的完整碰撞体积说明,待查Wiki页面,待补充,,,,
墙上的悬挂式诡异木告示牌,minecraft:warped_wall_hanging_sign,待核对,待核对,待核对,待核对,待核对,待核对,,,,,,待核对,其他,无,0,是,0,无工具要求,是,否,否,无独立同名方块物品的放置形态,1,1,斧,需要 Wiki 中明确的完整碰撞体积说明,待查Wiki页面,待补充,,,,
墙上的悬挂式竹告示牌,minecraft:bamboo_wall_hanging_sign,待核对,待核对,待核对,待核对,待核对,待核对,,,,,,待核对,其他,无,0,是,0,无工具要求,是,否,否,无独立同名方块物品的放置形态,1,1,斧,需要 Wiki 中明确的完整碰撞体积说明,待查Wiki页面,待补充,,,,
拉杆,minecraft:lever,是,任意工具或徒手,否,待核对,否,透明,0.5,0.5,,,0,否,其他,无,0,是,0,无工具要求,否,否,是,,0.5,0.5,无专用工具,需要 Wiki 中明确的完整碰撞体积说明,待核对 Java 版历史,Wiki衍生数据，部分信息框已核对,26.1-snapshot-10,https://minecraft.wiki/w/Lever,19/04/2022 19:47:50,
石头压力板,minecraft:stone_pressure_plate,是,镐,否,否,否,透明,0.5,0.5,,,0,否,压力板,无,0,是,0,无工具要求,否,否,是,,0.5,0.5,镐,Wiki 形状或非标准高度说明；按该类几何形状分类,待核对 Java 版历史,Wiki衍生数据，部分信息框已核对,26.1-snapshot-10,https://minecraft.wiki/w/Pressure_Plate,18/04/2022 15:15:33,
铁门,minecraft:iron_door,是,镐,否,否,否,部分透明,5,5,,,0,否,门,无,0,是,0,无工具要求,否,否,是,,5,5,镐,Wiki 形状或非标准高度说明；按该类几何形状分类,待核对 Java 版历史,Wiki衍生数据，部分信息框已核对,26.1-snapshot-10,https://minecraft.wiki/w/Door,18/04/2022 15:32:39,
橡木压力板,minecraft:oak_pressure_plate,是,斧,否,否,否,透明,0.5,0.5,,,0,是,压力板,无,0,是,0,无工具要求,否,否,是,,0.5,0.5,斧,Wiki 形状或非标准高度说明；按该类几何形状分类,待核对 Java 版历史,Wiki衍生数据，部分信息框已核对,26.1-snapshot-10,https://minecraft.wiki/w/Pressure_Plate,18/04/2022 15:15:33,
云杉木压力板,minecraft:spruce_pressure_plate,是,斧,否,否,否,透明,0.5,0.5,,,0,是,压力板,无,0,是,0,无工具要求,否,否,是,,0.5,0.5,斧,Wiki 形状或非标准高度说明；按该类几何形状分类,待核对 Java 版历史,Wiki衍生数据，部分信息框已核对,26.1-snapshot-10,https://minecraft.wiki/w/Pressure_Plate,18/04/2022 15:15:33,
白桦木压力板,minecraft:birch_pressure_plate,是,斧,否,否,否,透明,0.5,0.5,,,0,是,压力板,无,0,是,0,无工具要求,否,否,是,,0.5,0.5,斧,Wiki 形状或非标准高度说明；按该类几何形状分类,待核对 Java 版历史,Wiki衍生数据，部分信息框已核对,26.1-snapshot-10,https://minecraft.wiki/w/Pressure_Plate,18/04/2022 15:15:33,
丛林木压力板,minecraft:jungle_pressure_plate,是,斧,否,否,否,透明,0.5,0.5,,,0,是,压力板,无,0,是,0,无工具要求,否,否,是,,0.5,0.5,斧,Wiki 形状或非标准高度说明；按该类几何形状分类,待核对 Java 版历史,Wiki衍生数据，部分信息框已核对,26.1-snapshot-10,https://minecraft.wiki/w/Pressure_Plate,18/04/2022 15:15:33,
金合欢木压力板,minecraft:acacia_pressure_plate,是,斧,否,否,否,透明,0.5,0.5,,,0,是,压力板,无,0,是,0,无工具要求,否,否,是,,0.5,0.5,斧,Wiki 形状或非标准高度说明；按该类几何形状分类,待核对 Java 版历史,Wiki衍生数据，部分信息框已核对,26.1-snapshot-10,https://minecraft.wiki/w/Pressure_Plate,18/04/2022 15:15:33,
樱花木压力板,minecraft:cherry_pressure_plate,是,斧,否,否,否,透明,0.5,0.5,,,0,是,压力板,无,0,是,0,无工具要求,否,否,是,,0.5,0.5,斧,Wiki 形状或非标准高度说明；按该类几何形状分类,待查Wiki页面,Wiki衍生数据，未核对原信息框,26.1-snapshot-10,,,
深色橡木压力板,minecraft:dark_oak_pressure_plate,是,斧,否,否,否,透明,0.5,0.5,,,0,是,压力板,无,0,是,0,无工具要求,否,否,是,,0.5,0.5,斧,Wiki 形状或非标准高度说明；按该类几何形状分类,待核对 Java 版历史,Wiki衍生数据，部分信息框已核对,26.1-snapshot-10,https://minecraft.wiki/w/Pressure_Plate,18/04/2022 15:15:33,
苍白橡木压力板,minecraft:pale_oak_pressure_plate,是,斧,否,否,否,透明,0.5,0.5,,,0,是,压力板,无,0,是,0,无工具要求,否,否,是,,0.5,0.5,斧,Wiki 形状或非标准高度说明；按该类几何形状分类,待查Wiki页面,Wiki衍生数据，未核对原信息框,26.1-snapshot-10,,,
红树木压力板,minecraft:mangrove_pressure_plate,是,斧,否,否,否,透明,0.5,0.5,,,0,是,压力板,无,0,是,0,无工具要求,否,否,是,,0.5,0.5,斧,Wiki 形状或非标准高度说明；按该类几何形状分类,待查Wiki页面,Wiki衍生数据，未核对原信息框,26.1-snapshot-10,,,
竹压力板,minecraft:bamboo_pressure_plate,是,斧,否,否,否,透明,0.5,0.5,,,0,是,压力板,无,0,是,0,无工具要求,否,否,是,,0.5,0.5,斧,Wiki 形状或非标准高度说明；按该类几何形状分类,待查Wiki页面,Wiki衍生数据，未核对原信息框,26.1-snapshot-10,,,
红石矿石,minecraft:redstone_ore,否,镐,是,待核对,否,不透明,3,3,21w08a,1.17,9,否,其他,无,0,否,15,铁级及以上,否,是,是,,3,3,镐,需要 Wiki 中明确的完整碰撞体积说明,页面历史中的明确加入记录,Wiki衍生数据，部分信息框已核对,26.1-snapshot-10,https://minecraft.wiki/w/Redstone_Ore,16/04/2022 22:28:55,
深层红石矿石,minecraft:deepslate_redstone_ore,否,镐,是,待核对,否,不透明,3,4.5,21w08a,1.17,9,否,其他,无,0,否,15,铁级及以上,否,是,是,,4.5,3,镐,需要 Wiki 中明确的完整碰撞体积说明,页面历史中的明确加入记录,Wiki衍生数据，部分信息框已核对,26.1-snapshot-10,https://minecraft.wiki/w/Redstone_Ore,16/04/2022 22:28:55,
红石火把,minecraft:redstone_torch,是,任意工具或徒手,是,待核对,否,透明,0,0,,,7,否,其他,无,7,是,0,无工具要求,否,是,是,,0,0,无专用工具,需要 Wiki 中明确的完整碰撞体积说明,待核对 Java 版历史,Wiki衍生数据，部分信息框已核对,26.1-snapshot-10,https://minecraft.wiki/w/Redstone_Torch,18/04/2022 16:07:17,
墙上的红石火把,minecraft:redstone_wall_torch,是,待核对,是,待核对,否,待核对,0,0,,,7,否,其他,无,7,是,0,无工具要求,否,是,否,无独立同名方块物品的放置形态,0,0,无专用工具,需要 Wiki 中明确的完整碰撞体积说明,待核对 Java 版历史,Wiki离线信息框,2022年4月离线Wiki,https://minecraft.wiki/w/Redstone_Torch,18/04/2022 16:07:17,
石头按钮,minecraft:stone_button,是,镐,否,否,否,透明,0.5,0.5,,,0,否,按钮,无,0,是,0,无工具要求,否,否,是,,0.5,0.5,镐,Wiki 形状或非标准高度说明；按该类几何形状分类,待核对 Java 版历史,Wiki衍生数据，部分信息框已核对,26.1-snapshot-10,https://minecraft.wiki/w/Button,17/04/2022 00:18:47,
雪,minecraft:snow,是,锹,否,待核对,否,透明,0.1,0.1,,,0,否,其他,无,0,否,0,木级及以上（含金）,否,否,是,,0.1,0.1,锹,需要 Wiki 中明确的完整碰撞体积说明,待核对 Java 版历史,Wiki衍生数据，部分信息框已核对,26.1-snapshot-10,https://minecraft.wiki/w/Snow,18/04/2022 15:13:46,
冰,minecraft:ice,是,镐,否,待核对,否,部分透明,0.5,0.5,,,0,否,其他,无,0,是,1,无工具要求,否,否,是,,0.5,0.5,镐,需要 Wiki 中明确的完整碰撞体积说明,待核对 Java 版历史,Wiki衍生数据，部分信息框已核对,26.1-snapshot-10,https://minecraft.wiki/w/Ice,17/04/2022 06:22:14,
雪块,minecraft:snow_block,是,锹,否,待核对,否,不透明,0.2,0.2,,,0,否,其他,无,0,否,15,木级及以上（含金）,否,否,是,,0.2,0.2,锹,需要 Wiki 中明确的完整碰撞体积说明,待核对 Java 版历史,Wiki衍生数据，部分信息框已核对,26.1-snapshot-10,https://minecraft.wiki/w/Snow_Block,17/04/2022 00:54:31,
仙人掌,minecraft:cactus,是,任意工具或徒手,否,否,否,透明,0.4,0.4,,,0,否,其他,无,0,否,0,无工具要求,否,否,是,,0.4,0.4,无专用工具,Wiki Solid block 页的非标准高度或宽度表,待核对 Java 版历史,Wiki衍生数据，部分信息框已核对,26.1-snapshot-10,https://minecraft.wiki/w/Cactus,18/04/2022 15:17:05,
仙人掌花,minecraft:cactus_flower,是,任意工具或徒手,否,待核对,是,透明,0,0,,,0,否,花,无,0,是,0,无工具要求,否,否,是,,0,0,无专用工具,需要 Wiki 中明确的完整碰撞体积说明,待查Wiki页面,Wiki衍生数据，未核对原信息框,26.1-snapshot-10,,,
黏土,minecraft:clay,是,锹,否,待核对,否,不透明,0.6,0.6,,,0,否,其他,无,0,否,15,无工具要求,否,否,是,,0.6,0.6,锹,需要 Wiki 中明确的完整碰撞体积说明,待核对 Java 版历史,Wiki衍生数据，部分信息框已核对,26.1-snapshot-10,https://minecraft.wiki/w/Clay,16/04/2022 22:55:01,
甘蔗,minecraft:sugar_cane,是,任意工具或徒手,否,待核对,否,透明,0,0,,,0,否,其他,无,0,是,0,无工具要求,否,否,是,,0,0,无专用工具,需要 Wiki 中明确的完整碰撞体积说明,待核对 Java 版历史,Wiki衍生数据，部分信息框已核对,26.1-snapshot-10,https://minecraft.wiki/w/Sugar_Cane,16/04/2022 23:24:29,
唱片机,minecraft:jukebox,仅宝库有限获取,斧,否,待核对,否,不透明,6,2,,,0,是,其他,无,0,否,15,无工具要求,否,否,是,,2,6,斧,需要 Wiki 中明确的完整碰撞体积说明,待核对 Java 版历史,Wiki衍生数据，部分信息框已核对,26.1-snapshot-10,https://minecraft.wiki/w/Jukebox,16/04/2022 22:59:27,新资料增加有限宝库获取途径；不视为无限可再生
橡木栅栏,minecraft:oak_fence,是,斧,否,否,是,透明,3,2,,,0,是,栅栏,无,0,否,0,无工具要求,是,否,是,,2,3,斧,Wiki 形状或非标准高度说明；按该类几何形状分类,待核对 Java 版历史,Wiki衍生数据，部分信息框已核对,26.1-snapshot-10,https://minecraft.wiki/w/Fence,18/04/2022 16:12:26,
下界岩,minecraft:netherrack,否,镐,否,待核对,否,不透明,0.4,0.4,,,0,否,其他,无,0,否,15,木级及以上（含金）,否,否,是,,0.4,0.4,镐,需要 Wiki 中明确的完整碰撞体积说明,待核对 Java 版历史,Wiki衍生数据，部分信息框已核对,26.1-snapshot-10,https://minecraft.wiki/w/Netherrack,16/04/2022 23:48:24,
灵魂沙,minecraft:soul_sand,是,锹,否,否,否,不透明,0.5,0.5,,,0,否,其他,无,0,否,15,无工具要求,否,否,是,,0.5,0.5,锹,Wiki Solid block 页的非标准高度或宽度表,待核对 Java 版历史,Wiki衍生数据，部分信息框已核对,26.1-snapshot-10,https://minecraft.wiki/w/Soul_Sand,17/04/2022 02:28:21,
灵魂土,minecraft:soul_soil,是,锹,否,待核对,否,不透明,0.5,0.5,20w06a,1.16,0,否,其他,无,0,否,15,无工具要求,否,否,是,,0.5,0.5,锹,需要 Wiki 中明确的完整碰撞体积说明,页面历史中的明确加入记录,Wiki衍生数据，部分信息框已核对,26.1-snapshot-10,https://minecraft.wiki/w/Soul_Soil,17/04/2022 03:00:16,
玄武岩,minecraft:basalt,是,镐,否,待核对,否,不透明,4.2,1.25,20w06a,1.16,0,否,其他,无,0,否,15,木级及以上（含金）,否,否,是,,1.25,4.2,镐,需要 Wiki 中明确的完整碰撞体积说明,页面历史中的明确加入记录,Wiki衍生数据，部分信息框已核对,26.1-snapshot-10,https://minecraft.wiki/w/Basalt,18/04/2022 16:02:06,数值依据离线Wiki信息框纠正
磨制玄武岩,minecraft:polished_basalt,是,镐,否,待核对,否,不透明,4.2,1.25,20w12a,1.16,0,否,其他,无,0,否,15,木级及以上（含金）,否,否,是,,1.25,4.2,镐,需要 Wiki 中明确的完整碰撞体积说明,页面历史中的明确加入记录,Wiki衍生数据，部分信息框已核对,26.1-snapshot-10,https://minecraft.wiki/w/Basalt,18/04/2022 16:02:06,数值依据离线Wiki信息框纠正
灵魂火把,minecraft:soul_torch,是,任意工具或徒手,是,待核对,否,透明,0,0,,,10,否,其他,无,10,是,0,无工具要求,否,否,是,,0,0,无专用工具,需要 Wiki 中明确的完整碰撞体积说明,待核对 Java 版历史,Wiki衍生数据，部分信息框已核对,26.1-snapshot-10,https://minecraft.wiki/w/Torch,18/04/2022 16:14:07,
墙上的灵魂火把,minecraft:soul_wall_torch,是,待核对,是,待核对,否,待核对,0,0,,,10,否,其他,无,10,是,0,无工具要求,否,否,否,无独立同名方块物品的放置形态,0,0,无专用工具,需要 Wiki 中明确的完整碰撞体积说明,待核对 Java 版历史,Wiki离线信息框,2022年4月离线Wiki,https://minecraft.wiki/w/Torch,18/04/2022 16:14:07,
铜火把,minecraft:copper_torch,是,任意工具或徒手,是,待核对,否,透明,0,0,,,14,否,其他,无,14,是,0,无工具要求,否,否,是,,0,0,无专用工具,需要 Wiki 中明确的完整碰撞体积说明,待查Wiki页面,Wiki衍生数据，未核对原信息框,26.1-snapshot-10,,,
墙上的铜火把,minecraft:copper_wall_torch,待核对,待核对,待核对,待核对,待核对,待核对,,,,,,待核对,其他,无,14,是,0,无工具要求,否,否,否,无独立同名方块物品的放置形态,0,0,无专用工具,需要 Wiki 中明确的完整碰撞体积说明,待查Wiki页面,待补充,,,,
荧石,minecraft:glowstone,是,任意工具或徒手,是,待核对,否,透明,0.3,0.3,,,15,否,其他,无,15,否,15,无工具要求,否,否,是,,0.3,0.3,无专用工具,需要 Wiki 中明确的完整碰撞体积说明,待核对 Java 版历史,Wiki衍生数据，部分信息框已核对,26.1-snapshot-10,https://minecraft.wiki/w/Glowstone,16/04/2022 23:43:55,
下界传送门,minecraft:nether_portal,待核对,待核对,待核对,待核对,待核对,待核对,,,,,,待核对,其他,无,11,是,0,不适用,否,否,否,无独立同名方块物品的放置形态,-1,0,无专用工具,需要 Wiki 中明确的完整碰撞体积说明,待核对 Java 版历史,待补充,,https://minecraft.wiki/w/Nether_portal,16/04/2022 23:52:45,
雕刻南瓜,minecraft:carved_pumpkin,是,斧,否,待核对,否,不透明,1,1,,,0,否,其他,无,0,否,15,无工具要求,否,否,是,,1,1,斧,需要 Wiki 中明确的完整碰撞体积说明,待核对 Java 版历史,Wiki衍生数据，部分信息框已核对,26.1-snapshot-10,https://minecraft.wiki/w/Pumpkin,18/04/2022 15:56:24,
南瓜灯,minecraft:jack_o_lantern,是,斧,是,待核对,否,部分透明,1,1,,,15,否,其他,无,15,否,15,无工具要求,否,否,是,,1,1,斧,需要 Wiki 中明确的完整碰撞体积说明,待查Wiki页面,Wiki衍生数据，未核对原信息框,26.1-snapshot-10,,,
蛋糕,minecraft:cake,是,任意工具或徒手,否,否,否,透明,0.5,0.5,,,0,否,其他,无,0,否,0,无工具要求,否,否,是,,0.5,0.5,无专用工具,Wiki Solid block 页的非标准高度或宽度表,待核对 Java 版历史,Wiki衍生数据，部分信息框已核对,26.1-snapshot-10,https://minecraft.wiki/w/Cake,18/04/2022 15:48:33,
红石中继器,minecraft:repeater,是,任意工具或徒手,否,否,否,透明,0,0,Beta 1.3,1.0.0,0,否,其他,无,0,否,0,无工具要求,否,否,是,,0,0,无专用工具,Wiki Solid block 页的非标准高度或宽度表,页面历史中的明确加入记录,Wiki衍生数据，部分信息框已核对,26.1-snapshot-10,https://minecraft.wiki/w/Redstone_Repeater,18/04/2022 16:11:04,
白色染色玻璃,minecraft:white_stained_glass,是,任意工具或徒手,否,是,否,透明,0.3,0.3,,,0,否,其他,白色,0,是,0,无工具要求,否,否,是,,0.3,0.3,无专用工具,按用户确认口径：玻璃、树叶的完整碰撞体积,待核对 Java 版历史,Wiki衍生数据，部分信息框已核对,26.1-snapshot-10,https://minecraft.wiki/w/Glass,17/04/2022 00:56:38,
橙色染色玻璃,minecraft:orange_stained_glass,是,任意工具或徒手,否,是,否,透明,0.3,0.3,,,0,否,其他,橙色,0,是,0,无工具要求,否,否,是,,0.3,0.3,无专用工具,按用户确认口径：玻璃、树叶的完整碰撞体积,待核对 Java 版历史,Wiki衍生数据，部分信息框已核对,26.1-snapshot-10,https://minecraft.wiki/w/Glass,17/04/2022 00:56:38,
品红色染色玻璃,minecraft:magenta_stained_glass,是,任意工具或徒手,否,是,否,透明,0.3,0.3,,,0,否,其他,品红色,0,是,0,无工具要求,否,否,是,,0.3,0.3,无专用工具,按用户确认口径：玻璃、树叶的完整碰撞体积,待核对 Java 版历史,Wiki衍生数据，部分信息框已核对,26.1-snapshot-10,https://minecraft.wiki/w/Glass,17/04/2022 00:56:38,
淡蓝色染色玻璃,minecraft:light_blue_stained_glass,是,任意工具或徒手,否,是,否,透明,0.3,0.3,,,0,否,其他,淡蓝色,0,是,0,无工具要求,否,否,是,,0.3,0.3,无专用工具,按用户确认口径：玻璃、树叶的完整碰撞体积,待核对 Java 版历史,Wiki衍生数据，部分信息框已核对,26.1-snapshot-10,https://minecraft.wiki/w/Glass,17/04/2022 00:56:38,
黄色染色玻璃,minecraft:yellow_stained_glass,是,任意工具或徒手,否,是,否,透明,0.3,0.3,,,0,否,其他,黄色,0,是,0,无工具要求,否,否,是,,0.3,0.3,无专用工具,按用户确认口径：玻璃、树叶的完整碰撞体积,待核对 Java 版历史,Wiki衍生数据，部分信息框已核对,26.1-snapshot-10,https://minecraft.wiki/w/Glass,17/04/2022 00:56:38,
黄绿色染色玻璃,minecraft:lime_stained_glass,是,任意工具或徒手,否,是,否,透明,0.3,0.3,,,0,否,其他,黄绿色,0,是,0,无工具要求,否,否,是,,0.3,0.3,无专用工具,按用户确认口径：玻璃、树叶的完整碰撞体积,待核对 Java 版历史,Wiki衍生数据，部分信息框已核对,26.1-snapshot-10,https://minecraft.wiki/w/Glass,17/04/2022 00:56:38,
粉红色染色玻璃,minecraft:pink_stained_glass,是,任意工具或徒手,否,是,否,透明,0.3,0.3,,,0,否,其他,粉红色,0,是,0,无工具要求,否,否,是,,0.3,0.3,无专用工具,按用户确认口径：玻璃、树叶的完整碰撞体积,待核对 Java 版历史,Wiki衍生数据，部分信息框已核对,26.1-snapshot-10,https://minecraft.wiki/w/Glass,17/04/2022 00:56:38,
灰色染色玻璃,minecraft:gray_stained_glass,是,任意工具或徒手,否,是,否,透明,0.3,0.3,,,0,否,其他,灰色,0,是,0,无工具要求,否,否,是,,0.3,0.3,无专用工具,按用户确认口径：玻璃、树叶的完整碰撞体积,待核对 Java 版历史,Wiki衍生数据，部分信息框已核对,26.1-snapshot-10,https://minecraft.wiki/w/Glass,17/04/2022 00:56:38,
淡灰色染色玻璃,minecraft:light_gray_stained_glass,是,任意工具或徒手,否,是,否,透明,0.3,0.3,,,0,否,其他,淡灰色,0,是,0,无工具要求,否,否,是,,0.3,0.3,无专用工具,按用户确认口径：玻璃、树叶的完整碰撞体积,待核对 Java 版历史,Wiki衍生数据，部分信息框已核对,26.1-snapshot-10,https://minecraft.wiki/w/Glass,17/04/2022 00:56:38,
青色染色玻璃,minecraft:cyan_stained_glass,是,任意工具或徒手,否,是,否,透明,0.3,0.3,,,0,否,其他,青色,0,是,0,无工具要求,否,否,是,,0.3,0.3,无专用工具,按用户确认口径：玻璃、树叶的完整碰撞体积,待核对 Java 版历史,Wiki衍生数据，部分信息框已核对,26.1-snapshot-10,https://minecraft.wiki/w/Glass,17/04/2022 00:56:38,
紫色染色玻璃,minecraft:purple_stained_glass,是,任意工具或徒手,否,是,否,透明,0.3,0.3,,,0,否,其他,紫色,0,是,0,无工具要求,否,否,是,,0.3,0.3,无专用工具,按用户确认口径：玻璃、树叶的完整碰撞体积,待核对 Java 版历史,Wiki衍生数据，部分信息框已核对,26.1-snapshot-10,https://minecraft.wiki/w/Glass,17/04/2022 00:56:38,
蓝色染色玻璃,minecraft:blue_stained_glass,是,任意工具或徒手,否,是,否,透明,0.3,0.3,,,0,否,其他,蓝色,0,是,0,无工具要求,否,否,是,,0.3,0.3,无专用工具,按用户确认口径：玻璃、树叶的完整碰撞体积,待核对 Java 版历史,Wiki衍生数据，部分信息框已核对,26.1-snapshot-10,https://minecraft.wiki/w/Glass,17/04/2022 00:56:38,
棕色染色玻璃,minecraft:brown_stained_glass,是,任意工具或徒手,否,是,否,透明,0.3,0.3,,,0,否,其他,棕色,0,是,0,无工具要求,否,否,是,,0.3,0.3,无专用工具,按用户确认口径：玻璃、树叶的完整碰撞体积,待核对 Java 版历史,Wiki衍生数据，部分信息框已核对,26.1-snapshot-10,https://minecraft.wiki/w/Glass,17/04/2022 00:56:38,
绿色染色玻璃,minecraft:green_stained_glass,是,任意工具或徒手,否,是,否,透明,0.3,0.3,,,0,否,其他,绿色,0,是,0,无工具要求,否,否,是,,0.3,0.3,无专用工具,按用户确认口径：玻璃、树叶的完整碰撞体积,待核对 Java 版历史,Wiki衍生数据，部分信息框已核对,26.1-snapshot-10,https://minecraft.wiki/w/Glass,17/04/2022 00:56:38,
红色染色玻璃,minecraft:red_stained_glass,是,任意工具或徒手,否,是,否,透明,0.3,0.3,,,0,否,其他,红色,0,是,0,无工具要求,否,否,是,,0.3,0.3,无专用工具,按用户确认口径：玻璃、树叶的完整碰撞体积,待核对 Java 版历史,Wiki衍生数据，部分信息框已核对,26.1-snapshot-10,https://minecraft.wiki/w/Glass,17/04/2022 00:56:38,
黑色染色玻璃,minecraft:black_stained_glass,是,任意工具或徒手,否,是,否,透明,0.3,0.3,,,0,否,其他,黑色,0,是,0,无工具要求,否,否,是,,0.3,0.3,无专用工具,按用户确认口径：玻璃、树叶的完整碰撞体积,待核对 Java 版历史,Wiki衍生数据，部分信息框已核对,26.1-snapshot-10,https://minecraft.wiki/w/Glass,17/04/2022 00:56:38,
橡木活板门,minecraft:oak_trapdoor,是,斧,否,否,否,透明,3,3,,,0,是,活板门,无,0,是,0,无工具要求,是,否,是,,3,3,斧,Wiki 形状或非标准高度说明；按该类几何形状分类,待核对 Java 版历史,Wiki衍生数据，部分信息框已核对,26.1-snapshot-10,https://minecraft.wiki/w/Trapdoor,16/04/2022 22:28:27,
云杉木活板门,minecraft:spruce_trapdoor,是,斧,否,否,否,透明,3,3,,,0,是,活板门,无,0,是,0,无工具要求,是,否,是,,3,3,斧,Wiki 形状或非标准高度说明；按该类几何形状分类,待核对 Java 版历史,Wiki衍生数据，部分信息框已核对,26.1-snapshot-10,https://minecraft.wiki/w/Trapdoor,16/04/2022 22:28:27,
白桦木活板门,minecraft:birch_trapdoor,是,斧,否,否,否,透明,3,3,,,0,是,活板门,无,0,是,0,无工具要求,是,否,是,,3,3,斧,Wiki 形状或非标准高度说明；按该类几何形状分类,待核对 Java 版历史,Wiki衍生数据，部分信息框已核对,26.1-snapshot-10,https://minecraft.wiki/w/Trapdoor,16/04/2022 22:28:27,
丛林木活板门,minecraft:jungle_trapdoor,是,斧,否,否,否,透明,3,3,,,0,是,活板门,无,0,是,0,无工具要求,是,否,是,,3,3,斧,Wiki 形状或非标准高度说明；按该类几何形状分类,待核对 Java 版历史,Wiki衍生数据，部分信息框已核对,26.1-snapshot-10,https://minecraft.wiki/w/Trapdoor,16/04/2022 22:28:27,
金合欢木活板门,minecraft:acacia_trapdoor,是,斧,否,否,否,透明,3,3,,,0,是,活板门,无,0,是,0,无工具要求,是,否,是,,3,3,斧,Wiki 形状或非标准高度说明；按该类几何形状分类,待核对 Java 版历史,Wiki衍生数据，部分信息框已核对,26.1-snapshot-10,https://minecraft.wiki/w/Trapdoor,16/04/2022 22:28:27,
樱花木活板门,minecraft:cherry_trapdoor,是,斧,否,否,否,透明,3,3,,,0,是,活板门,无,0,是,0,无工具要求,是,否,是,,3,3,斧,Wiki 形状或非标准高度说明；按该类几何形状分类,待查Wiki页面,Wiki衍生数据，未核对原信息框,26.1-snapshot-10,,,
深色橡木活板门,minecraft:dark_oak_trapdoor,是,斧,否,否,否,透明,3,3,,,0,是,活板门,无,0,是,0,无工具要求,是,否,是,,3,3,斧,Wiki 形状或非标准高度说明；按该类几何形状分类,待核对 Java 版历史,Wiki衍生数据，部分信息框已核对,26.1-snapshot-10,https://minecraft.wiki/w/Trapdoor,16/04/2022 22:28:27,
苍白橡木活板门,minecraft:pale_oak_trapdoor,是,斧,否,否,否,透明,3,3,,,0,是,活板门,无,0,是,0,无工具要求,是,否,是,,3,3,斧,Wiki 形状或非标准高度说明；按该类几何形状分类,待查Wiki页面,Wiki衍生数据，未核对原信息框,26.1-snapshot-10,,,
红树木活板门,minecraft:mangrove_trapdoor,是,斧,否,否,否,透明,3,3,,,0,是,活板门,无,0,是,0,无工具要求,是,否,是,,3,3,斧,Wiki 形状或非标准高度说明；按该类几何形状分类,待查Wiki页面,Wiki衍生数据，未核对原信息框,26.1-snapshot-10,,,
竹活板门,minecraft:bamboo_trapdoor,是,斧,否,否,否,透明,3,3,,,0,是,活板门,无,0,是,0,无工具要求,是,否,是,,3,3,斧,Wiki 形状或非标准高度说明；按该类几何形状分类,待查Wiki页面,Wiki衍生数据，未核对原信息框,26.1-snapshot-10,,,
石砖,minecraft:stone_bricks,待核对,镐,否,待核对,否,不透明,6,1.5,Beta Pre-release,1.0.0,0,否,其他,无,0,否,15,木级及以上（含金）,否,否,是,,1.5,6,镐,需要 Wiki 中明确的完整碰撞体积说明,页面历史中的明确加入记录,Wiki衍生数据，部分信息框已核对,26.1-snapshot-10,https://minecraft.wiki/w/Stone_Bricks,18/04/2022 15:12:00,2022信息框的可再生性与较新资料不同
苔石砖,minecraft:mossy_stone_bricks,是,镐,否,待核对,否,不透明,6,1.5,,,0,否,其他,无,0,否,15,木级及以上（含金）,否,否,是,,1.5,6,镐,需要 Wiki 中明确的完整碰撞体积说明,待核对 Java 版历史,Wiki衍生数据，部分信息框已核对,26.1-snapshot-10,https://minecraft.wiki/w/Stone_Bricks,18/04/2022 15:12:00,
裂纹石砖,minecraft:cracked_stone_bricks,是,镐,否,待核对,否,不透明,6,1.5,,,0,否,其他,无,0,否,15,木级及以上（含金）,否,否,是,,1.5,6,镐,需要 Wiki 中明确的完整碰撞体积说明,待核对 Java 版历史,Wiki衍生数据，部分信息框已核对,26.1-snapshot-10,https://minecraft.wiki/w/Stone_Bricks,18/04/2022 15:12:00,
雕纹石砖,minecraft:chiseled_stone_bricks,待核对,镐,否,待核对,否,不透明,6,1.5,1.2,1.2.1,0,否,其他,无,0,否,15,木级及以上（含金）,否,否,是,,1.5,6,镐,需要 Wiki 中明确的完整碰撞体积说明,页面历史中的明确加入记录,Wiki衍生数据，部分信息框已核对,26.1-snapshot-10,https://minecraft.wiki/w/Stone_Bricks,18/04/2022 15:12:00,2022信息框的可再生性与较新资料不同
泥坯,minecraft:packed_mud,是,镐,否,待核对,否,不透明,3,1,22w11a,,0,否,其他,无,0,否,15,无工具要求,否,否,是,,1,3,镐,需要 Wiki 中明确的完整碰撞体积说明,离线Wiki中为即将发布记录；正式版本待核对,Wiki衍生数据，部分信息框已核对,26.1-snapshot-10,https://minecraft.wiki/w/Packed_Mud,17/04/2022 01:58:59,
泥砖,minecraft:mud_bricks,是,镐,否,待核对,否,不透明,3,1.5,22w11a,,0,否,其他,无,0,否,15,木级及以上（含金）,否,否,是,,1.5,3,镐,需要 Wiki 中明确的完整碰撞体积说明,离线Wiki中为即将发布记录；正式版本待核对,Wiki衍生数据，部分信息框已核对,26.1-snapshot-10,https://minecraft.wiki/w/Mud_Bricks,17/04/2022 00:10:31,
虫蚀石头,minecraft:infested_stone,否,镐,否,待核对,否,不透明,0.75,0.75,,,0,否,其他,无,0,否,15,无工具要求,否,否,是,,0.75,0.75,镐,需要 Wiki 中明确的完整碰撞体积说明,待核对 Java 版历史,Wiki衍生数据，部分信息框已核对,26.1-snapshot-10,https://minecraft.wiki/w/Infested_Block,18/04/2022 15:15:08,
虫蚀圆石,minecraft:infested_cobblestone,否,镐,否,待核对,否,不透明,0.75,1,,,0,否,其他,无,0,否,15,无工具要求,否,否,是,,1,0.75,镐,需要 Wiki 中明确的完整碰撞体积说明,待核对 Java 版历史,Wiki衍生数据，部分信息框已核对,26.1-snapshot-10,https://minecraft.wiki/w/Infested_Block,18/04/2022 15:15:08,
虫蚀石砖,minecraft:infested_stone_bricks,否,镐,否,待核对,否,不透明,0.75,0.75,,,0,否,其他,无,0,否,15,无工具要求,否,否,是,,0.75,0.75,镐,需要 Wiki 中明确的完整碰撞体积说明,待核对 Java 版历史,Wiki衍生数据，部分信息框已核对,26.1-snapshot-10,https://minecraft.wiki/w/Infested_Block,18/04/2022 15:15:08,
虫蚀苔石砖,minecraft:infested_mossy_stone_bricks,否,镐,否,待核对,否,不透明,0.75,0.75,,,0,否,其他,无,0,否,15,无工具要求,否,否,是,,0.75,0.75,镐,需要 Wiki 中明确的完整碰撞体积说明,待核对 Java 版历史,Wiki衍生数据，部分信息框已核对,26.1-snapshot-10,https://minecraft.wiki/w/Infested_Block,18/04/2022 15:15:08,
虫蚀裂纹石砖,minecraft:infested_cracked_stone_bricks,否,镐,否,待核对,否,不透明,0.75,0.75,,,0,否,其他,无,0,否,15,无工具要求,否,否,是,,0.75,0.75,镐,需要 Wiki 中明确的完整碰撞体积说明,待核对 Java 版历史,Wiki衍生数据，部分信息框已核对,26.1-snapshot-10,https://minecraft.wiki/w/Infested_Block,18/04/2022 15:15:08,
虫蚀雕纹石砖,minecraft:infested_chiseled_stone_bricks,否,镐,否,待核对,否,不透明,0.75,0.75,,,0,否,其他,无,0,否,15,无工具要求,否,否,是,,0.75,0.75,镐,需要 Wiki 中明确的完整碰撞体积说明,待核对 Java 版历史,Wiki衍生数据，部分信息框已核对,26.1-snapshot-10,https://minecraft.wiki/w/Infested_Block,18/04/2022 15:15:08,
棕色蘑菇方块,minecraft:brown_mushroom_block,是,斧,否,待核对,否,不透明,0.2,0.2,,,0,否,其他,无,0,否,15,无工具要求,否,否,是,,0.2,0.2,斧,需要 Wiki 中明确的完整碰撞体积说明,待查Wiki页面,Wiki衍生数据，未核对原信息框,26.1-snapshot-10,,,
红色蘑菇方块,minecraft:red_mushroom_block,是,斧,否,待核对,否,不透明,0.2,0.2,,,0,否,其他,无,0,否,15,无工具要求,否,否,是,,0.2,0.2,斧,需要 Wiki 中明确的完整碰撞体积说明,待查Wiki页面,Wiki衍生数据，未核对原信息框,26.1-snapshot-10,,,
蘑菇柄,minecraft:mushroom_stem,是,斧,否,待核对,否,不透明,0.2,0.2,,,0,否,其他,无,0,否,15,无工具要求,否,否,是,,0.2,0.2,斧,需要 Wiki 中明确的完整碰撞体积说明,待查Wiki页面,Wiki衍生数据，未核对原信息框,26.1-snapshot-10,,,
铁栏杆,minecraft:iron_bars,是,镐,否,待核对,否,透明,6,5,Beta Pre-release,1.0.0,0,否,其他,无,0,是,0,木级及以上（含金）,是,否,是,,5,6,镐,需要 Wiki 中明确的完整碰撞体积说明,页面历史中的明确加入记录,Wiki衍生数据，部分信息框已核对,26.1-snapshot-10,https://minecraft.wiki/w/Iron_Bars,16/04/2022 23:13:25,
铜栏杆,minecraft:copper_bars,是,镐,否,待核对,否,透明,6,5,,,0,否,其他,无,0,是,0,木级及以上（含金）,是,否,是,,5,6,镐,需要 Wiki 中明确的完整碰撞体积说明,待查Wiki页面,Wiki衍生数据，未核对原信息框,26.1-snapshot-10,,,
斑驳的铜栏杆,minecraft:exposed_copper_bars,是,镐,否,待核对,否,透明,6,5,,,0,否,其他,无,0,是,0,木级及以上（含金）,是,否,是,,5,6,镐,需要 Wiki 中明确的完整碰撞体积说明,待查Wiki页面,Wiki衍生数据，未核对原信息框,26.1-snapshot-10,,,
锈蚀的铜栏杆,minecraft:weathered_copper_bars,是,镐,否,待核对,否,透明,6,5,,,0,否,其他,无,0,是,0,木级及以上（含金）,是,否,是,,5,6,镐,需要 Wiki 中明确的完整碰撞体积说明,待查Wiki页面,Wiki衍生数据，未核对原信息框,26.1-snapshot-10,,,
氧化的铜栏杆,minecraft:oxidized_copper_bars,是,镐,否,待核对,否,透明,6,5,,,0,否,其他,无,0,是,0,木级及以上（含金）,是,否,是,,5,6,镐,需要 Wiki 中明确的完整碰撞体积说明,待查Wiki页面,Wiki衍生数据，未核对原信息框,26.1-snapshot-10,,,
涂蜡的铜栏杆,minecraft:waxed_copper_bars,是,镐,否,待核对,否,透明,6,5,,,0,否,其他,无,0,是,0,木级及以上（含金）,是,否,是,,5,6,镐,需要 Wiki 中明确的完整碰撞体积说明,待查Wiki页面,Wiki衍生数据，未核对原信息框,26.1-snapshot-10,,,
涂蜡的斑驳铜栏杆,minecraft:waxed_exposed_copper_bars,是,镐,否,待核对,否,透明,6,5,,,0,否,其他,无,0,是,0,木级及以上（含金）,是,否,是,,5,6,镐,需要 Wiki 中明确的完整碰撞体积说明,待查Wiki页面,Wiki衍生数据，未核对原信息框,26.1-snapshot-10,,,
涂蜡的锈蚀铜栏杆,minecraft:waxed_weathered_copper_bars,是,镐,否,待核对,否,透明,6,5,,,0,否,其他,无,0,是,0,木级及以上（含金）,是,否,是,,5,6,镐,需要 Wiki 中明确的完整碰撞体积说明,待查Wiki页面,Wiki衍生数据，未核对原信息框,26.1-snapshot-10,,,
涂蜡的氧化铜栏杆,minecraft:waxed_oxidized_copper_bars,是,镐,否,待核对,否,透明,6,5,,,0,否,其他,无,0,是,0,木级及以上（含金）,是,否,是,,5,6,镐,需要 Wiki 中明确的完整碰撞体积说明,待查Wiki页面,Wiki衍生数据，未核对原信息框,26.1-snapshot-10,,,
铁链,minecraft:iron_chain,是,镐,否,待核对,否,透明,6,5,20w16a,1.16,0,否,其他,无,0,是,0,木级及以上（含金）,是,否,是,,5,6,镐,需要 Wiki 中明确的完整碰撞体积说明,页面历史中的明确加入记录,Wiki衍生数据，部分信息框已核对,26.1-snapshot-10,https://minecraft.wiki/w/Chain,18/04/2022 15:46:36,
铜链,minecraft:copper_chain,是,镐,否,待核对,否,透明,6,5,,,0,否,其他,无,0,是,0,木级及以上（含金）,是,否,是,,5,6,镐,需要 Wiki 中明确的完整碰撞体积说明,待查Wiki页面,Wiki衍生数据，未核对原信息框,26.1-snapshot-10,,,
斑驳的铜链,minecraft:exposed_copper_chain,是,镐,否,待核对,否,透明,6,5,,,0,否,其他,无,0,是,0,木级及以上（含金）,是,否,是,,5,6,镐,需要 Wiki 中明确的完整碰撞体积说明,待查Wiki页面,Wiki衍生数据，未核对原信息框,26.1-snapshot-10,,,
锈蚀的铜链,minecraft:weathered_copper_chain,是,镐,否,待核对,否,透明,6,5,,,0,否,其他,无,0,是,0,木级及以上（含金）,是,否,是,,5,6,镐,需要 Wiki 中明确的完整碰撞体积说明,待查Wiki页面,Wiki衍生数据，未核对原信息框,26.1-snapshot-10,,,
氧化的铜链,minecraft:oxidized_copper_chain,是,镐,否,待核对,否,透明,6,5,,,0,否,其他,无,0,是,0,木级及以上（含金）,是,否,是,,5,6,镐,需要 Wiki 中明确的完整碰撞体积说明,待查Wiki页面,Wiki衍生数据，未核对原信息框,26.1-snapshot-10,,,
涂蜡的铜链,minecraft:waxed_copper_chain,是,镐,否,待核对,否,透明,6,5,,,0,否,其他,无,0,是,0,木级及以上（含金）,是,否,是,,5,6,镐,需要 Wiki 中明确的完整碰撞体积说明,待查Wiki页面,Wiki衍生数据，未核对原信息框,26.1-snapshot-10,,,
涂蜡的斑驳铜链,minecraft:waxed_exposed_copper_chain,是,镐,否,待核对,否,透明,6,5,,,0,否,其他,无,0,是,0,木级及以上（含金）,是,否,是,,5,6,镐,需要 Wiki 中明确的完整碰撞体积说明,待查Wiki页面,Wiki衍生数据，未核对原信息框,26.1-snapshot-10,,,
涂蜡的锈蚀铜链,minecraft:waxed_weathered_copper_chain,是,镐,否,待核对,否,透明,6,5,,,0,否,其他,无,0,是,0,木级及以上（含金）,是,否,是,,5,6,镐,需要 Wiki 中明确的完整碰撞体积说明,待查Wiki页面,Wiki衍生数据，未核对原信息框,26.1-snapshot-10,,,
涂蜡的氧化铜链,minecraft:waxed_oxidized_copper_chain,是,镐,否,待核对,否,透明,6,5,,,0,否,其他,无,0,是,0,木级及以上（含金）,是,否,是,,5,6,镐,需要 Wiki 中明确的完整碰撞体积说明,待查Wiki页面,Wiki衍生数据，未核对原信息框,26.1-snapshot-10,,,
玻璃板,minecraft:glass_pane,是,任意工具或徒手,否,待核对,否,透明,0.3,0.3,Beta Pre-release,1.0.0,0,否,其他,无,0,是,0,无工具要求,是,否,是,,0.3,0.3,无专用工具,需要 Wiki 中明确的完整碰撞体积说明,页面历史中的明确加入记录,Wiki衍生数据，部分信息框已核对,26.1-snapshot-10,https://minecraft.wiki/w/Glass_Pane,18/04/2022 16:13:38,
南瓜,minecraft:pumpkin,是,斧,否,待核对,否,部分透明,1,1,17w47a,1.13,0,否,其他,无,0,否,15,无工具要求,否,否,是,,1,1,斧,需要 Wiki 中明确的完整碰撞体积说明,页面历史中的明确加入记录,Wiki衍生数据，部分信息框已核对,26.1-snapshot-10,https://minecraft.wiki/w/Pumpkin,18/04/2022 15:56:24,
西瓜,minecraft:melon,是,斧；剑,否,待核对,否,不透明,1,1,Beta Pre-release,1.0.0,0,否,其他,无,0,否,15,无工具要求,否,否,是,,1,1,斧,需要 Wiki 中明确的完整碰撞体积说明,页面历史中的明确加入记录,Wiki衍生数据，部分信息框已核对,26.1-snapshot-10,https://minecraft.wiki/w/Melon,17/04/2022 01:28:52,
结果的南瓜茎,minecraft:attached_pumpkin_stem,待核对,待核对,待核对,待核对,待核对,待核对,,,,,,待核对,其他,无,0,是,0,无工具要求,否,否,否,无独立同名方块物品的放置形态,0,0,无专用工具,需要 Wiki 中明确的完整碰撞体积说明,待查Wiki页面,待补充,,,,
结果的西瓜茎,minecraft:attached_melon_stem,待核对,待核对,待核对,待核对,待核对,待核对,,,,,,待核对,其他,无,0,是,0,无工具要求,否,否,否,无独立同名方块物品的放置形态,0,0,无专用工具,需要 Wiki 中明确的完整碰撞体积说明,待查Wiki页面,待补充,,,,
南瓜茎,minecraft:pumpkin_stem,待核对,待核对,待核对,待核对,待核对,待核对,,,,,,待核对,作物,无,0,是,0,无工具要求,否,否,否,无独立同名方块物品的放置形态,0,0,无专用工具,需要 Wiki 中明确的完整碰撞体积说明,待查Wiki页面,待补充,,,,
西瓜茎,minecraft:melon_stem,待核对,待核对,待核对,待核对,待核对,待核对,,,,,,待核对,作物,无,0,是,0,无工具要求,否,否,否,无独立同名方块物品的放置形态,0,0,无专用工具,需要 Wiki 中明确的完整碰撞体积说明,待查Wiki页面,待补充,,,,
藤蔓,minecraft:vine,是,剪刀,否,待核对,是,透明,0.2,0.2,,,0,是,其他,无,0,是,0,无工具要求,否,否,是,,0.2,0.2,斧；剪刀,需要 Wiki 中明确的完整碰撞体积说明,待核对 Java 版历史,Wiki衍生数据，部分信息框已核对,26.1-snapshot-10,https://minecraft.wiki/w/Vines,18/04/2022 16:09:42,
发光地衣,minecraft:glow_lichen,是,剪刀；斧,是,待核对,是,透明,0.2,0.2,21w03a,1.17,7,是,其他,无,0,是,0,无工具要求,是,否,是,,0.2,0.2,斧；剪刀,需要 Wiki 中明确的完整碰撞体积说明,页面历史中的明确加入记录,Wiki衍生数据，部分信息框已核对,26.1-snapshot-10,https://minecraft.wiki/w/Glow_Lichen,16/04/2022 23:59:14,
树脂团,minecraft:resin_clump,是,任意工具或徒手,否,待核对,否,透明,0,0,,,0,是,其他,无,0,是,1,无工具要求,是,否,是,,0,0,无专用工具,需要 Wiki 中明确的完整碰撞体积说明,待查Wiki页面,Wiki衍生数据，未核对原信息框,26.1-snapshot-10,,,
橡木栅栏门,minecraft:oak_fence_gate,是,斧,否,否,是,透明,3,2,,,0,是,栅栏门,无,0,否,0,无工具要求,否,否,是,,2,3,斧,Wiki 形状或非标准高度说明；按该类几何形状分类,待核对 Java 版历史,Wiki衍生数据，部分信息框已核对,26.1-snapshot-10,https://minecraft.wiki/w/Fence_Gate,19/04/2022 20:04:49,
红砖楼梯,minecraft:brick_stairs,是,镐,否,否,否,透明,6,2,,,0,否,楼梯,无,0,否,0,木级及以上（含金）,是,否,是,,2,6,镐,Wiki 形状或非标准高度说明；按该类几何形状分类,待核对 Java 版历史,Wiki衍生数据，部分信息框已核对,26.1-snapshot-10,https://minecraft.wiki/w/Stairs,18/04/2022 15:56:34,
石砖楼梯,minecraft:stone_brick_stairs,否,镐,否,否,否,部分透明,6,1.5,Beta Pre-release,1.0.0,0,否,楼梯,无,0,否,0,木级及以上（含金）,是,否,是,,1.5,6,镐,Wiki 形状或非标准高度说明；按该类几何形状分类,页面历史中的明确加入记录,Wiki衍生数据，部分信息框已核对,26.1-snapshot-10,https://minecraft.wiki/w/Stairs,18/04/2022 15:56:34,
泥砖楼梯,minecraft:mud_brick_stairs,是,镐,否,否,否,部分透明,3,1.5,22w11a,,0,否,楼梯,无,0,否,0,木级及以上（含金）,是,否,是,,1.5,3,镐,Wiki 形状或非标准高度说明；按该类几何形状分类,离线Wiki中为即将发布记录；正式版本待核对,Wiki衍生数据，部分信息框已核对,26.1-snapshot-10,https://minecraft.wiki/w/Stairs,18/04/2022 15:56:34,
菌丝体,minecraft:mycelium,是,锹,否,待核对,否,不透明,0.6,0.6,1.0.0 Beta 1.9 Prerelease,1.0.0,0,否,其他,无,0,否,15,无工具要求,否,否,是,,0.6,0.6,锹,需要 Wiki 中明确的完整碰撞体积说明,页面历史中的明确加入记录,Wiki衍生数据，部分信息框已核对,26.1-snapshot-10,https://minecraft.wiki/w/Mycelium,17/04/2022 00:26:32,2022信息框的爆炸抗性与较新资料不同
睡莲,minecraft:lily_pad,是,任意工具或徒手,否,待核对,否,透明,0,0,1.0.0 Beta 1.9 Prerelease,1.0.0,0,否,其他,无,0,是,0,无工具要求,否,否,是,,0,0,无专用工具,需要 Wiki 中明确的完整碰撞体积说明,页面历史中的明确加入记录,Wiki衍生数据，部分信息框已核对,26.1-snapshot-10,https://minecraft.wiki/w/Lily_Pad,16/04/2022 22:53:17,
树脂块,minecraft:resin_block,是,任意工具或徒手,否,待核对,否,不透明,0,0,,,0,否,其他,无,0,否,15,无工具要求,否,否,是,,0,0,无专用工具,需要 Wiki 中明确的完整碰撞体积说明,待查Wiki页面,Wiki衍生数据，未核对原信息框,26.1-snapshot-10,,,
树脂砖块,minecraft:resin_bricks,是,镐,否,待核对,否,不透明,6,1.5,,,0,否,其他,无,0,否,15,木级及以上（含金）,否,否,是,,1.5,6,镐,需要 Wiki 中明确的完整碰撞体积说明,待查Wiki页面,Wiki衍生数据，未核对原信息框,26.1-snapshot-10,,,
树脂砖楼梯,minecraft:resin_brick_stairs,是,镐,否,否,否,部分透明,6,1.5,,,0,否,楼梯,无,0,否,0,木级及以上（含金）,是,否,是,,1.5,6,镐,Wiki 形状或非标准高度说明；按该类几何形状分类,待查Wiki页面,Wiki衍生数据，未核对原信息框,26.1-snapshot-10,,,
树脂砖台阶,minecraft:resin_brick_slab,是,镐,否,仅特定状态,否,部分透明,6,1.5,,,0,否,台阶,无,0,否,0,木级及以上（含金）,是,否,是,,1.5,6,镐,Wiki 台阶说明：仅双层台阶是完整方块,待查Wiki页面,Wiki衍生数据，未核对原信息框,26.1-snapshot-10,,,
树脂砖墙,minecraft:resin_brick_wall,是,镐,否,否,否,透明,6,1.5,,,0,否,墙,无,0,否,0,木级及以上（含金）,是,否,是,,1.5,6,镐,Wiki 形状或非标准高度说明；按该类几何形状分类,待查Wiki页面,Wiki衍生数据，未核对原信息框,26.1-snapshot-10,,,
雕纹树脂砖块,minecraft:chiseled_resin_bricks,是,镐,否,待核对,否,不透明,6,1.5,,,0,否,其他,无,0,否,15,木级及以上（含金）,否,否,是,,1.5,6,镐,需要 Wiki 中明确的完整碰撞体积说明,待查Wiki页面,Wiki衍生数据，未核对原信息框,26.1-snapshot-10,,,
下界砖块,minecraft:nether_bricks,是,镐,否,待核对,否,不透明,6,2,1.0.0 Beta 1.9 Prerelease,1.0.0,0,否,其他,无,0,否,15,木级及以上（含金）,否,否,是,,2,6,镐,需要 Wiki 中明确的完整碰撞体积说明,页面历史中的明确加入记录,Wiki衍生数据，部分信息框已核对,26.1-snapshot-10,https://minecraft.wiki/w/Nether_Bricks,17/04/2022 02:38:21,
下界砖栅栏,minecraft:nether_brick_fence,是,镐,否,否,否,透明,6,2,1.0.0 Beta 1.9 Prerelease,1.0.0,0,否,栅栏,无,0,否,0,木级及以上（含金）,是,否,是,,2,6,镐,Wiki 形状或非标准高度说明；按该类几何形状分类,页面历史中的明确加入记录,Wiki衍生数据，部分信息框已核对,26.1-snapshot-10,https://minecraft.wiki/w/Fence,18/04/2022 16:12:26,
下界砖楼梯,minecraft:nether_brick_stairs,是,镐,否,否,否,部分透明,6,2,1.0.0 Beta 1.9 Prerelease,1.0.0,0,否,楼梯,无,0,否,0,木级及以上（含金）,是,否,是,,2,6,镐,Wiki 形状或非标准高度说明；按该类几何形状分类,页面历史中的明确加入记录,Wiki衍生数据，部分信息框已核对,26.1-snapshot-10,https://minecraft.wiki/w/Stairs,18/04/2022 15:56:34,
下界疣,minecraft:nether_wart,是,任意工具或徒手,否,待核对,否,透明,0,0,1.0.0 Beta 1.9 Prerelease,1.0.0,0,否,其他,无,0,是,0,无工具要求,否,否,是,,0,0,无专用工具,需要 Wiki 中明确的完整碰撞体积说明,页面历史中的明确加入记录,Wiki衍生数据，部分信息框已核对,26.1-snapshot-10,https://minecraft.wiki/w/Nether_Wart,18/04/2022 15:04:44,
附魔台,minecraft:enchanting_table,仅宝库有限获取,镐,是,否,否,透明,1200,5,,,7,否,其他,无,7,否,0,木级及以上（含金）,否,否,是,,5,1200,镐,Wiki Solid block 页的非标准高度或宽度表,待核对 Java 版历史,Wiki衍生数据，部分信息框已核对,26.1-snapshot-10,https://minecraft.wiki/w/Enchanting_Table,18/04/2022 15:38:08,新资料增加有限宝库获取途径；不视为无限可再生
酿造台,minecraft:brewing_stand,是,镐,是,否,否,不透明,0.5,0.5,1.0.0 Beta 1.9 Prerelease 3,1.0.0,1,否,其他,无,1,是,0,无工具要求,否,否,是,,0.5,0.5,镐,Wiki Solid block 页的非标准高度或宽度表,页面历史中的明确加入记录,Wiki衍生数据，部分信息框已核对,26.1-snapshot-10,https://minecraft.wiki/w/Brewing_Stand,17/04/2022 03:33:58,
炼药锅,minecraft:cauldron,是,镐,否,否,否,透明,2,2,,,0,否,其他,无,0,是,0,木级及以上（含金）,否,否,是,,2,2,镐,Wiki Solid block 页的非标准高度或宽度表,待核对 Java 版历史,Wiki衍生数据，部分信息框已核对,26.1-snapshot-10,https://minecraft.wiki/w/Cauldron,18/04/2022 16:00:43,
装有水的炼药锅,minecraft:water_cauldron,是,待核对,待核对,否,否,待核对,2,2,,,,否,其他,无,0,是,0,木级及以上（含金）,否,否,否,无独立同名方块物品的放置形态,2,2,镐,Wiki Solid block 页的非标准高度或宽度表,待核对 Java 版历史,Wiki离线信息框,2022年4月离线Wiki,https://minecraft.wiki/w/Cauldron,18/04/2022 16:00:43,
装有熔岩的炼药锅,minecraft:lava_cauldron,是,待核对,待核对,否,否,待核对,2,2,,,,否,其他,无,15,是,0,木级及以上（含金）,否,否,否,无独立同名方块物品的放置形态,2,2,镐,Wiki Solid block 页的非标准高度或宽度表,待核对 Java 版历史,Wiki离线信息框,2022年4月离线Wiki,https://minecraft.wiki/w/Cauldron,18/04/2022 16:00:43,
装有细雪的炼药锅,minecraft:powder_snow_cauldron,是,待核对,待核对,否,否,待核对,2,2,,,,否,其他,无,0,是,0,木级及以上（含金）,否,否,否,无独立同名方块物品的放置形态,2,2,镐,Wiki Solid block 页的非标准高度或宽度表,待核对 Java 版历史,Wiki离线信息框,2022年4月离线Wiki,https://minecraft.wiki/w/Cauldron,18/04/2022 16:00:43,
末地传送门,minecraft:end_portal,待核对,待核对,待核对,待核对,待核对,待核对,,,,,,待核对,其他,无,15,是,0,不适用,否,否,否,无独立同名方块物品的放置形态,-1,3600000,无专用工具,需要 Wiki 中明确的完整碰撞体积说明,待核对 Java 版历史,待补充,,https://minecraft.wiki/w/End_portal,16/04/2022 22:40:52,
末地传送门框架,minecraft:end_portal_frame,否,无有效工具,是,否,否,部分透明,3600000,-1,1.0.0 Beta 1.9 Prerelease 3,1.0.0,1,否,其他,无,1,否,0,不适用,否,否,是,,-1,3600000,无专用工具,Wiki Solid block 页的非标准高度或宽度表,页面历史中的明确加入记录,Wiki衍生数据，部分信息框已核对,26.1-snapshot-10,https://minecraft.wiki/w/End_Portal_Frame,18/04/2022 16:01:27,
末地石,minecraft:end_stone,是,镐,否,待核对,否,不透明,9,3,,,0,否,其他,无,0,否,15,木级及以上（含金）,否,否,是,,3,9,镐,需要 Wiki 中明确的完整碰撞体积说明,待核对 Java 版历史,Wiki衍生数据，部分信息框已核对,26.1-snapshot-10,https://minecraft.wiki/w/End_Stone,17/04/2022 00:51:12,
龙蛋,minecraft:dragon_egg,否,任意工具或徒手,是,待核对,否,透明,9,3,1.0.0 Beta 1.9 Prerelease 6,1.0.0,1,否,其他,无,1,是,0,无工具要求,否,否,是,,3,9,无专用工具,需要 Wiki 中明确的完整碰撞体积说明,页面历史中的明确加入记录,Wiki衍生数据，部分信息框已核对,26.1-snapshot-10,https://minecraft.wiki/w/Dragon_Egg,17/04/2022 04:20:43,
红石灯,minecraft:redstone_lamp,是,任意工具或徒手,是,待核对,否,不透明,0.3,0.3,12w07a,1.2.1,15,否,其他,无,0,否,15,无工具要求,否,是,是,,0.3,0.3,无专用工具,需要 Wiki 中明确的完整碰撞体积说明,页面历史中的明确加入记录,Wiki衍生数据，部分信息框已核对,26.1-snapshot-10,https://minecraft.wiki/w/Redstone_Lamp,17/04/2022 02:21:58,
可可果,minecraft:cocoa,是,斧,否,待核对,否,透明,3,0.2,,,0,否,其他,无,0,是,0,无工具要求,否,否,否,无独立同名方块物品的放置形态,0.2,3,斧,需要 Wiki 中明确的完整碰撞体积说明,待查Wiki页面,Wiki衍生数据，未核对原信息框,26.1-snapshot-10,,,
砂岩楼梯,minecraft:sandstone_stairs,是,镐,否,否,否,部分透明,0.8,0.8,12w21a,1.3.1,0,否,楼梯,无,0,否,0,木级及以上（含金）,是,否,是,,0.8,0.8,镐,Wiki 形状或非标准高度说明；按该类几何形状分类,页面历史中的明确加入记录,Wiki衍生数据，部分信息框已核对,26.1-snapshot-10,https://minecraft.wiki/w/Stairs,18/04/2022 15:56:34,
绿宝石矿石,minecraft:emerald_ore,否,镐,否,待核对,否,不透明,3,3,12w21a,1.3.1,0,否,其他,无,0,否,15,铁级及以上,否,否,是,,3,3,镐,需要 Wiki 中明确的完整碰撞体积说明,页面历史中的明确加入记录,Wiki衍生数据，部分信息框已核对,26.1-snapshot-10,https://minecraft.wiki/w/Emerald_Ore,17/04/2022 00:53:05,
深层绿宝石矿石,minecraft:deepslate_emerald_ore,否,镐,否,待核对,否,不透明,3,4.5,,,0,否,其他,无,0,否,15,铁级及以上,否,否,是,,4.5,3,镐,需要 Wiki 中明确的完整碰撞体积说明,待核对 Java 版历史,Wiki衍生数据，部分信息框已核对,26.1-snapshot-10,https://minecraft.wiki/w/Emerald_Ore,17/04/2022 00:53:05,
末影箱,minecraft:ender_chest,是,镐,是,否,否,透明,600,22.5,12w21a,1.3.1,7,否,其他,无,7,否,0,无工具要求,是,否,是,,22.5,600,镐,Wiki Solid block 页的非标准高度或宽度表,页面历史中的明确加入记录,Wiki衍生数据，部分信息框已核对,26.1-snapshot-10,https://minecraft.wiki/w/Ender_Chest,18/04/2022 16:05:28,
绊线钩,minecraft:tripwire_hook,是,任意工具或徒手,否,待核对,否,透明,0,0,12w22a,1.3.1,0,否,其他,无,0,是,0,无工具要求,否,否,是,,0,0,无专用工具,需要 Wiki 中明确的完整碰撞体积说明,页面历史中的明确加入记录,Wiki衍生数据，部分信息框已核对,26.1-snapshot-10,https://minecraft.wiki/w/Tripwire_Hook,18/04/2022 15:21:15,
绊线,minecraft:tripwire,是,任意工具或徒手,否,待核对,否,透明,0,0,,,0,否,其他,无,0,是,0,无工具要求,否,否,否,无独立同名方块物品的放置形态,0,0,无专用工具,需要 Wiki 中明确的完整碰撞体积说明,待查Wiki页面,Wiki衍生数据，未核对原信息框,26.1-snapshot-10,,,
绿宝石块,minecraft:emerald_block,是,镐,否,待核对,否,不透明,6,5,,,0,否,其他,无,0,否,15,铁级及以上,否,否,是,,5,6,镐,需要 Wiki 中明确的完整碰撞体积说明,待核对 Java 版历史,Wiki衍生数据，部分信息框已核对,26.1-snapshot-10,https://minecraft.wiki/w/Block_of_Emerald,16/04/2022 22:34:02,
云杉木楼梯,minecraft:spruce_stairs,是,斧,否,否,是,部分透明,3,2,,,0,是,楼梯,无,0,否,0,无工具要求,是,否,是,,2,3,斧,Wiki 形状或非标准高度说明；按该类几何形状分类,待核对 Java 版历史,Wiki衍生数据，部分信息框已核对,26.1-snapshot-10,https://minecraft.wiki/w/Stairs,18/04/2022 15:56:34,
白桦木楼梯,minecraft:birch_stairs,是,斧,否,否,是,部分透明,3,2,,,0,是,楼梯,无,0,否,0,无工具要求,是,否,是,,2,3,斧,Wiki 形状或非标准高度说明；按该类几何形状分类,待核对 Java 版历史,Wiki衍生数据，部分信息框已核对,26.1-snapshot-10,https://minecraft.wiki/w/Stairs,18/04/2022 15:56:34,
丛林木楼梯,minecraft:jungle_stairs,是,斧,否,否,是,部分透明,3,2,,,0,是,楼梯,无,0,否,0,无工具要求,是,否,是,,2,3,斧,Wiki 形状或非标准高度说明；按该类几何形状分类,待核对 Java 版历史,Wiki衍生数据，部分信息框已核对,26.1-snapshot-10,https://minecraft.wiki/w/Stairs,18/04/2022 15:56:34,
命令方块,minecraft:command_block,否,无有效工具,否,待核对,否,不透明,3600000,-1,12w32a,1.4.2,0,否,其他,无,0,否,15,不适用,否,否,否,空气或技术方块,-1,3600000,无专用工具,需要 Wiki 中明确的完整碰撞体积说明,页面历史中的明确加入记录,Wiki衍生数据，部分信息框已核对,26.1-snapshot-10,https://minecraft.wiki/w/Command_Block,18/04/2022 16:04:00,
信标,minecraft:beacon,是,任意工具或徒手,是,待核对,否,透明,3,3,,,15,否,其他,无,15,是,1,无工具要求,否,否,是,,3,3,无专用工具,需要 Wiki 中明确的完整碰撞体积说明,待核对 Java 版历史,Wiki衍生数据，部分信息框已核对,26.1-snapshot-10,https://minecraft.wiki/w/Beacon,16/04/2022 22:29:08,
圆石墙,minecraft:cobblestone_wall,是,镐,否,否,否,透明,6,2,,,0,否,墙,无,0,否,0,木级及以上（含金）,是,否,是,,2,6,镐,Wiki 形状或非标准高度说明；按该类几何形状分类,待核对 Java 版历史,Wiki衍生数据，部分信息框已核对,26.1-snapshot-10,https://minecraft.wiki/w/Wall,16/04/2022 23:37:47,
苔石墙,minecraft:mossy_cobblestone_wall,是,镐,否,否,否,透明,6,2,12w34a,1.4.2,0,否,墙,无,0,否,0,木级及以上（含金）,是,否,是,,2,6,镐,Wiki 形状或非标准高度说明；按该类几何形状分类,页面历史中的明确加入记录,Wiki衍生数据，部分信息框已核对,26.1-snapshot-10,https://minecraft.wiki/w/Wall,16/04/2022 23:37:47,
花盆,minecraft:flower_pot,是,任意工具或徒手,否,否,否,透明,0,0,12w34a,1.4.2,0,否,其他,无,0,是,0,无工具要求,否,否,是,,0,0,无专用工具,Wiki Solid block 页的非标准高度或宽度表,页面历史中的明确加入记录,Wiki衍生数据，部分信息框已核对,26.1-snapshot-10,https://minecraft.wiki/w/Flower_Pot,18/04/2022 15:36:15,
火把花盆栽,minecraft:potted_torchflower,待核对,待核对,待核对,待核对,待核对,待核对,,,,,,待核对,其他,无,0,是,0,无工具要求,否,否,否,无独立同名方块物品的放置形态,0,0,无专用工具,需要 Wiki 中明确的完整碰撞体积说明,待查Wiki页面,待补充,,,,
橡树树苗盆栽,minecraft:potted_oak_sapling,是,待核对,否,待核对,否,待核对,0,0,,,0,否,其他,无,0,是,0,无工具要求,否,否,否,无独立同名方块物品的放置形态,0,0,无专用工具,需要 Wiki 中明确的完整碰撞体积说明,待核对 Java 版历史,Wiki离线信息框,2022年4月离线Wiki,https://minecraft.wiki/w/Flower_Pot,18/04/2022 15:36:15,
云杉树苗盆栽,minecraft:potted_spruce_sapling,是,待核对,否,待核对,否,待核对,0,0,,,0,否,其他,无,0,是,0,无工具要求,否,否,否,无独立同名方块物品的放置形态,0,0,无专用工具,需要 Wiki 中明确的完整碰撞体积说明,待核对 Java 版历史,Wiki离线信息框,2022年4月离线Wiki,https://minecraft.wiki/w/Flower_Pot,18/04/2022 15:36:15,
白桦树苗盆栽,minecraft:potted_birch_sapling,是,待核对,否,待核对,否,待核对,0,0,,,0,否,其他,无,0,是,0,无工具要求,否,否,否,无独立同名方块物品的放置形态,0,0,无专用工具,需要 Wiki 中明确的完整碰撞体积说明,待核对 Java 版历史,Wiki离线信息框,2022年4月离线Wiki,https://minecraft.wiki/w/Flower_Pot,18/04/2022 15:36:15,
丛林树苗盆栽,minecraft:potted_jungle_sapling,是,待核对,否,待核对,否,待核对,0,0,,,0,否,其他,无,0,是,0,无工具要求,否,否,否,无独立同名方块物品的放置形态,0,0,无专用工具,需要 Wiki 中明确的完整碰撞体积说明,待核对 Java 版历史,Wiki离线信息框,2022年4月离线Wiki,https://minecraft.wiki/w/Flower_Pot,18/04/2022 15:36:15,
金合欢树苗盆栽,minecraft:potted_acacia_sapling,是,待核对,否,待核对,否,待核对,0,0,,,0,否,其他,无,0,是,0,无工具要求,否,否,否,无独立同名方块物品的放置形态,0,0,无专用工具,需要 Wiki 中明确的完整碰撞体积说明,待核对 Java 版历史,Wiki离线信息框,2022年4月离线Wiki,https://minecraft.wiki/w/Flower_Pot,18/04/2022 15:36:15,
樱花树苗盆栽,minecraft:potted_cherry_sapling,待核对,待核对,待核对,待核对,待核对,待核对,,,,,,待核对,其他,无,0,是,0,无工具要求,否,否,否,无独立同名方块物品的放置形态,0,0,无专用工具,需要 Wiki 中明确的完整碰撞体积说明,待查Wiki页面,待补充,,,,
深色橡树树苗盆栽,minecraft:potted_dark_oak_sapling,是,待核对,否,待核对,否,待核对,0,0,,,0,否,其他,无,0,是,0,无工具要求,否,否,否,无独立同名方块物品的放置形态,0,0,无专用工具,需要 Wiki 中明确的完整碰撞体积说明,待核对 Java 版历史,Wiki离线信息框,2022年4月离线Wiki,https://minecraft.wiki/w/Flower_Pot,18/04/2022 15:36:15,
苍白橡树树苗盆栽,minecraft:potted_pale_oak_sapling,待核对,待核对,待核对,待核对,待核对,待核对,,,,,,待核对,其他,无,0,是,0,无工具要求,否,否,否,无独立同名方块物品的放置形态,0,0,无专用工具,需要 Wiki 中明确的完整碰撞体积说明,待查Wiki页面,待补充,,,,
红树胎生苗盆栽,minecraft:potted_mangrove_propagule,待核对,待核对,待核对,待核对,待核对,待核对,,,,,,待核对,其他,无,0,是,0,无工具要求,否,否,否,无独立同名方块物品的放置形态,0,0,无专用工具,需要 Wiki 中明确的完整碰撞体积说明,待查Wiki页面,待补充,,,,
蕨盆栽,minecraft:potted_fern,是,待核对,否,待核对,否,待核对,0,0,,,0,否,其他,无,0,是,0,无工具要求,否,否,否,无独立同名方块物品的放置形态,0,0,无专用工具,需要 Wiki 中明确的完整碰撞体积说明,待核对 Java 版历史,Wiki离线信息框,2022年4月离线Wiki,https://minecraft.wiki/w/Flower_Pot,18/04/2022 15:36:15,
蒲公英盆栽,minecraft:potted_dandelion,是,待核对,否,待核对,否,待核对,0,0,,,0,否,其他,无,0,是,0,无工具要求,否,否,否,无独立同名方块物品的放置形态,0,0,无专用工具,需要 Wiki 中明确的完整碰撞体积说明,待核对 Java 版历史,Wiki离线信息框,2022年4月离线Wiki,https://minecraft.wiki/w/Flower_Pot,18/04/2022 15:36:15,
金蒲公英盆栽,minecraft:potted_golden_dandelion,待核对,待核对,待核对,待核对,待核对,待核对,,,,,,待核对,其他,无,0,是,0,无工具要求,否,否,否,无独立同名方块物品的放置形态,0,0,无专用工具,需要 Wiki 中明确的完整碰撞体积说明,待查Wiki页面,待补充,,,,
虞美人盆栽,minecraft:potted_poppy,是,待核对,否,待核对,否,待核对,0,0,,,0,否,其他,无,0,是,0,无工具要求,否,否,否,无独立同名方块物品的放置形态,0,0,无专用工具,需要 Wiki 中明确的完整碰撞体积说明,待核对 Java 版历史,Wiki离线信息框,2022年4月离线Wiki,https://minecraft.wiki/w/Flower_Pot,18/04/2022 15:36:15,
兰花盆栽,minecraft:potted_blue_orchid,是,待核对,否,待核对,否,待核对,0,0,,,0,否,其他,无,0,是,0,无工具要求,否,否,否,无独立同名方块物品的放置形态,0,0,无专用工具,需要 Wiki 中明确的完整碰撞体积说明,待核对 Java 版历史,Wiki离线信息框,2022年4月离线Wiki,https://minecraft.wiki/w/Flower_Pot,18/04/2022 15:36:15,
绒球葱盆栽,minecraft:potted_allium,是,待核对,否,待核对,否,待核对,0,0,,,0,否,其他,无,0,是,0,无工具要求,否,否,否,无独立同名方块物品的放置形态,0,0,无专用工具,需要 Wiki 中明确的完整碰撞体积说明,待核对 Java 版历史,Wiki离线信息框,2022年4月离线Wiki,https://minecraft.wiki/w/Flower_Pot,18/04/2022 15:36:15,
蓝花美耳草盆栽,minecraft:potted_azure_bluet,是,待核对,否,待核对,否,待核对,0,0,,,0,否,其他,无,0,是,0,无工具要求,否,否,否,无独立同名方块物品的放置形态,0,0,无专用工具,需要 Wiki 中明确的完整碰撞体积说明,待核对 Java 版历史,Wiki离线信息框,2022年4月离线Wiki,https://minecraft.wiki/w/Flower_Pot,18/04/2022 15:36:15,
红色郁金香盆栽,minecraft:potted_red_tulip,是,待核对,否,待核对,否,待核对,0,0,,,0,否,其他,无,0,是,0,无工具要求,否,否,否,无独立同名方块物品的放置形态,0,0,无专用工具,需要 Wiki 中明确的完整碰撞体积说明,待核对 Java 版历史,Wiki离线信息框,2022年4月离线Wiki,https://minecraft.wiki/w/Flower_Pot,18/04/2022 15:36:15,
橙色郁金香盆栽,minecraft:potted_orange_tulip,是,待核对,否,待核对,否,待核对,0,0,,,0,否,其他,无,0,是,0,无工具要求,否,否,否,无独立同名方块物品的放置形态,0,0,无专用工具,需要 Wiki 中明确的完整碰撞体积说明,待核对 Java 版历史,Wiki离线信息框,2022年4月离线Wiki,https://minecraft.wiki/w/Flower_Pot,18/04/2022 15:36:15,
白色郁金香盆栽,minecraft:potted_white_tulip,是,待核对,否,待核对,否,待核对,0,0,,,0,否,其他,无,0,是,0,无工具要求,否,否,否,无独立同名方块物品的放置形态,0,0,无专用工具,需要 Wiki 中明确的完整碰撞体积说明,待核对 Java 版历史,Wiki离线信息框,2022年4月离线Wiki,https://minecraft.wiki/w/Flower_Pot,18/04/2022 15:36:15,
粉红色郁金香盆栽,minecraft:potted_pink_tulip,是,待核对,否,待核对,否,待核对,0,0,,,0,否,其他,无,0,是,0,无工具要求,否,否,否,无独立同名方块物品的放置形态,0,0,无专用工具,需要 Wiki 中明确的完整碰撞体积说明,待核对 Java 版历史,Wiki离线信息框,2022年4月离线Wiki,https://minecraft.wiki/w/Flower_Pot,18/04/2022 15:36:15,
滨菊盆栽,minecraft:potted_oxeye_daisy,是,待核对,否,待核对,否,待核对,0,0,,,0,否,其他,无,0,是,0,无工具要求,否,否,否,无独立同名方块物品的放置形态,0,0,无专用工具,需要 Wiki 中明确的完整碰撞体积说明,待核对 Java 版历史,Wiki离线信息框,2022年4月离线Wiki,https://minecraft.wiki/w/Flower_Pot,18/04/2022 15:36:15,
矢车菊盆栽,minecraft:potted_cornflower,是,待核对,否,待核对,否,待核对,0,0,,,0,否,其他,无,0,是,0,无工具要求,否,否,否,无独立同名方块物品的放置形态,0,0,无专用工具,需要 Wiki 中明确的完整碰撞体积说明,待核对 Java 版历史,Wiki离线信息框,2022年4月离线Wiki,https://minecraft.wiki/w/Flower_Pot,18/04/2022 15:36:15,
铃兰盆栽,minecraft:potted_lily_of_the_valley,是,待核对,否,待核对,否,待核对,0,0,,,0,否,其他,无,0,是,0,无工具要求,否,否,否,无独立同名方块物品的放置形态,0,0,无专用工具,需要 Wiki 中明确的完整碰撞体积说明,待核对 Java 版历史,Wiki离线信息框,2022年4月离线Wiki,https://minecraft.wiki/w/Flower_Pot,18/04/2022 15:36:15,
凋灵玫瑰盆栽,minecraft:potted_wither_rose,是,待核对,否,待核对,否,待核对,0,0,,,0,否,其他,无,0,是,0,无工具要求,否,否,否,无独立同名方块物品的放置形态,0,0,无专用工具,需要 Wiki 中明确的完整碰撞体积说明,待核对 Java 版历史,Wiki离线信息框,2022年4月离线Wiki,https://minecraft.wiki/w/Flower_Pot,18/04/2022 15:36:15,
红色蘑菇盆栽,minecraft:potted_red_mushroom,是,待核对,否,待核对,否,待核对,0,0,,,0,否,其他,无,0,是,0,无工具要求,否,否,否,无独立同名方块物品的放置形态,0,0,无专用工具,需要 Wiki 中明确的完整碰撞体积说明,待核对 Java 版历史,Wiki离线信息框,2022年4月离线Wiki,https://minecraft.wiki/w/Flower_Pot,18/04/2022 15:36:15,
棕色蘑菇盆栽,minecraft:potted_brown_mushroom,是,待核对,否,待核对,否,待核对,0,0,,,0,否,其他,无,0,是,0,无工具要求,否,否,否,无独立同名方块物品的放置形态,0,0,无专用工具,需要 Wiki 中明确的完整碰撞体积说明,待核对 Java 版历史,Wiki离线信息框,2022年4月离线Wiki,https://minecraft.wiki/w/Flower_Pot,18/04/2022 15:36:15,
枯萎的灌木盆栽,minecraft:potted_dead_bush,是,待核对,否,待核对,否,待核对,0,0,,,0,否,其他,无,0,是,0,无工具要求,否,否,否,无独立同名方块物品的放置形态,0,0,无专用工具,需要 Wiki 中明确的完整碰撞体积说明,待核对 Java 版历史,Wiki离线信息框,2022年4月离线Wiki,https://minecraft.wiki/w/Flower_Pot,18/04/2022 15:36:15,
仙人掌盆栽,minecraft:potted_cactus,是,待核对,否,待核对,否,待核对,0,0,,,0,否,其他,无,0,是,0,无工具要求,否,否,否,无独立同名方块物品的放置形态,0,0,无专用工具,需要 Wiki 中明确的完整碰撞体积说明,待核对 Java 版历史,Wiki离线信息框,2022年4月离线Wiki,https://minecraft.wiki/w/Flower_Pot,18/04/2022 15:36:15,
胡萝卜,minecraft:carrots,是,待核对,待核对,待核对,待核对,待核对,,,12w34a,1.4.2,,待核对,作物,无,0,是,0,无工具要求,否,否,否,无独立同名方块物品的放置形态,0,0,无专用工具,需要 Wiki 中明确的完整碰撞体积说明,页面历史中的明确加入记录,Wiki离线信息框,2022年4月离线Wiki,https://minecraft.wiki/w/Carrot,18/04/2022 16:08:00,
马铃薯,minecraft:potatoes,是,待核对,待核对,待核对,待核对,待核对,,,12w34a,1.4.2,,待核对,作物,无,0,是,0,无工具要求,否,否,否,无独立同名方块物品的放置形态,0,0,无专用工具,需要 Wiki 中明确的完整碰撞体积说明,页面历史中的明确加入记录,Wiki离线信息框,2022年4月离线Wiki,https://minecraft.wiki/w/Potato,16/04/2022 22:30:24,
橡木按钮,minecraft:oak_button,是,斧,否,否,否,透明,0.5,0.5,,,0,否,按钮,无,0,是,0,无工具要求,否,否,是,,0.5,0.5,斧,Wiki 形状或非标准高度说明；按该类几何形状分类,待核对 Java 版历史,Wiki衍生数据，部分信息框已核对,26.1-snapshot-10,https://minecraft.wiki/w/Button,17/04/2022 00:18:47,
云杉木按钮,minecraft:spruce_button,是,斧,否,否,否,透明,0.5,0.5,,,0,否,按钮,无,0,是,0,无工具要求,否,否,是,,0.5,0.5,斧,Wiki 形状或非标准高度说明；按该类几何形状分类,待核对 Java 版历史,Wiki衍生数据，部分信息框已核对,26.1-snapshot-10,https://minecraft.wiki/w/Button,17/04/2022 00:18:47,
白桦木按钮,minecraft:birch_button,是,斧,否,否,否,透明,0.5,0.5,,,0,否,按钮,无,0,是,0,无工具要求,否,否,是,,0.5,0.5,斧,Wiki 形状或非标准高度说明；按该类几何形状分类,待核对 Java 版历史,Wiki衍生数据，部分信息框已核对,26.1-snapshot-10,https://minecraft.wiki/w/Button,17/04/2022 00:18:47,
丛林木按钮,minecraft:jungle_button,是,斧,否,否,否,透明,0.5,0.5,,,0,否,按钮,无,0,是,0,无工具要求,否,否,是,,0.5,0.5,斧,Wiki 形状或非标准高度说明；按该类几何形状分类,待核对 Java 版历史,Wiki衍生数据，部分信息框已核对,26.1-snapshot-10,https://minecraft.wiki/w/Button,17/04/2022 00:18:47,
金合欢木按钮,minecraft:acacia_button,是,斧,否,否,否,透明,0.5,0.5,,,0,否,按钮,无,0,是,0,无工具要求,否,否,是,,0.5,0.5,斧,Wiki 形状或非标准高度说明；按该类几何形状分类,待核对 Java 版历史,Wiki衍生数据，部分信息框已核对,26.1-snapshot-10,https://minecraft.wiki/w/Button,17/04/2022 00:18:47,
樱花木按钮,minecraft:cherry_button,是,斧,否,否,否,透明,0.5,0.5,,,0,否,按钮,无,0,是,0,无工具要求,否,否,是,,0.5,0.5,斧,Wiki 形状或非标准高度说明；按该类几何形状分类,待查Wiki页面,Wiki衍生数据，未核对原信息框,26.1-snapshot-10,,,
深色橡木按钮,minecraft:dark_oak_button,是,斧,否,否,否,透明,0.5,0.5,,,0,否,按钮,无,0,是,0,无工具要求,否,否,是,,0.5,0.5,斧,Wiki 形状或非标准高度说明；按该类几何形状分类,待核对 Java 版历史,Wiki衍生数据，部分信息框已核对,26.1-snapshot-10,https://minecraft.wiki/w/Button,17/04/2022 00:18:47,
苍白橡木按钮,minecraft:pale_oak_button,是,斧,否,否,否,透明,0.5,0.5,,,0,否,按钮,无,0,是,0,无工具要求,否,否,是,,0.5,0.5,斧,Wiki 形状或非标准高度说明；按该类几何形状分类,待查Wiki页面,Wiki衍生数据，未核对原信息框,26.1-snapshot-10,,,
红树木按钮,minecraft:mangrove_button,是,斧,否,否,否,透明,0.5,0.5,,,0,否,按钮,无,0,是,0,无工具要求,否,否,是,,0.5,0.5,斧,Wiki 形状或非标准高度说明；按该类几何形状分类,待查Wiki页面,Wiki衍生数据，未核对原信息框,26.1-snapshot-10,,,
竹按钮,minecraft:bamboo_button,是,斧,否,否,否,透明,0.5,0.5,,,0,否,按钮,无,0,是,0,无工具要求,否,否,是,,0.5,0.5,斧,Wiki 形状或非标准高度说明；按该类几何形状分类,待查Wiki页面,Wiki衍生数据，未核对原信息框,26.1-snapshot-10,,,
骷髅头颅,minecraft:skeleton_skull,是,任意工具或徒手,否,否,否,透明,1,1,,,0,否,其他,无,0,是,0,无工具要求,否,否,是,,1,1,无专用工具,Wiki Solid block 页的头颅非标准高度、宽度说明,待核对 Java 版历史,Wiki衍生数据，部分信息框已核对,26.1-snapshot-10,https://minecraft.wiki/w/Head,18/04/2022 15:15:31,
墙上的骷髅头颅,minecraft:skeleton_wall_skull,待核对,待核对,否,否,否,待核对,1,1,,,0,否,其他,无,0,否,0,无工具要求,否,否,否,无独立同名方块物品的放置形态,1,1,无专用工具,Wiki Solid block 页的头颅非标准高度、宽度说明,待核对 Java 版历史,Wiki离线信息框,2022年4月离线Wiki,https://minecraft.wiki/w/Head,18/04/2022 15:15:31,
凋灵骷髅头颅,minecraft:wither_skeleton_skull,是,任意工具或徒手,否,否,否,透明,1,1,,,0,否,其他,无,0,是,0,无工具要求,否,否,是,,1,1,无专用工具,Wiki Solid block 页的头颅非标准高度、宽度说明,待核对 Java 版历史,Wiki衍生数据，部分信息框已核对,26.1-snapshot-10,https://minecraft.wiki/w/Head,18/04/2022 15:15:31,
墙上的凋灵骷髅头颅,minecraft:wither_skeleton_wall_skull,待核对,待核对,否,否,否,待核对,1,1,,,0,否,其他,无,0,否,0,无工具要求,否,否,否,无独立同名方块物品的放置形态,1,1,无专用工具,Wiki Solid block 页的头颅非标准高度、宽度说明,待核对 Java 版历史,Wiki离线信息框,2022年4月离线Wiki,https://minecraft.wiki/w/Head,18/04/2022 15:15:31,
僵尸的头,minecraft:zombie_head,是,任意工具或徒手,否,否,否,透明,1,1,,,0,否,其他,无,0,是,0,无工具要求,否,否,是,,1,1,无专用工具,Wiki Solid block 页的头颅非标准高度、宽度说明,待核对 Java 版历史,Wiki衍生数据，部分信息框已核对,26.1-snapshot-10,https://minecraft.wiki/w/Head,18/04/2022 15:15:31,
墙上的僵尸的头,minecraft:zombie_wall_head,待核对,待核对,否,否,否,待核对,1,1,,,0,否,其他,无,0,否,0,无工具要求,否,否,否,无独立同名方块物品的放置形态,1,1,无专用工具,Wiki Solid block 页的头颅非标准高度、宽度说明,待核对 Java 版历史,Wiki离线信息框,2022年4月离线Wiki,https://minecraft.wiki/w/Head,18/04/2022 15:15:31,
玩家的头,minecraft:player_head,否,任意工具或徒手,否,否,否,透明,1,1,,,0,否,其他,无,0,是,0,无工具要求,否,否,是,,1,1,无专用工具,Wiki Solid block 页的头颅非标准高度、宽度说明,待核对 Java 版历史,Wiki衍生数据，部分信息框已核对,26.1-snapshot-10,https://minecraft.wiki/w/Head,18/04/2022 15:15:31,
墙上的玩家的头,minecraft:player_wall_head,待核对,待核对,否,否,否,待核对,1,1,,,0,否,其他,无,0,否,0,无工具要求,否,否,否,无独立同名方块物品的放置形态,1,1,无专用工具,Wiki Solid block 页的头颅非标准高度、宽度说明,待核对 Java 版历史,Wiki离线信息框,2022年4月离线Wiki,https://minecraft.wiki/w/Head,18/04/2022 15:15:31,
苦力怕的头,minecraft:creeper_head,是,任意工具或徒手,否,否,否,透明,1,1,12w36a,1.4.2,0,否,其他,无,0,是,0,无工具要求,否,否,是,,1,1,无专用工具,Wiki Solid block 页的头颅非标准高度、宽度说明,页面历史中的明确加入记录,Wiki衍生数据，部分信息框已核对,26.1-snapshot-10,https://minecraft.wiki/w/Head,18/04/2022 15:15:31,
墙上的苦力怕的头,minecraft:creeper_wall_head,待核对,待核对,否,否,否,待核对,1,1,12w36a,1.4.2,0,否,其他,无,0,否,0,无工具要求,否,否,否,无独立同名方块物品的放置形态,1,1,无专用工具,Wiki Solid block 页的头颅非标准高度、宽度说明,页面历史中的明确加入记录,Wiki离线信息框,2022年4月离线Wiki,https://minecraft.wiki/w/Head,18/04/2022 15:15:31,
龙首,minecraft:dragon_head,否,任意工具或徒手,否,否,否,透明,1,1,15w31a,1.9,0,否,其他,无,0,是,0,无工具要求,否,否,是,,1,1,无专用工具,Wiki Solid block 页的头颅非标准高度、宽度说明,页面历史中的明确加入记录,Wiki衍生数据，部分信息框已核对,26.1-snapshot-10,https://minecraft.wiki/w/Head,18/04/2022 15:15:31,
墙上的龙首,minecraft:dragon_wall_head,待核对,待核对,否,否,否,待核对,1,1,15w31a,1.9,0,否,其他,无,0,否,0,无工具要求,否,否,否,无独立同名方块物品的放置形态,1,1,无专用工具,Wiki Solid block 页的头颅非标准高度、宽度说明,页面历史中的明确加入记录,Wiki离线信息框,2022年4月离线Wiki,https://minecraft.wiki/w/Head,18/04/2022 15:15:31,
猪灵的头,minecraft:piglin_head,是,任意工具或徒手,否,否,否,透明,1,1,,,0,否,其他,无,0,是,0,无工具要求,否,否,是,,1,1,无专用工具,Wiki Solid block 页的头颅非标准高度、宽度说明,待查Wiki页面,Wiki衍生数据，未核对原信息框,26.1-snapshot-10,,,
墙上的猪灵的头,minecraft:piglin_wall_head,待核对,待核对,待核对,否,待核对,待核对,,,,,,待核对,其他,无,0,否,0,无工具要求,否,否,否,无独立同名方块物品的放置形态,1,1,无专用工具,Wiki Solid block 页的头颅非标准高度、宽度说明,待查Wiki页面,待补充,,,,
铁砧,minecraft:anvil,是,镐,否,否,否,透明,1200,5,12w41a,1.4.2,0,否,铁砧,无,0,否,0,木级及以上（含金）,否,否,是,,5,1200,镐,Wiki 形状或非标准高度说明；按该类几何形状分类,页面历史中的明确加入记录,Wiki衍生数据，部分信息框已核对,26.1-snapshot-10,https://minecraft.wiki/w/Anvil,18/04/2022 15:57:01,
开裂的铁砧,minecraft:chipped_anvil,是,镐,否,否,否,透明,1200,5,,,0,否,铁砧,无,0,否,0,木级及以上（含金）,否,否,是,,5,1200,镐,Wiki 形状或非标准高度说明；按该类几何形状分类,待核对 Java 版历史,Wiki衍生数据，部分信息框已核对,26.1-snapshot-10,https://minecraft.wiki/w/Anvil,18/04/2022 15:57:01,
损坏的铁砧,minecraft:damaged_anvil,是,镐,否,否,否,透明,1200,5,,,0,否,铁砧,无,0,否,0,木级及以上（含金）,否,否,是,,5,1200,镐,Wiki 形状或非标准高度说明；按该类几何形状分类,待核对 Java 版历史,Wiki衍生数据，部分信息框已核对,26.1-snapshot-10,https://minecraft.wiki/w/Anvil,18/04/2022 15:57:01,
陷阱箱,minecraft:trapped_chest,是,斧,否,否,否,透明,2.5,2.5,13w01a,1.5,0,待核对,其他,无,0,否,0,无工具要求,是,否,是,,2.5,2.5,斧,Wiki Solid block 页的非标准高度或宽度表,页面历史中的明确加入记录,Wiki衍生数据，部分信息框已核对,26.1-snapshot-10,https://minecraft.wiki/w/Trapped_Chest,17/04/2022 02:56:09,2022信息框的熔岩引火与较新资料不同
轻质测重压力板,minecraft:light_weighted_pressure_plate,是,镐,否,否,否,透明,0.5,0.5,,,0,否,压力板,无,0,是,0,无工具要求,否,否,是,,0.5,0.5,镐,Wiki 形状或非标准高度说明；按该类几何形状分类,待核对 Java 版历史,Wiki衍生数据，部分信息框已核对,26.1-snapshot-10,https://minecraft.wiki/w/Pressure_Plate,18/04/2022 15:15:33,
重质测重压力板,minecraft:heavy_weighted_pressure_plate,是,镐,否,否,否,透明,0.5,0.5,,,0,否,压力板,无,0,是,0,无工具要求,否,否,是,,0.5,0.5,镐,Wiki 形状或非标准高度说明；按该类几何形状分类,待核对 Java 版历史,Wiki衍生数据，部分信息框已核对,26.1-snapshot-10,https://minecraft.wiki/w/Pressure_Plate,18/04/2022 15:15:33,
红石比较器,minecraft:comparator,是,任意工具或徒手,否,否,否,透明,0,0,13w01a,1.5,0,否,其他,无,0,否,0,无工具要求,否,否,是,,0,0,无专用工具,Wiki Solid block 页的非标准高度或宽度表,页面历史中的明确加入记录,Wiki衍生数据，部分信息框已核对,26.1-snapshot-10,https://minecraft.wiki/w/Redstone_Comparator,18/04/2022 15:36:35,
阳光探测器,minecraft:daylight_detector,是,斧,否,否,否,不透明,0.2,0.2,,,0,是,其他,无,0,否,0,无工具要求,否,否,是,,0.2,0.2,斧,Wiki Solid block 页的非标准高度或宽度表,待核对 Java 版历史,Wiki衍生数据，部分信息框已核对,26.1-snapshot-10,https://minecraft.wiki/w/Daylight_Detector,18/04/2022 16:12:58,
红石块,minecraft:redstone_block,是,镐,否,待核对,否,部分透明,6,5,,,0,否,其他,无,0,否,15,木级及以上（含金）,否,否,是,,5,6,镐,需要 Wiki 中明确的完整碰撞体积说明,待核对 Java 版历史,Wiki衍生数据，部分信息框已核对,26.1-snapshot-10,https://minecraft.wiki/w/Block_of_Redstone,17/04/2022 06:12:14,
下界石英矿石,minecraft:nether_quartz_ore,否,镐,否,待核对,否,不透明,3,3,13w01a,1.5,0,否,其他,无,0,否,15,木级及以上（含金）,否,否,是,,3,3,镐,需要 Wiki 中明确的完整碰撞体积说明,页面历史中的明确加入记录,Wiki衍生数据，部分信息框已核对,26.1-snapshot-10,https://minecraft.wiki/w/Nether_Quartz_Ore,17/04/2022 05:14:22,
漏斗,minecraft:hopper,是,镐,否,否,否,透明,4.8,3,13w01a,1.5,0,否,其他,无,0,是,0,木级及以上（含金）,否,否,是,,3,4.8,镐,Wiki Solid block 页的非标准高度或宽度表,页面历史中的明确加入记录,Wiki衍生数据，部分信息框已核对,26.1-snapshot-10,https://minecraft.wiki/w/Hopper,18/04/2022 16:08:30,
石英块,minecraft:quartz_block,是,镐,否,待核对,否,不透明,0.8,0.8,,,0,否,其他,无,0,否,15,木级及以上（含金）,否,否,是,,0.8,0.8,镐,需要 Wiki 中明确的完整碰撞体积说明,待核对 Java 版历史,Wiki衍生数据，部分信息框已核对,26.1-snapshot-10,https://minecraft.wiki/w/Block_of_Quartz,18/04/2022 15:21:29,
雕纹石英块,minecraft:chiseled_quartz_block,是,镐,否,待核对,否,不透明,0.8,0.8,,,0,否,其他,无,0,否,15,木级及以上（含金）,否,否,是,,0.8,0.8,镐,需要 Wiki 中明确的完整碰撞体积说明,待核对 Java 版历史,Wiki衍生数据，部分信息框已核对,26.1-snapshot-10,https://minecraft.wiki/w/Block_of_Quartz,18/04/2022 15:21:29,
石英柱,minecraft:quartz_pillar,是,镐,否,待核对,否,不透明,0.8,0.8,,,0,否,其他,无,0,否,15,木级及以上（含金）,否,否,是,,0.8,0.8,镐,需要 Wiki 中明确的完整碰撞体积说明,待核对 Java 版历史,Wiki衍生数据，部分信息框已核对,26.1-snapshot-10,https://minecraft.wiki/w/Block_of_Quartz,18/04/2022 15:21:29,
石英楼梯,minecraft:quartz_stairs,是,镐,否,否,否,部分透明,0.8,0.8,13w02a,1.5,0,否,楼梯,无,0,否,0,木级及以上（含金）,是,否,是,,0.8,0.8,镐,Wiki 形状或非标准高度说明；按该类几何形状分类,页面历史中的明确加入记录,Wiki衍生数据，部分信息框已核对,26.1-snapshot-10,https://minecraft.wiki/w/Stairs,18/04/2022 15:56:34,
激活铁轨,minecraft:activator_rail,是,镐,否,否,否,透明,0.7,0.7,13w02a,1.5,0,否,铁轨,无,0,是,0,无工具要求,是,否,是,,0.7,0.7,镐,Wiki 形状或非标准高度说明；按该类几何形状分类,页面历史中的明确加入记录,Wiki衍生数据，部分信息框已核对,26.1-snapshot-10,https://minecraft.wiki/w/Activator_Rail,17/04/2022 05:06:47,
投掷器,minecraft:dropper,是,镐,否,待核对,否,不透明,3.5,3.5,13w03a,1.5,0,否,其他,无,0,否,15,木级及以上（含金）,否,否,是,,3.5,3.5,镐,需要 Wiki 中明确的完整碰撞体积说明,页面历史中的明确加入记录,Wiki衍生数据，部分信息框已核对,26.1-snapshot-10,https://minecraft.wiki/w/Dropper,18/04/2022 15:42:48,
白色陶瓦,minecraft:white_terracotta,是,镐,否,待核对,否,不透明,4.2,1.25,13w19a,1.6.1,0,否,其他,白色,0,否,15,木级及以上（含金）,否,否,是,,1.25,4.2,镐,需要 Wiki 中明确的完整碰撞体积说明,染色硬化黏土加入记录,Wiki衍生数据，部分信息框已核对,26.1-snapshot-10,https://minecraft.wiki/w/Terracotta,16/04/2022 23:32:02,
橙色陶瓦,minecraft:orange_terracotta,是,镐,否,待核对,否,不透明,4.2,1.25,13w19a,1.6.1,0,否,其他,橙色,0,否,15,木级及以上（含金）,否,否,是,,1.25,4.2,镐,需要 Wiki 中明确的完整碰撞体积说明,染色硬化黏土加入记录,Wiki衍生数据，部分信息框已核对,26.1-snapshot-10,https://minecraft.wiki/w/Terracotta,16/04/2022 23:32:02,
品红色陶瓦,minecraft:magenta_terracotta,是,镐,否,待核对,否,不透明,4.2,1.25,13w19a,1.6.1,0,否,其他,品红色,0,否,15,木级及以上（含金）,否,否,是,,1.25,4.2,镐,需要 Wiki 中明确的完整碰撞体积说明,染色硬化黏土加入记录,Wiki衍生数据，部分信息框已核对,26.1-snapshot-10,https://minecraft.wiki/w/Terracotta,16/04/2022 23:32:02,数值依据离线Wiki信息框纠正
淡蓝色陶瓦,minecraft:light_blue_terracotta,是,镐,否,待核对,否,不透明,4.2,1.25,13w19a,1.6.1,0,否,其他,淡蓝色,0,否,15,木级及以上（含金）,否,否,是,,1.25,4.2,镐,需要 Wiki 中明确的完整碰撞体积说明,染色硬化黏土加入记录,Wiki衍生数据，部分信息框已核对,26.1-snapshot-10,https://minecraft.wiki/w/Terracotta,16/04/2022 23:32:02,
黄色陶瓦,minecraft:yellow_terracotta,是,镐,否,待核对,否,不透明,4.2,1.25,13w19a,1.6.1,0,否,其他,黄色,0,否,15,木级及以上（含金）,否,否,是,,1.25,4.2,镐,需要 Wiki 中明确的完整碰撞体积说明,染色硬化黏土加入记录,Wiki衍生数据，部分信息框已核对,26.1-snapshot-10,https://minecraft.wiki/w/Terracotta,16/04/2022 23:32:02,
黄绿色陶瓦,minecraft:lime_terracotta,是,镐,否,待核对,否,不透明,4.2,1.25,13w19a,1.6.1,0,否,其他,黄绿色,0,否,15,木级及以上（含金）,否,否,是,,1.25,4.2,镐,需要 Wiki 中明确的完整碰撞体积说明,染色硬化黏土加入记录,Wiki衍生数据，部分信息框已核对,26.1-snapshot-10,https://minecraft.wiki/w/Terracotta,16/04/2022 23:32:02,
粉红色陶瓦,minecraft:pink_terracotta,是,镐,否,待核对,否,不透明,4.2,1.25,13w19a,1.6.1,0,否,其他,粉红色,0,否,15,木级及以上（含金）,否,否,是,,1.25,4.2,镐,需要 Wiki 中明确的完整碰撞体积说明,染色硬化黏土加入记录,Wiki衍生数据，部分信息框已核对,26.1-snapshot-10,https://minecraft.wiki/w/Terracotta,16/04/2022 23:32:02,
灰色陶瓦,minecraft:gray_terracotta,是,镐,否,待核对,否,不透明,4.2,1.25,13w19a,1.6.1,0,否,其他,灰色,0,否,15,木级及以上（含金）,否,否,是,,1.25,4.2,镐,需要 Wiki 中明确的完整碰撞体积说明,染色硬化黏土加入记录,Wiki衍生数据，部分信息框已核对,26.1-snapshot-10,https://minecraft.wiki/w/Terracotta,16/04/2022 23:32:02,
淡灰色陶瓦,minecraft:light_gray_terracotta,是,镐,否,待核对,否,不透明,4.2,1.25,13w19a,1.6.1,0,否,其他,淡灰色,0,否,15,木级及以上（含金）,否,否,是,,1.25,4.2,镐,需要 Wiki 中明确的完整碰撞体积说明,染色硬化黏土加入记录,Wiki衍生数据，部分信息框已核对,26.1-snapshot-10,https://minecraft.wiki/w/Terracotta,16/04/2022 23:32:02,
青色陶瓦,minecraft:cyan_terracotta,是,镐,否,待核对,否,不透明,4.2,1.25,13w19a,1.6.1,0,否,其他,青色,0,否,15,木级及以上（含金）,否,否,是,,1.25,4.2,镐,需要 Wiki 中明确的完整碰撞体积说明,染色硬化黏土加入记录,Wiki衍生数据，部分信息框已核对,26.1-snapshot-10,https://minecraft.wiki/w/Terracotta,16/04/2022 23:32:02,
紫色陶瓦,minecraft:purple_terracotta,是,镐,否,待核对,否,不透明,4.2,1.25,13w19a,1.6.1,0,否,其他,紫色,0,否,15,木级及以上（含金）,否,否,是,,1.25,4.2,镐,需要 Wiki 中明确的完整碰撞体积说明,染色硬化黏土加入记录,Wiki衍生数据，部分信息框已核对,26.1-snapshot-10,https://minecraft.wiki/w/Terracotta,16/04/2022 23:32:02,
蓝色陶瓦,minecraft:blue_terracotta,是,镐,否,待核对,否,不透明,4.2,1.25,13w19a,1.6.1,0,否,其他,蓝色,0,否,15,木级及以上（含金）,否,否,是,,1.25,4.2,镐,需要 Wiki 中明确的完整碰撞体积说明,染色硬化黏土加入记录,Wiki衍生数据，部分信息框已核对,26.1-snapshot-10,https://minecraft.wiki/w/Terracotta,16/04/2022 23:32:02,
棕色陶瓦,minecraft:brown_terracotta,是,镐,否,待核对,否,不透明,4.2,1.25,13w19a,1.6.1,0,否,其他,棕色,0,否,15,木级及以上（含金）,否,否,是,,1.25,4.2,镐,需要 Wiki 中明确的完整碰撞体积说明,染色硬化黏土加入记录,Wiki衍生数据，部分信息框已核对,26.1-snapshot-10,https://minecraft.wiki/w/Terracotta,16/04/2022 23:32:02,
绿色陶瓦,minecraft:green_terracotta,是,镐,否,待核对,否,不透明,4.2,1.25,13w19a,1.6.1,0,否,其他,绿色,0,否,15,木级及以上（含金）,否,否,是,,1.25,4.2,镐,需要 Wiki 中明确的完整碰撞体积说明,染色硬化黏土加入记录,Wiki衍生数据，部分信息框已核对,26.1-snapshot-10,https://minecraft.wiki/w/Terracotta,16/04/2022 23:32:02,
红色陶瓦,minecraft:red_terracotta,是,镐,否,待核对,否,不透明,4.2,1.25,13w19a,1.6.1,0,否,其他,红色,0,否,15,木级及以上（含金）,否,否,是,,1.25,4.2,镐,需要 Wiki 中明确的完整碰撞体积说明,染色硬化黏土加入记录,Wiki衍生数据，部分信息框已核对,26.1-snapshot-10,https://minecraft.wiki/w/Terracotta,16/04/2022 23:32:02,
黑色陶瓦,minecraft:black_terracotta,是,镐,否,待核对,否,不透明,4.2,1.25,13w19a,1.6.1,0,否,其他,黑色,0,否,15,木级及以上（含金）,否,否,是,,1.25,4.2,镐,需要 Wiki 中明确的完整碰撞体积说明,染色硬化黏土加入记录,Wiki衍生数据，部分信息框已核对,26.1-snapshot-10,https://minecraft.wiki/w/Terracotta,16/04/2022 23:32:02,
白色染色玻璃板,minecraft:white_stained_glass_pane,是,任意工具或徒手,否,待核对,否,透明,0.3,0.3,,,0,否,其他,白色,0,是,0,无工具要求,是,否,是,,0.3,0.3,无专用工具,需要 Wiki 中明确的完整碰撞体积说明,待核对 Java 版历史,Wiki衍生数据，部分信息框已核对,26.1-snapshot-10,https://minecraft.wiki/w/Glass_Pane,18/04/2022 16:13:38,
橙色染色玻璃板,minecraft:orange_stained_glass_pane,是,任意工具或徒手,否,待核对,否,透明,0.3,0.3,,,0,否,其他,橙色,0,是,0,无工具要求,是,否,是,,0.3,0.3,无专用工具,需要 Wiki 中明确的完整碰撞体积说明,待核对 Java 版历史,Wiki衍生数据，部分信息框已核对,26.1-snapshot-10,https://minecraft.wiki/w/Glass_Pane,18/04/2022 16:13:38,
品红色染色玻璃板,minecraft:magenta_stained_glass_pane,是,任意工具或徒手,否,待核对,否,透明,0.3,0.3,,,0,否,其他,品红色,0,是,0,无工具要求,是,否,是,,0.3,0.3,无专用工具,需要 Wiki 中明确的完整碰撞体积说明,待核对 Java 版历史,Wiki衍生数据，部分信息框已核对,26.1-snapshot-10,https://minecraft.wiki/w/Glass_Pane,18/04/2022 16:13:38,
淡蓝色染色玻璃板,minecraft:light_blue_stained_glass_pane,是,任意工具或徒手,否,待核对,否,透明,0.3,0.3,,,0,否,其他,淡蓝色,0,是,0,无工具要求,是,否,是,,0.3,0.3,无专用工具,需要 Wiki 中明确的完整碰撞体积说明,待核对 Java 版历史,Wiki衍生数据，部分信息框已核对,26.1-snapshot-10,https://minecraft.wiki/w/Glass_Pane,18/04/2022 16:13:38,
黄色染色玻璃板,minecraft:yellow_stained_glass_pane,是,任意工具或徒手,否,待核对,否,透明,0.3,0.3,,,0,否,其他,黄色,0,是,0,无工具要求,是,否,是,,0.3,0.3,无专用工具,需要 Wiki 中明确的完整碰撞体积说明,待核对 Java 版历史,Wiki衍生数据，部分信息框已核对,26.1-snapshot-10,https://minecraft.wiki/w/Glass_Pane,18/04/2022 16:13:38,
黄绿色染色玻璃板,minecraft:lime_stained_glass_pane,是,任意工具或徒手,否,待核对,否,透明,0.3,0.3,,,0,否,其他,黄绿色,0,是,0,无工具要求,是,否,是,,0.3,0.3,无专用工具,需要 Wiki 中明确的完整碰撞体积说明,待核对 Java 版历史,Wiki衍生数据，部分信息框已核对,26.1-snapshot-10,https://minecraft.wiki/w/Glass_Pane,18/04/2022 16:13:38,
粉红色染色玻璃板,minecraft:pink_stained_glass_pane,是,任意工具或徒手,否,待核对,否,透明,0.3,0.3,,,0,否,其他,粉红色,0,是,0,无工具要求,是,否,是,,0.3,0.3,无专用工具,需要 Wiki 中明确的完整碰撞体积说明,待核对 Java 版历史,Wiki衍生数据，部分信息框已核对,26.1-snapshot-10,https://minecraft.wiki/w/Glass_Pane,18/04/2022 16:13:38,
灰色染色玻璃板,minecraft:gray_stained_glass_pane,是,任意工具或徒手,否,待核对,否,透明,0.3,0.3,,,0,否,其他,灰色,0,是,0,无工具要求,是,否,是,,0.3,0.3,无专用工具,需要 Wiki 中明确的完整碰撞体积说明,待核对 Java 版历史,Wiki衍生数据，部分信息框已核对,26.1-snapshot-10,https://minecraft.wiki/w/Glass_Pane,18/04/2022 16:13:38,
淡灰色染色玻璃板,minecraft:light_gray_stained_glass_pane,是,任意工具或徒手,否,待核对,否,透明,0.3,0.3,,,0,否,其他,淡灰色,0,是,0,无工具要求,是,否,是,,0.3,0.3,无专用工具,需要 Wiki 中明确的完整碰撞体积说明,待核对 Java 版历史,Wiki衍生数据，部分信息框已核对,26.1-snapshot-10,https://minecraft.wiki/w/Glass_Pane,18/04/2022 16:13:38,
青色染色玻璃板,minecraft:cyan_stained_glass_pane,是,任意工具或徒手,否,待核对,否,透明,0.3,0.3,,,0,否,其他,青色,0,是,0,无工具要求,是,否,是,,0.3,0.3,无专用工具,需要 Wiki 中明确的完整碰撞体积说明,待核对 Java 版历史,Wiki衍生数据，部分信息框已核对,26.1-snapshot-10,https://minecraft.wiki/w/Glass_Pane,18/04/2022 16:13:38,
紫色染色玻璃板,minecraft:purple_stained_glass_pane,是,任意工具或徒手,否,待核对,否,透明,0.3,0.3,,,0,否,其他,紫色,0,是,0,无工具要求,是,否,是,,0.3,0.3,无专用工具,需要 Wiki 中明确的完整碰撞体积说明,待核对 Java 版历史,Wiki衍生数据，部分信息框已核对,26.1-snapshot-10,https://minecraft.wiki/w/Glass_Pane,18/04/2022 16:13:38,
蓝色染色玻璃板,minecraft:blue_stained_glass_pane,是,任意工具或徒手,否,待核对,否,透明,0.3,0.3,,,0,否,其他,蓝色,0,是,0,无工具要求,是,否,是,,0.3,0.3,无专用工具,需要 Wiki 中明确的完整碰撞体积说明,待核对 Java 版历史,Wiki衍生数据，部分信息框已核对,26.1-snapshot-10,https://minecraft.wiki/w/Glass_Pane,18/04/2022 16:13:38,
棕色染色玻璃板,minecraft:brown_stained_glass_pane,是,任意工具或徒手,否,待核对,否,透明,0.3,0.3,,,0,否,其他,棕色,0,是,0,无工具要求,是,否,是,,0.3,0.3,无专用工具,需要 Wiki 中明确的完整碰撞体积说明,待核对 Java 版历史,Wiki衍生数据，部分信息框已核对,26.1-snapshot-10,https://minecraft.wiki/w/Glass_Pane,18/04/2022 16:13:38,
绿色染色玻璃板,minecraft:green_stained_glass_pane,是,任意工具或徒手,否,待核对,否,透明,0.3,0.3,,,0,否,其他,绿色,0,是,0,无工具要求,是,否,是,,0.3,0.3,无专用工具,需要 Wiki 中明确的完整碰撞体积说明,待核对 Java 版历史,Wiki衍生数据，部分信息框已核对,26.1-snapshot-10,https://minecraft.wiki/w/Glass_Pane,18/04/2022 16:13:38,
红色染色玻璃板,minecraft:red_stained_glass_pane,是,任意工具或徒手,否,待核对,否,透明,0.3,0.3,,,0,否,其他,红色,0,是,0,无工具要求,是,否,是,,0.3,0.3,无专用工具,需要 Wiki 中明确的完整碰撞体积说明,待核对 Java 版历史,Wiki衍生数据，部分信息框已核对,26.1-snapshot-10,https://minecraft.wiki/w/Glass_Pane,18/04/2022 16:13:38,
黑色染色玻璃板,minecraft:black_stained_glass_pane,是,任意工具或徒手,否,待核对,否,透明,0.3,0.3,,,0,否,其他,黑色,0,是,0,无工具要求,是,否,是,,0.3,0.3,无专用工具,需要 Wiki 中明确的完整碰撞体积说明,待核对 Java 版历史,Wiki衍生数据，部分信息框已核对,26.1-snapshot-10,https://minecraft.wiki/w/Glass_Pane,18/04/2022 16:13:38,
金合欢木楼梯,minecraft:acacia_stairs,是,斧,否,否,是,部分透明,3,2,,,0,是,楼梯,无,0,否,0,无工具要求,是,否,是,,2,3,斧,Wiki 形状或非标准高度说明；按该类几何形状分类,待核对 Java 版历史,Wiki衍生数据，部分信息框已核对,26.1-snapshot-10,https://minecraft.wiki/w/Stairs,18/04/2022 15:56:34,
樱花木楼梯,minecraft:cherry_stairs,是,斧,否,否,是,部分透明,3,2,,,0,是,楼梯,无,0,否,0,无工具要求,是,否,是,,2,3,斧,Wiki 形状或非标准高度说明；按该类几何形状分类,待查Wiki页面,Wiki衍生数据，未核对原信息框,26.1-snapshot-10,,,
深色橡木楼梯,minecraft:dark_oak_stairs,是,斧,否,否,是,部分透明,3,2,1.7,1.7.2,0,是,楼梯,无,0,否,0,无工具要求,是,否,是,,2,3,斧,Wiki 形状或非标准高度说明；按该类几何形状分类,页面历史中的明确加入记录,Wiki衍生数据，部分信息框已核对,26.1-snapshot-10,https://minecraft.wiki/w/Stairs,18/04/2022 15:56:34,
苍白橡木楼梯,minecraft:pale_oak_stairs,是,斧,否,否,是,部分透明,3,2,,,0,是,楼梯,无,0,否,0,无工具要求,是,否,是,,2,3,斧,Wiki 形状或非标准高度说明；按该类几何形状分类,待查Wiki页面,Wiki衍生数据，未核对原信息框,26.1-snapshot-10,,,
红树木楼梯,minecraft:mangrove_stairs,是,斧,否,否,是,部分透明,3,2,,,0,是,楼梯,无,0,否,0,无工具要求,是,否,是,,2,3,斧,Wiki 形状或非标准高度说明；按该类几何形状分类,待核对 Java 版历史,Wiki衍生数据，部分信息框已核对,26.1-snapshot-10,https://minecraft.wiki/w/Stairs,18/04/2022 15:56:34,
竹楼梯,minecraft:bamboo_stairs,是,斧,否,否,是,不透明,3,2,,,0,是,楼梯,无,0,否,0,无工具要求,是,否,是,,2,3,斧,Wiki 形状或非标准高度说明；按该类几何形状分类,待查Wiki页面,Wiki衍生数据，未核对原信息框,26.1-snapshot-10,,,
竹马赛克楼梯,minecraft:bamboo_mosaic_stairs,是,斧,否,否,是,部分透明,3,2,,,0,是,楼梯,无,0,否,0,无工具要求,是,否,是,,2,3,斧,Wiki 形状或非标准高度说明；按该类几何形状分类,待查Wiki页面,Wiki衍生数据，未核对原信息框,26.1-snapshot-10,,,
黏液块,minecraft:slime_block,是,任意工具或徒手,否,待核对,否,部分透明,0,0,14w02a,1.8,0,否,其他,无,0,是,1,无工具要求,否,否,是,,0,0,无专用工具,需要 Wiki 中明确的完整碰撞体积说明,页面历史中的明确加入记录,Wiki衍生数据，部分信息框已核对,26.1-snapshot-10,https://minecraft.wiki/w/Slime_Block,16/04/2022 23:57:29,
屏障,minecraft:barrier,否,无有效工具,否,待核对,否,部分透明,,-1,14w05a,1.8,0,否,其他,无,0,是,0,不适用,是,否,否,空气或技术方块,-1,3600000.8,无专用工具,需要 Wiki 中明确的完整碰撞体积说明,页面历史中的明确加入记录,Wiki衍生数据，部分信息框已核对,26.1-snapshot-10,https://minecraft.wiki/w/Barrier,17/04/2022 06:39:37,衍生数据的爆炸抗性与26.1参数不同，待核对
光源方块,minecraft:light,否,无有效工具,是,待核对,否,透明,,-1,,,15,否,其他,无,15,是,0,不适用,是,否,否,空气或技术方块,-1,3600000.8,无专用工具,需要 Wiki 中明确的完整碰撞体积说明,待核对 Java 版历史,Wiki衍生数据，部分信息框已核对,26.1-snapshot-10,https://minecraft.wiki/w/Light_Block,17/04/2022 01:03:30,衍生数据的爆炸抗性与26.1参数不同，待核对
铁活板门,minecraft:iron_trapdoor,是,镐,否,否,否,透明,5,5,14w07a,1.8,0,否,活板门,无,0,是,0,木级及以上（含金）,是,否,是,,5,5,镐,Wiki 形状或非标准高度说明；按该类几何形状分类,页面历史中的明确加入记录,Wiki衍生数据，部分信息框已核对,26.1-snapshot-10,https://minecraft.wiki/w/Trapdoor,16/04/2022 22:28:27,
海晶石,minecraft:prismarine,是,镐,否,待核对,否,不透明,6,1.5,,,0,否,其他,无,0,否,15,木级及以上（含金）,否,否,是,,1.5,6,镐,需要 Wiki 中明确的完整碰撞体积说明,待核对 Java 版历史,Wiki衍生数据，部分信息框已核对,26.1-snapshot-10,https://minecraft.wiki/w/Prismarine,16/04/2022 23:19:13,
海晶石砖,minecraft:prismarine_bricks,是,镐,否,待核对,否,不透明,6,1.5,,,0,否,其他,无,0,否,15,木级及以上（含金）,否,否,是,,1.5,6,镐,需要 Wiki 中明确的完整碰撞体积说明,待核对 Java 版历史,Wiki衍生数据，部分信息框已核对,26.1-snapshot-10,https://minecraft.wiki/w/Prismarine,16/04/2022 23:19:13,
暗海晶石,minecraft:dark_prismarine,是,镐,否,待核对,否,不透明,6,1.5,,,0,否,其他,无,0,否,15,木级及以上（含金）,否,否,是,,1.5,6,镐,需要 Wiki 中明确的完整碰撞体积说明,待核对 Java 版历史,Wiki衍生数据，部分信息框已核对,26.1-snapshot-10,https://minecraft.wiki/w/Prismarine,16/04/2022 23:19:13,
海晶石楼梯,minecraft:prismarine_stairs,是,镐,否,否,否,不透明,6,1.5,,,0,否,楼梯,无,0,否,0,木级及以上（含金）,是,否,是,,1.5,6,镐,Wiki 形状或非标准高度说明；按该类几何形状分类,待核对 Java 版历史,Wiki衍生数据，部分信息框已核对,26.1-snapshot-10,https://minecraft.wiki/w/Stairs,18/04/2022 15:56:34,
海晶石砖楼梯,minecraft:prismarine_brick_stairs,是,镐,否,否,否,部分透明,6,1.5,,,0,否,楼梯,无,0,否,0,木级及以上（含金）,是,否,是,,1.5,6,镐,Wiki 形状或非标准高度说明；按该类几何形状分类,待核对 Java 版历史,Wiki衍生数据，部分信息框已核对,26.1-snapshot-10,https://minecraft.wiki/w/Stairs,18/04/2022 15:56:34,
暗海晶石楼梯,minecraft:dark_prismarine_stairs,是,镐,否,否,否,不透明,6,1.5,,,0,否,楼梯,无,0,否,0,木级及以上（含金）,是,否,是,,1.5,6,镐,Wiki 形状或非标准高度说明；按该类几何形状分类,待核对 Java 版历史,Wiki衍生数据，部分信息框已核对,26.1-snapshot-10,https://minecraft.wiki/w/Stairs,18/04/2022 15:56:34,
海晶石台阶,minecraft:prismarine_slab,是,镐,否,仅特定状态,否,部分透明,6,1.5,,,0,否,台阶,无,0,否,0,木级及以上（含金）,是,否,是,,1.5,6,镐,Wiki 台阶说明：仅双层台阶是完整方块,待核对 Java 版历史,Wiki衍生数据，部分信息框已核对,26.1-snapshot-10,https://minecraft.wiki/w/Slab,18/04/2022 16:04:21,
海晶石砖台阶,minecraft:prismarine_brick_slab,是,镐,否,仅特定状态,否,部分透明,6,1.5,,,0,否,台阶,无,0,否,0,木级及以上（含金）,是,否,是,,1.5,6,镐,Wiki 台阶说明：仅双层台阶是完整方块,待核对 Java 版历史,Wiki衍生数据，部分信息框已核对,26.1-snapshot-10,https://minecraft.wiki/w/Slab,18/04/2022 16:04:21,
暗海晶石台阶,minecraft:dark_prismarine_slab,是,镐,否,仅特定状态,否,不透明,6,1.5,,,0,否,台阶,无,0,否,0,木级及以上（含金）,是,否,是,,1.5,6,镐,Wiki 台阶说明：仅双层台阶是完整方块,待核对 Java 版历史,Wiki衍生数据，部分信息框已核对,26.1-snapshot-10,https://minecraft.wiki/w/Slab,18/04/2022 16:04:21,
海晶灯,minecraft:sea_lantern,是,任意工具或徒手,是,待核对,否,部分透明,0.3,0.3,14w25a,1.8,15,否,其他,无,15,否,15,无工具要求,否,否,是,,0.3,0.3,无专用工具,需要 Wiki 中明确的完整碰撞体积说明,页面历史中的明确加入记录,Wiki衍生数据，部分信息框已核对,26.1-snapshot-10,https://minecraft.wiki/w/Sea_Lantern,17/04/2022 03:28:44,
干草捆,minecraft:hay_block,是,锄,否,待核对,是,不透明,0.5,0.5,13w16a,1.6.1,0,否,其他,无,0,否,15,无工具要求,否,否,是,,0.5,0.5,锄,需要 Wiki 中明确的完整碰撞体积说明,页面历史中的明确加入记录,Wiki衍生数据，部分信息框已核对,26.1-snapshot-10,https://minecraft.wiki/w/Hay_Bale,17/04/2022 00:04:02,
白色地毯,minecraft:white_carpet,是,任意工具或徒手,否,否,是,透明,0.1,0.1,13w16a,1.6.1,0,是,地毯,白色,0,否,0,无工具要求,否,否,是,,0.1,0.1,无专用工具,Wiki 形状或非标准高度说明；按该类几何形状分类,共享页面中明确加入整个系列,Wiki衍生数据，部分信息框已核对,26.1-snapshot-10,https://minecraft.wiki/w/Carpet,17/04/2022 00:12:27,
橙色地毯,minecraft:orange_carpet,是,任意工具或徒手,否,否,是,透明,0.1,0.1,13w16a,1.6.1,0,是,地毯,橙色,0,否,0,无工具要求,否,否,是,,0.1,0.1,无专用工具,Wiki 形状或非标准高度说明；按该类几何形状分类,共享页面中明确加入整个系列,Wiki衍生数据，部分信息框已核对,26.1-snapshot-10,https://minecraft.wiki/w/Carpet,17/04/2022 00:12:27,
品红色地毯,minecraft:magenta_carpet,是,任意工具或徒手,否,否,是,透明,0.1,0.1,13w16a,1.6.1,0,是,地毯,品红色,0,否,0,无工具要求,否,否,是,,0.1,0.1,无专用工具,Wiki 形状或非标准高度说明；按该类几何形状分类,共享页面中明确加入整个系列,Wiki衍生数据，部分信息框已核对,26.1-snapshot-10,https://minecraft.wiki/w/Carpet,17/04/2022 00:12:27,
淡蓝色地毯,minecraft:light_blue_carpet,是,任意工具或徒手,否,否,是,透明,0.1,0.1,13w16a,1.6.1,0,是,地毯,淡蓝色,0,否,0,无工具要求,否,否,是,,0.1,0.1,无专用工具,Wiki 形状或非标准高度说明；按该类几何形状分类,共享页面中明确加入整个系列,Wiki衍生数据，部分信息框已核对,26.1-snapshot-10,https://minecraft.wiki/w/Carpet,17/04/2022 00:12:27,
黄色地毯,minecraft:yellow_carpet,是,任意工具或徒手,否,否,是,透明,0.1,0.1,13w16a,1.6.1,0,是,地毯,黄色,0,否,0,无工具要求,否,否,是,,0.1,0.1,无专用工具,Wiki 形状或非标准高度说明；按该类几何形状分类,共享页面中明确加入整个系列,Wiki衍生数据，部分信息框已核对,26.1-snapshot-10,https://minecraft.wiki/w/Carpet,17/04/2022 00:12:27,
黄绿色地毯,minecraft:lime_carpet,是,任意工具或徒手,否,否,是,透明,0.1,0.1,13w16a,1.6.1,0,是,地毯,黄绿色,0,否,0,无工具要求,否,否,是,,0.1,0.1,无专用工具,Wiki 形状或非标准高度说明；按该类几何形状分类,共享页面中明确加入整个系列,Wiki衍生数据，部分信息框已核对,26.1-snapshot-10,https://minecraft.wiki/w/Carpet,17/04/2022 00:12:27,
粉红色地毯,minecraft:pink_carpet,是,任意工具或徒手,否,否,是,透明,0.1,0.1,13w16a,1.6.1,0,是,地毯,粉红色,0,否,0,无工具要求,否,否,是,,0.1,0.1,无专用工具,Wiki 形状或非标准高度说明；按该类几何形状分类,共享页面中明确加入整个系列,Wiki衍生数据，部分信息框已核对,26.1-snapshot-10,https://minecraft.wiki/w/Carpet,17/04/2022 00:12:27,
灰色地毯,minecraft:gray_carpet,是,任意工具或徒手,否,否,是,透明,0.1,0.1,13w16a,1.6.1,0,是,地毯,灰色,0,否,0,无工具要求,否,否,是,,0.1,0.1,无专用工具,Wiki 形状或非标准高度说明；按该类几何形状分类,共享页面中明确加入整个系列,Wiki衍生数据，部分信息框已核对,26.1-snapshot-10,https://minecraft.wiki/w/Carpet,17/04/2022 00:12:27,
淡灰色地毯,minecraft:light_gray_carpet,是,任意工具或徒手,否,否,是,透明,0.1,0.1,13w16a,1.6.1,0,是,地毯,淡灰色,0,否,0,无工具要求,否,否,是,,0.1,0.1,无专用工具,Wiki 形状或非标准高度说明；按该类几何形状分类,共享页面中明确加入整个系列,Wiki衍生数据，部分信息框已核对,26.1-snapshot-10,https://minecraft.wiki/w/Carpet,17/04/2022 00:12:27,
青色地毯,minecraft:cyan_carpet,是,任意工具或徒手,否,否,是,透明,0.1,0.1,13w16a,1.6.1,0,是,地毯,青色,0,否,0,无工具要求,否,否,是,,0.1,0.1,无专用工具,Wiki 形状或非标准高度说明；按该类几何形状分类,共享页面中明确加入整个系列,Wiki衍生数据，部分信息框已核对,26.1-snapshot-10,https://minecraft.wiki/w/Carpet,17/04/2022 00:12:27,
紫色地毯,minecraft:purple_carpet,是,任意工具或徒手,否,否,是,透明,0.1,0.1,13w16a,1.6.1,0,是,地毯,紫色,0,否,0,无工具要求,否,否,是,,0.1,0.1,无专用工具,Wiki 形状或非标准高度说明；按该类几何形状分类,共享页面中明确加入整个系列,Wiki衍生数据，部分信息框已核对,26.1-snapshot-10,https://minecraft.wiki/w/Carpet,17/04/2022 00:12:27,
蓝色地毯,minecraft:blue_carpet,是,任意工具或徒手,否,否,是,透明,0.1,0.1,13w16a,1.6.1,0,是,地毯,蓝色,0,否,0,无工具要求,否,否,是,,0.1,0.1,无专用工具,Wiki 形状或非标准高度说明；按该类几何形状分类,共享页面中明确加入整个系列,Wiki衍生数据，部分信息框已核对,26.1-snapshot-10,https://minecraft.wiki/w/Carpet,17/04/2022 00:12:27,
棕色地毯,minecraft:brown_carpet,是,任意工具或徒手,否,否,是,透明,0.1,0.1,13w16a,1.6.1,0,是,地毯,棕色,0,否,0,无工具要求,否,否,是,,0.1,0.1,无专用工具,Wiki 形状或非标准高度说明；按该类几何形状分类,共享页面中明确加入整个系列,Wiki衍生数据，部分信息框已核对,26.1-snapshot-10,https://minecraft.wiki/w/Carpet,17/04/2022 00:12:27,
绿色地毯,minecraft:green_carpet,是,任意工具或徒手,否,否,是,透明,0.1,0.1,13w16a,1.6.1,0,是,地毯,绿色,0,否,0,无工具要求,否,否,是,,0.1,0.1,无专用工具,Wiki 形状或非标准高度说明；按该类几何形状分类,共享页面中明确加入整个系列,Wiki衍生数据，部分信息框已核对,26.1-snapshot-10,https://minecraft.wiki/w/Carpet,17/04/2022 00:12:27,
红色地毯,minecraft:red_carpet,是,任意工具或徒手,否,否,是,透明,0.1,0.1,13w16a,1.6.1,0,是,地毯,红色,0,否,0,无工具要求,否,否,是,,0.1,0.1,无专用工具,Wiki 形状或非标准高度说明；按该类几何形状分类,共享页面中明确加入整个系列,Wiki衍生数据，部分信息框已核对,26.1-snapshot-10,https://minecraft.wiki/w/Carpet,17/04/2022 00:12:27,
黑色地毯,minecraft:black_carpet,是,任意工具或徒手,否,否,是,透明,0.1,0.1,13w16a,1.6.1,0,是,地毯,黑色,0,否,0,无工具要求,否,否,是,,0.1,0.1,无专用工具,Wiki 形状或非标准高度说明；按该类几何形状分类,共享页面中明确加入整个系列,Wiki衍生数据，部分信息框已核对,26.1-snapshot-10,https://minecraft.wiki/w/Carpet,17/04/2022 00:12:27,
陶瓦,minecraft:terracotta,是,镐,否,待核对,否,不透明,4.2,1.25,13w17a,1.6.1,0,否,其他,无,0,否,15,木级及以上（含金）,否,否,是,,1.25,4.2,镐,需要 Wiki 中明确的完整碰撞体积说明,原硬化黏土加入记录,Wiki衍生数据，部分信息框已核对,26.1-snapshot-10,https://minecraft.wiki/w/Terracotta,16/04/2022 23:32:02,
煤炭块,minecraft:coal_block,是,镐,否,待核对,是,不透明,6,5,,,0,否,其他,无,0,否,15,木级及以上（含金）,否,否,是,,5,6,镐,需要 Wiki 中明确的完整碰撞体积说明,待核对 Java 版历史,Wiki衍生数据，部分信息框已核对,26.1-snapshot-10,https://minecraft.wiki/w/Block_of_Coal,17/04/2022 00:42:28,
浮冰,minecraft:packed_ice,是,镐,否,待核对,否,不透明,0.5,0.5,13w36a,1.7.2,0,否,其他,无,0,否,15,无工具要求,否,否,是,,0.5,0.5,镐,需要 Wiki 中明确的完整碰撞体积说明,页面历史中的明确加入记录,Wiki衍生数据，部分信息框已核对,26.1-snapshot-10,https://minecraft.wiki/w/Packed_Ice,16/04/2022 22:28:10,
向日葵,minecraft:sunflower,是,任意工具或徒手,否,待核对,是,透明,0,0,,,0,是,花,无,0,是,0,无工具要求,否,否,是,,0,0,无专用工具,需要 Wiki 中明确的完整碰撞体积说明,待核对 Java 版历史,Wiki衍生数据，部分信息框已核对,26.1-snapshot-10,https://minecraft.wiki/w/Flower,18/04/2022 15:59:08,
丁香,minecraft:lilac,是,任意工具或徒手,否,待核对,是,透明,0,0,,,0,否,花,无,0,是,0,无工具要求,否,否,是,,0,0,无专用工具,需要 Wiki 中明确的完整碰撞体积说明,待核对 Java 版历史,Wiki衍生数据，部分信息框已核对,26.1-snapshot-10,https://minecraft.wiki/w/Flower,18/04/2022 15:59:08,
玫瑰丛,minecraft:rose_bush,是,任意工具或徒手,否,待核对,是,透明,0,0,,,0,否,花,无,0,是,0,无工具要求,否,否,是,,0,0,无专用工具,需要 Wiki 中明确的完整碰撞体积说明,待核对 Java 版历史,Wiki衍生数据，部分信息框已核对,26.1-snapshot-10,https://minecraft.wiki/w/Flower,18/04/2022 15:59:08,
牡丹,minecraft:peony,是,任意工具或徒手,否,待核对,是,透明,0,0,,,0,否,花,无,0,是,0,无工具要求,否,否,是,,0,0,无专用工具,需要 Wiki 中明确的完整碰撞体积说明,待核对 Java 版历史,Wiki衍生数据，部分信息框已核对,26.1-snapshot-10,https://minecraft.wiki/w/Flower,18/04/2022 15:59:08,
高草丛,minecraft:tall_grass,是,剪刀,否,待核对,是,透明,0,0,,,0,是,其他,无,0,是,0,无工具要求,否,否,是,,0,0,无专用工具,需要 Wiki 中明确的完整碰撞体积说明,待核对 Java 版历史,Wiki衍生数据，部分信息框已核对,26.1-snapshot-10,https://minecraft.wiki/w/Grass,18/04/2022 15:17:06,
大型蕨,minecraft:large_fern,是,剪刀,否,待核对,否,透明,0,0,13w36a,1.7.2,0,待核对,其他,无,0,是,0,无工具要求,否,否,是,,0,0,无专用工具,需要 Wiki 中明确的完整碰撞体积说明,页面历史中的明确加入记录,Wiki衍生数据，部分信息框已核对,26.1-snapshot-10,https://minecraft.wiki/w/Grass,18/04/2022 15:17:06,2022信息框的熔岩引火与较新资料不同
白色旗帜,minecraft:white_banner,是,斧,否,否,否,透明,1,1,14w30a,1.8,0,是,旗帜,白色,0,是,0,无工具要求,否,否,是,,1,1,斧,Wiki 形状或非标准高度说明；按该类几何形状分类,共享页面中明确加入整个系列,Wiki衍生数据，部分信息框已核对,26.1-snapshot-10,https://minecraft.wiki/w/Banner,17/04/2022 00:09:34,
橙色旗帜,minecraft:orange_banner,是,斧,否,否,否,透明,1,1,14w30a,1.8,0,是,旗帜,橙色,0,是,0,无工具要求,否,否,是,,1,1,斧,Wiki 形状或非标准高度说明；按该类几何形状分类,共享页面中明确加入整个系列,Wiki衍生数据，部分信息框已核对,26.1-snapshot-10,https://minecraft.wiki/w/Banner,17/04/2022 00:09:34,
品红色旗帜,minecraft:magenta_banner,是,斧,否,否,否,透明,1,1,14w30a,1.8,0,是,旗帜,品红色,0,是,0,无工具要求,否,否,是,,1,1,斧,Wiki 形状或非标准高度说明；按该类几何形状分类,共享页面中明确加入整个系列,Wiki衍生数据，部分信息框已核对,26.1-snapshot-10,https://minecraft.wiki/w/Banner,17/04/2022 00:09:34,
淡蓝色旗帜,minecraft:light_blue_banner,是,斧,否,否,否,透明,1,1,14w30a,1.8,0,是,旗帜,淡蓝色,0,是,0,无工具要求,否,否,是,,1,1,斧,Wiki 形状或非标准高度说明；按该类几何形状分类,共享页面中明确加入整个系列,Wiki衍生数据，部分信息框已核对,26.1-snapshot-10,https://minecraft.wiki/w/Banner,17/04/2022 00:09:34,
黄色旗帜,minecraft:yellow_banner,是,斧,否,否,否,透明,1,1,14w30a,1.8,0,是,旗帜,黄色,0,是,0,无工具要求,否,否,是,,1,1,斧,Wiki 形状或非标准高度说明；按该类几何形状分类,共享页面中明确加入整个系列,Wiki衍生数据，部分信息框已核对,26.1-snapshot-10,https://minecraft.wiki/w/Banner,17/04/2022 00:09:34,
黄绿色旗帜,minecraft:lime_banner,是,斧,否,否,否,透明,1,1,14w30a,1.8,0,是,旗帜,黄绿色,0,是,0,无工具要求,否,否,是,,1,1,斧,Wiki 形状或非标准高度说明；按该类几何形状分类,共享页面中明确加入整个系列,Wiki衍生数据，部分信息框已核对,26.1-snapshot-10,https://minecraft.wiki/w/Banner,17/04/2022 00:09:34,
粉红色旗帜,minecraft:pink_banner,是,斧,否,否,否,透明,1,1,14w30a,1.8,0,是,旗帜,粉红色,0,是,0,无工具要求,否,否,是,,1,1,斧,Wiki 形状或非标准高度说明；按该类几何形状分类,共享页面中明确加入整个系列,Wiki衍生数据，部分信息框已核对,26.1-snapshot-10,https://minecraft.wiki/w/Banner,17/04/2022 00:09:34,
灰色旗帜,minecraft:gray_banner,是,斧,否,否,否,透明,1,1,14w30a,1.8,0,是,旗帜,灰色,0,是,0,无工具要求,否,否,是,,1,1,斧,Wiki 形状或非标准高度说明；按该类几何形状分类,共享页面中明确加入整个系列,Wiki衍生数据，部分信息框已核对,26.1-snapshot-10,https://minecraft.wiki/w/Banner,17/04/2022 00:09:34,
淡灰色旗帜,minecraft:light_gray_banner,是,斧,否,否,否,透明,1,1,14w30a,1.8,0,是,旗帜,淡灰色,0,是,0,无工具要求,否,否,是,,1,1,斧,Wiki 形状或非标准高度说明；按该类几何形状分类,共享页面中明确加入整个系列,Wiki衍生数据，部分信息框已核对,26.1-snapshot-10,https://minecraft.wiki/w/Banner,17/04/2022 00:09:34,
青色旗帜,minecraft:cyan_banner,是,斧,否,否,否,透明,1,1,14w30a,1.8,0,是,旗帜,青色,0,是,0,无工具要求,否,否,是,,1,1,斧,Wiki 形状或非标准高度说明；按该类几何形状分类,共享页面中明确加入整个系列,Wiki衍生数据，部分信息框已核对,26.1-snapshot-10,https://minecraft.wiki/w/Banner,17/04/2022 00:09:34,
紫色旗帜,minecraft:purple_banner,是,斧,否,否,否,透明,1,1,14w30a,1.8,0,是,旗帜,紫色,0,是,0,无工具要求,否,否,是,,1,1,斧,Wiki 形状或非标准高度说明；按该类几何形状分类,共享页面中明确加入整个系列,Wiki衍生数据，部分信息框已核对,26.1-snapshot-10,https://minecraft.wiki/w/Banner,17/04/2022 00:09:34,
蓝色旗帜,minecraft:blue_banner,是,斧,否,否,否,透明,1,1,14w30a,1.8,0,是,旗帜,蓝色,0,是,0,无工具要求,否,否,是,,1,1,斧,Wiki 形状或非标准高度说明；按该类几何形状分类,共享页面中明确加入整个系列,Wiki衍生数据，部分信息框已核对,26.1-snapshot-10,https://minecraft.wiki/w/Banner,17/04/2022 00:09:34,
棕色旗帜,minecraft:brown_banner,是,斧,否,否,否,透明,1,1,14w30a,1.8,0,是,旗帜,棕色,0,是,0,无工具要求,否,否,是,,1,1,斧,Wiki 形状或非标准高度说明；按该类几何形状分类,共享页面中明确加入整个系列,Wiki衍生数据，部分信息框已核对,26.1-snapshot-10,https://minecraft.wiki/w/Banner,17/04/2022 00:09:34,
绿色旗帜,minecraft:green_banner,是,斧,否,否,否,透明,1,1,14w30a,1.8,0,是,旗帜,绿色,0,是,0,无工具要求,否,否,是,,1,1,斧,Wiki 形状或非标准高度说明；按该类几何形状分类,共享页面中明确加入整个系列,Wiki衍生数据，部分信息框已核对,26.1-snapshot-10,https://minecraft.wiki/w/Banner,17/04/2022 00:09:34,
红色旗帜,minecraft:red_banner,是,斧,否,否,否,透明,1,1,14w30a,1.8,0,是,旗帜,红色,0,是,0,无工具要求,否,否,是,,1,1,斧,Wiki 形状或非标准高度说明；按该类几何形状分类,共享页面中明确加入整个系列,Wiki衍生数据，部分信息框已核对,26.1-snapshot-10,https://minecraft.wiki/w/Banner,17/04/2022 00:09:34,
黑色旗帜,minecraft:black_banner,是,斧,否,否,否,透明,1,1,14w30a,1.8,0,是,旗帜,黑色,0,是,0,无工具要求,否,否,是,,1,1,斧,Wiki 形状或非标准高度说明；按该类几何形状分类,共享页面中明确加入整个系列,Wiki衍生数据，部分信息框已核对,26.1-snapshot-10,https://minecraft.wiki/w/Banner,17/04/2022 00:09:34,
墙上的白色旗帜,minecraft:white_wall_banner,待核对,待核对,待核对,否,待核对,待核对,,,,,,待核对,旗帜,白色,0,是,0,无工具要求,否,否,否,无独立同名方块物品的放置形态,1,1,斧,Wiki 形状或非标准高度说明；按该类几何形状分类,待查Wiki页面,待补充,,,,
墙上的橙色旗帜,minecraft:orange_wall_banner,待核对,待核对,待核对,否,待核对,待核对,,,,,,待核对,旗帜,橙色,0,是,0,无工具要求,否,否,否,无独立同名方块物品的放置形态,1,1,斧,Wiki 形状或非标准高度说明；按该类几何形状分类,待查Wiki页面,待补充,,,,
墙上的品红色旗帜,minecraft:magenta_wall_banner,待核对,待核对,待核对,否,待核对,待核对,,,,,,待核对,旗帜,品红色,0,是,0,无工具要求,否,否,否,无独立同名方块物品的放置形态,1,1,斧,Wiki 形状或非标准高度说明；按该类几何形状分类,待查Wiki页面,待补充,,,,
墙上的淡蓝色旗帜,minecraft:light_blue_wall_banner,待核对,待核对,待核对,否,待核对,待核对,,,,,,待核对,旗帜,淡蓝色,0,是,0,无工具要求,否,否,否,无独立同名方块物品的放置形态,1,1,斧,Wiki 形状或非标准高度说明；按该类几何形状分类,待查Wiki页面,待补充,,,,
墙上的黄色旗帜,minecraft:yellow_wall_banner,待核对,待核对,待核对,否,待核对,待核对,,,,,,待核对,旗帜,黄色,0,是,0,无工具要求,否,否,否,无独立同名方块物品的放置形态,1,1,斧,Wiki 形状或非标准高度说明；按该类几何形状分类,待查Wiki页面,待补充,,,,
墙上的黄绿色旗帜,minecraft:lime_wall_banner,待核对,待核对,待核对,否,待核对,待核对,,,,,,待核对,旗帜,黄绿色,0,是,0,无工具要求,否,否,否,无独立同名方块物品的放置形态,1,1,斧,Wiki 形状或非标准高度说明；按该类几何形状分类,待查Wiki页面,待补充,,,,
墙上的粉红色旗帜,minecraft:pink_wall_banner,待核对,待核对,待核对,否,待核对,待核对,,,,,,待核对,旗帜,粉红色,0,是,0,无工具要求,否,否,否,无独立同名方块物品的放置形态,1,1,斧,Wiki 形状或非标准高度说明；按该类几何形状分类,待查Wiki页面,待补充,,,,
墙上的灰色旗帜,minecraft:gray_wall_banner,待核对,待核对,待核对,否,待核对,待核对,,,,,,待核对,旗帜,灰色,0,是,0,无工具要求,否,否,否,无独立同名方块物品的放置形态,1,1,斧,Wiki 形状或非标准高度说明；按该类几何形状分类,待查Wiki页面,待补充,,,,
墙上的淡灰色旗帜,minecraft:light_gray_wall_banner,待核对,待核对,待核对,否,待核对,待核对,,,,,,待核对,旗帜,淡灰色,0,是,0,无工具要求,否,否,否,无独立同名方块物品的放置形态,1,1,斧,Wiki 形状或非标准高度说明；按该类几何形状分类,待查Wiki页面,待补充,,,,
墙上的青色旗帜,minecraft:cyan_wall_banner,待核对,待核对,待核对,否,待核对,待核对,,,,,,待核对,旗帜,青色,0,是,0,无工具要求,否,否,否,无独立同名方块物品的放置形态,1,1,斧,Wiki 形状或非标准高度说明；按该类几何形状分类,待查Wiki页面,待补充,,,,
墙上的紫色旗帜,minecraft:purple_wall_banner,待核对,待核对,待核对,否,待核对,待核对,,,,,,待核对,旗帜,紫色,0,是,0,无工具要求,否,否,否,无独立同名方块物品的放置形态,1,1,斧,Wiki 形状或非标准高度说明；按该类几何形状分类,待查Wiki页面,待补充,,,,
墙上的蓝色旗帜,minecraft:blue_wall_banner,待核对,待核对,待核对,否,待核对,待核对,,,,,,待核对,旗帜,蓝色,0,是,0,无工具要求,否,否,否,无独立同名方块物品的放置形态,1,1,斧,Wiki 形状或非标准高度说明；按该类几何形状分类,待查Wiki页面,待补充,,,,
墙上的棕色旗帜,minecraft:brown_wall_banner,待核对,待核对,待核对,否,待核对,待核对,,,,,,待核对,旗帜,棕色,0,是,0,无工具要求,否,否,否,无独立同名方块物品的放置形态,1,1,斧,Wiki 形状或非标准高度说明；按该类几何形状分类,待查Wiki页面,待补充,,,,
墙上的绿色旗帜,minecraft:green_wall_banner,待核对,待核对,待核对,否,待核对,待核对,,,,,,待核对,旗帜,绿色,0,是,0,无工具要求,否,否,否,无独立同名方块物品的放置形态,1,1,斧,Wiki 形状或非标准高度说明；按该类几何形状分类,待查Wiki页面,待补充,,,,
墙上的红色旗帜,minecraft:red_wall_banner,待核对,待核对,待核对,否,待核对,待核对,,,,,,待核对,旗帜,红色,0,是,0,无工具要求,否,否,否,无独立同名方块物品的放置形态,1,1,斧,Wiki 形状或非标准高度说明；按该类几何形状分类,待查Wiki页面,待补充,,,,
墙上的黑色旗帜,minecraft:black_wall_banner,待核对,待核对,待核对,否,待核对,待核对,,,,,,待核对,旗帜,黑色,0,是,0,无工具要求,否,否,否,无独立同名方块物品的放置形态,1,1,斧,Wiki 形状或非标准高度说明；按该类几何形状分类,待查Wiki页面,待补充,,,,
红砂岩,minecraft:red_sandstone,是,镐,否,待核对,否,不透明,0.8,0.8,14w32a,1.8,0,否,其他,无,0,否,15,木级及以上（含金）,否,否,是,,0.8,0.8,镐,需要 Wiki 中明确的完整碰撞体积说明,页面历史中的明确加入记录,Wiki衍生数据，部分信息框已核对,26.1-snapshot-10,https://minecraft.wiki/w/Sandstone,18/04/2022 15:34:54,
雕纹红砂岩,minecraft:chiseled_red_sandstone,是,镐,否,待核对,否,不透明,0.8,0.8,,,0,否,其他,无,0,否,15,木级及以上（含金）,否,否,是,,0.8,0.8,镐,需要 Wiki 中明确的完整碰撞体积说明,待核对 Java 版历史,Wiki衍生数据，部分信息框已核对,26.1-snapshot-10,https://minecraft.wiki/w/Sandstone,18/04/2022 15:34:54,数值依据离线Wiki信息框纠正
切制红砂岩,minecraft:cut_red_sandstone,是,镐,否,待核对,否,不透明,0.8,0.8,,,0,否,其他,无,0,否,15,木级及以上（含金）,否,否,是,,0.8,0.8,镐,需要 Wiki 中明确的完整碰撞体积说明,待核对 Java 版历史,Wiki衍生数据，部分信息框已核对,26.1-snapshot-10,https://minecraft.wiki/w/Sandstone,18/04/2022 15:34:54,
红砂岩楼梯,minecraft:red_sandstone_stairs,是,镐,否,否,否,部分透明,0.8,0.8,14w32a,1.8,0,否,楼梯,无,0,否,0,木级及以上（含金）,是,否,是,,0.8,0.8,镐,Wiki 形状或非标准高度说明；按该类几何形状分类,页面历史中的明确加入记录,Wiki衍生数据，部分信息框已核对,26.1-snapshot-10,https://minecraft.wiki/w/Stairs,18/04/2022 15:56:34,
橡木台阶,minecraft:oak_slab,是,斧,否,仅特定状态,是,部分透明,3,2,,,0,是,台阶,无,0,否,0,无工具要求,是,否,是,,2,3,斧,Wiki 台阶说明：仅双层台阶是完整方块,待核对 Java 版历史,Wiki衍生数据，部分信息框已核对,26.1-snapshot-10,https://minecraft.wiki/w/Slab,18/04/2022 16:04:21,
云杉木台阶,minecraft:spruce_slab,是,斧,否,仅特定状态,是,部分透明,3,2,,,0,是,台阶,无,0,否,0,无工具要求,是,否,是,,2,3,斧,Wiki 台阶说明：仅双层台阶是完整方块,待核对 Java 版历史,Wiki衍生数据，部分信息框已核对,26.1-snapshot-10,https://minecraft.wiki/w/Slab,18/04/2022 16:04:21,
白桦木台阶,minecraft:birch_slab,是,斧,否,仅特定状态,是,部分透明,3,2,,,0,是,台阶,无,0,否,0,无工具要求,是,否,是,,2,3,斧,Wiki 台阶说明：仅双层台阶是完整方块,待核对 Java 版历史,Wiki衍生数据，部分信息框已核对,26.1-snapshot-10,https://minecraft.wiki/w/Slab,18/04/2022 16:04:21,
丛林木台阶,minecraft:jungle_slab,是,斧,否,仅特定状态,是,部分透明,3,2,,,0,是,台阶,无,0,否,0,无工具要求,是,否,是,,2,3,斧,Wiki 台阶说明：仅双层台阶是完整方块,待核对 Java 版历史,Wiki衍生数据，部分信息框已核对,26.1-snapshot-10,https://minecraft.wiki/w/Slab,18/04/2022 16:04:21,
金合欢木台阶,minecraft:acacia_slab,是,斧,否,仅特定状态,是,部分透明,3,2,,,0,是,台阶,无,0,否,0,无工具要求,是,否,是,,2,3,斧,Wiki 台阶说明：仅双层台阶是完整方块,待核对 Java 版历史,Wiki衍生数据，部分信息框已核对,26.1-snapshot-10,https://minecraft.wiki/w/Slab,18/04/2022 16:04:21,
樱花木台阶,minecraft:cherry_slab,是,斧,否,仅特定状态,是,部分透明,3,2,,,0,是,台阶,无,0,否,0,无工具要求,是,否,是,,2,3,斧,Wiki 台阶说明：仅双层台阶是完整方块,待查Wiki页面,Wiki衍生数据，未核对原信息框,26.1-snapshot-10,,,
深色橡木台阶,minecraft:dark_oak_slab,是,斧,否,仅特定状态,是,部分透明,3,2,1.7,1.7.2,0,是,台阶,无,0,否,0,无工具要求,是,否,是,,2,3,斧,Wiki 台阶说明：仅双层台阶是完整方块,页面历史中的明确加入记录,Wiki衍生数据，部分信息框已核对,26.1-snapshot-10,https://minecraft.wiki/w/Slab,18/04/2022 16:04:21,
苍白橡木台阶,minecraft:pale_oak_slab,是,斧,否,仅特定状态,是,部分透明,3,2,,,0,是,台阶,无,0,否,0,无工具要求,是,否,是,,2,3,斧,Wiki 台阶说明：仅双层台阶是完整方块,待查Wiki页面,Wiki衍生数据，未核对原信息框,26.1-snapshot-10,,,
红树木台阶,minecraft:mangrove_slab,是,斧,否,仅特定状态,是,部分透明,3,2,,,0,是,台阶,无,0,否,0,无工具要求,是,否,是,,2,3,斧,Wiki 台阶说明：仅双层台阶是完整方块,待查Wiki页面,Wiki衍生数据，未核对原信息框,26.1-snapshot-10,,,
竹台阶,minecraft:bamboo_slab,是,斧,否,仅特定状态,是,部分透明,3,2,,,0,是,台阶,无,0,否,0,无工具要求,是,否,是,,2,3,斧,Wiki 台阶说明：仅双层台阶是完整方块,待查Wiki页面,Wiki衍生数据，未核对原信息框,26.1-snapshot-10,,,
竹马赛克台阶,minecraft:bamboo_mosaic_slab,是,斧,否,仅特定状态,是,部分透明,3,2,,,0,是,台阶,无,0,否,0,无工具要求,是,否,是,,2,3,斧,Wiki 台阶说明：仅双层台阶是完整方块,待查Wiki页面,Wiki衍生数据，未核对原信息框,26.1-snapshot-10,,,
石头台阶,minecraft:stone_slab,是,镐,否,仅特定状态,否,部分透明,6,2,18w43a,1.14,0,否,台阶,无,0,否,0,木级及以上（含金）,是,否,是,,2,6,镐,Wiki 台阶说明：仅双层台阶是完整方块,与原石台阶区分：当前的石头台阶是1.14新增变种,Wiki衍生数据，部分信息框已核对,26.1-snapshot-10,https://minecraft.wiki/w/Slab,18/04/2022 16:04:21,
平滑石头台阶,minecraft:smooth_stone_slab,是,镐,否,仅特定状态,否,部分透明,6,2,Classic 0.26 SURVIVAL TEST,1.0.0,0,否,台阶,无,0,否,0,木级及以上（含金）,是,否,是,,2,6,镐,Wiki 台阶说明：仅双层台阶是完整方块,原石台阶后来更名为平滑石台阶,Wiki衍生数据，部分信息框已核对,26.1-snapshot-10,https://minecraft.wiki/w/Slab,18/04/2022 16:04:21,
砂岩台阶,minecraft:sandstone_slab,是,镐,否,仅特定状态,否,部分透明,6,2,,,0,否,台阶,无,0,否,0,木级及以上（含金）,是,否,是,,2,6,镐,Wiki 台阶说明：仅双层台阶是完整方块,待核对 Java 版历史,Wiki衍生数据，部分信息框已核对,26.1-snapshot-10,https://minecraft.wiki/w/Slab,18/04/2022 16:04:21,
切制砂岩台阶,minecraft:cut_sandstone_slab,是,镐,否,仅特定状态,否,部分透明,6,2,,,0,否,台阶,无,0,否,0,木级及以上（含金）,是,否,是,,2,6,镐,Wiki 台阶说明：仅双层台阶是完整方块,待核对 Java 版历史,Wiki衍生数据，部分信息框已核对,26.1-snapshot-10,https://minecraft.wiki/w/Slab,18/04/2022 16:04:21,
石化橡木台阶,minecraft:petrified_oak_slab,否,镐,否,仅特定状态,否,部分透明,6,2,Beta 1.3,1.0.0,0,否,台阶,无,0,否,0,木级及以上（含金）,是,否,是,,2,6,镐,Wiki 台阶说明：仅双层台阶是完整方块,页面历史中的明确加入记录,Wiki衍生数据，部分信息框已核对,26.1-snapshot-10,https://minecraft.wiki/w/Petrified_Oak_Slab,17/04/2022 00:36:02,
圆石台阶,minecraft:cobblestone_slab,是,镐,否,仅特定状态,否,部分透明,6,2,,,0,否,台阶,无,0,否,0,木级及以上（含金）,是,否,是,,2,6,镐,Wiki 台阶说明：仅双层台阶是完整方块,待核对 Java 版历史,Wiki衍生数据，部分信息框已核对,26.1-snapshot-10,https://minecraft.wiki/w/Slab,18/04/2022 16:04:21,
红砖台阶,minecraft:brick_slab,是,镐,否,仅特定状态,否,透明,6,2,,,0,否,台阶,无,0,否,0,木级及以上（含金）,是,否,是,,2,6,镐,Wiki 台阶说明：仅双层台阶是完整方块,待核对 Java 版历史,Wiki衍生数据，部分信息框已核对,26.1-snapshot-10,https://minecraft.wiki/w/Slab,18/04/2022 16:04:21,
石砖台阶,minecraft:stone_brick_slab,否,镐,否,仅特定状态,否,部分透明,6,2,,,0,否,台阶,无,0,否,0,木级及以上（含金）,是,否,是,,2,6,镐,Wiki 台阶说明：仅双层台阶是完整方块,待核对 Java 版历史,Wiki衍生数据，部分信息框已核对,26.1-snapshot-10,https://minecraft.wiki/w/Slab,18/04/2022 16:04:21,
泥砖台阶,minecraft:mud_brick_slab,是,镐,否,仅特定状态,否,部分透明,3,1.5,,,0,否,台阶,无,0,否,0,木级及以上（含金）,是,否,是,,1.5,3,镐,Wiki 台阶说明：仅双层台阶是完整方块,待查Wiki页面,Wiki衍生数据，未核对原信息框,26.1-snapshot-10,,,
下界砖台阶,minecraft:nether_brick_slab,是,镐,否,仅特定状态,否,部分透明,6,2,12w49a,1.4.6,0,否,台阶,无,0,否,0,木级及以上（含金）,是,否,是,,2,6,镐,Wiki 台阶说明：仅双层台阶是完整方块,页面历史中的明确加入记录,Wiki衍生数据，部分信息框已核对,26.1-snapshot-10,https://minecraft.wiki/w/Slab,18/04/2022 16:04:21,
石英台阶,minecraft:quartz_slab,是,镐,否,仅特定状态,否,部分透明,6,2,13w02a,1.5,0,否,台阶,无,0,否,0,木级及以上（含金）,是,否,是,,2,6,镐,Wiki 台阶说明：仅双层台阶是完整方块,页面历史中的明确加入记录,Wiki衍生数据，部分信息框已核对,26.1-snapshot-10,https://minecraft.wiki/w/Slab,18/04/2022 16:04:21,
红砂岩台阶,minecraft:red_sandstone_slab,是,镐,否,仅特定状态,否,部分透明,6,2,14w32a,1.8,0,否,台阶,无,0,否,0,木级及以上（含金）,是,否,是,,2,6,镐,Wiki 台阶说明：仅双层台阶是完整方块,页面历史中的明确加入记录,Wiki衍生数据，部分信息框已核对,26.1-snapshot-10,https://minecraft.wiki/w/Slab,18/04/2022 16:04:21,
切制红砂岩台阶,minecraft:cut_red_sandstone_slab,是,镐,否,仅特定状态,否,部分透明,6,2,19w12a,1.14,0,否,台阶,无,0,否,0,木级及以上（含金）,是,否,是,,2,6,镐,Wiki 台阶说明：仅双层台阶是完整方块,页面历史中的明确加入记录,Wiki衍生数据，部分信息框已核对,26.1-snapshot-10,https://minecraft.wiki/w/Slab,18/04/2022 16:04:21,
紫珀台阶,minecraft:purpur_slab,是,镐,否,仅特定状态,否,部分透明,6,2,15w31a,1.9,0,否,台阶,无,0,否,0,木级及以上（含金）,是,否,是,,2,6,镐,Wiki 台阶说明：仅双层台阶是完整方块,页面历史中的明确加入记录,Wiki衍生数据，部分信息框已核对,26.1-snapshot-10,https://minecraft.wiki/w/Slab,18/04/2022 16:04:21,
平滑石头,minecraft:smooth_stone,是,镐,否,待核对,否,不透明,6,2,Beta 1.3,1.0.0,0,否,其他,无,0,否,15,木级及以上（含金）,否,否,是,,2,6,镐,需要 Wiki 中明确的完整碰撞体积说明,页面历史中的明确加入记录,Wiki衍生数据，部分信息框已核对,26.1-snapshot-10,https://minecraft.wiki/w/Smooth_Stone,16/04/2022 23:34:46,
平滑砂岩,minecraft:smooth_sandstone,是,镐,否,待核对,否,不透明,6,2,,,0,否,其他,无,0,否,15,木级及以上（含金）,否,否,是,,2,6,镐,需要 Wiki 中明确的完整碰撞体积说明,待核对 Java 版历史,Wiki衍生数据，部分信息框已核对,26.1-snapshot-10,https://minecraft.wiki/w/Sandstone,18/04/2022 15:34:54,
平滑石英块,minecraft:smooth_quartz,是,镐,否,待核对,否,不透明,6,2,,,0,否,其他,无,0,否,15,木级及以上（含金）,否,否,是,,2,6,镐,需要 Wiki 中明确的完整碰撞体积说明,待核对 Java 版历史,Wiki衍生数据，部分信息框已核对,26.1-snapshot-10,https://minecraft.wiki/w/Smooth_Quartz_Block,18/04/2022 15:23:14,
平滑红砂岩,minecraft:smooth_red_sandstone,是,镐,否,待核对,否,不透明,6,2,,,0,否,其他,无,0,否,15,木级及以上（含金）,否,否,是,,2,6,镐,需要 Wiki 中明确的完整碰撞体积说明,待核对 Java 版历史,Wiki衍生数据，部分信息框已核对,26.1-snapshot-10,https://minecraft.wiki/w/Sandstone,18/04/2022 15:34:54,
云杉木栅栏门,minecraft:spruce_fence_gate,是,斧,否,否,是,透明,3,2,,,0,是,栅栏门,无,0,否,0,无工具要求,否,否,是,,2,3,斧,Wiki 形状或非标准高度说明；按该类几何形状分类,待核对 Java 版历史,Wiki衍生数据，部分信息框已核对,26.1-snapshot-10,https://minecraft.wiki/w/Fence_Gate,19/04/2022 20:04:49,
白桦木栅栏门,minecraft:birch_fence_gate,是,斧,否,否,是,透明,3,2,,,0,是,栅栏门,无,0,否,0,无工具要求,否,否,是,,2,3,斧,Wiki 形状或非标准高度说明；按该类几何形状分类,待核对 Java 版历史,Wiki衍生数据，部分信息框已核对,26.1-snapshot-10,https://minecraft.wiki/w/Fence_Gate,19/04/2022 20:04:49,
丛林木栅栏门,minecraft:jungle_fence_gate,是,斧,否,否,是,透明,3,2,,,0,是,栅栏门,无,0,否,0,无工具要求,否,否,是,,2,3,斧,Wiki 形状或非标准高度说明；按该类几何形状分类,待核对 Java 版历史,Wiki衍生数据，部分信息框已核对,26.1-snapshot-10,https://minecraft.wiki/w/Fence_Gate,19/04/2022 20:04:49,
金合欢木栅栏门,minecraft:acacia_fence_gate,是,斧,否,否,是,透明,3,2,,,0,是,栅栏门,无,0,否,0,无工具要求,否,否,是,,2,3,斧,Wiki 形状或非标准高度说明；按该类几何形状分类,待核对 Java 版历史,Wiki衍生数据，部分信息框已核对,26.1-snapshot-10,https://minecraft.wiki/w/Fence_Gate,19/04/2022 20:04:49,
樱花木栅栏门,minecraft:cherry_fence_gate,是,斧,否,否,是,透明,3,2,,,0,是,栅栏门,无,0,否,0,无工具要求,否,否,是,,2,3,斧,Wiki 形状或非标准高度说明；按该类几何形状分类,待查Wiki页面,Wiki衍生数据，未核对原信息框,26.1-snapshot-10,,,
深色橡木栅栏门,minecraft:dark_oak_fence_gate,是,斧,否,否,是,透明,3,2,14w32b,1.8,0,是,栅栏门,无,0,否,0,无工具要求,否,否,是,,2,3,斧,Wiki 形状或非标准高度说明；按该类几何形状分类,页面历史中的明确加入记录,Wiki衍生数据，部分信息框已核对,26.1-snapshot-10,https://minecraft.wiki/w/Fence_Gate,19/04/2022 20:04:49,
苍白橡木栅栏门,minecraft:pale_oak_fence_gate,是,斧,否,否,是,透明,3,2,,,0,是,栅栏门,无,0,否,0,无工具要求,否,否,是,,2,3,斧,Wiki 形状或非标准高度说明；按该类几何形状分类,待查Wiki页面,Wiki衍生数据，未核对原信息框,26.1-snapshot-10,,,
红树木栅栏门,minecraft:mangrove_fence_gate,是,斧,否,否,是,透明,3,2,,,0,是,栅栏门,无,0,否,0,无工具要求,否,否,是,,2,3,斧,Wiki 形状或非标准高度说明；按该类几何形状分类,待查Wiki页面,Wiki衍生数据，未核对原信息框,26.1-snapshot-10,,,
竹栅栏门,minecraft:bamboo_fence_gate,是,斧,否,否,是,透明,3,2,,,0,是,栅栏门,无,0,否,0,无工具要求,否,否,是,,2,3,斧,Wiki 形状或非标准高度说明；按该类几何形状分类,待查Wiki页面,Wiki衍生数据，未核对原信息框,26.1-snapshot-10,,,
云杉木栅栏,minecraft:spruce_fence,是,斧,否,否,是,透明,3,2,,,0,是,栅栏,无,0,否,0,无工具要求,是,否,是,,2,3,斧,Wiki 形状或非标准高度说明；按该类几何形状分类,待核对 Java 版历史,Wiki衍生数据，部分信息框已核对,26.1-snapshot-10,https://minecraft.wiki/w/Fence,18/04/2022 16:12:26,
白桦木栅栏,minecraft:birch_fence,是,斧,否,否,是,透明,3,2,,,0,是,栅栏,无,0,否,0,无工具要求,是,否,是,,2,3,斧,Wiki 形状或非标准高度说明；按该类几何形状分类,待核对 Java 版历史,Wiki衍生数据，部分信息框已核对,26.1-snapshot-10,https://minecraft.wiki/w/Fence,18/04/2022 16:12:26,
丛林木栅栏,minecraft:jungle_fence,是,斧,否,否,是,透明,3,2,,,0,是,栅栏,无,0,否,0,无工具要求,是,否,是,,2,3,斧,Wiki 形状或非标准高度说明；按该类几何形状分类,待核对 Java 版历史,Wiki衍生数据，部分信息框已核对,26.1-snapshot-10,https://minecraft.wiki/w/Fence,18/04/2022 16:12:26,
金合欢木栅栏,minecraft:acacia_fence,是,斧,否,否,是,透明,3,2,,,0,是,栅栏,无,0,否,0,无工具要求,是,否,是,,2,3,斧,Wiki 形状或非标准高度说明；按该类几何形状分类,待核对 Java 版历史,Wiki衍生数据，部分信息框已核对,26.1-snapshot-10,https://minecraft.wiki/w/Fence,18/04/2022 16:12:26,
樱花木栅栏,minecraft:cherry_fence,是,斧,否,否,是,透明,3,2,,,0,是,栅栏,无,0,否,0,无工具要求,是,否,是,,2,3,斧,Wiki 形状或非标准高度说明；按该类几何形状分类,待查Wiki页面,Wiki衍生数据，未核对原信息框,26.1-snapshot-10,,,
深色橡木栅栏,minecraft:dark_oak_fence,是,斧,否,否,是,透明,3,2,,,0,是,栅栏,无,0,否,0,无工具要求,是,否,是,,2,3,斧,Wiki 形状或非标准高度说明；按该类几何形状分类,待核对 Java 版历史,Wiki衍生数据，部分信息框已核对,26.1-snapshot-10,https://minecraft.wiki/w/Fence,18/04/2022 16:12:26,
苍白橡木栅栏,minecraft:pale_oak_fence,是,斧,否,否,是,透明,3,2,,,0,是,栅栏,无,0,否,0,无工具要求,是,否,是,,2,3,斧,Wiki 形状或非标准高度说明；按该类几何形状分类,待查Wiki页面,Wiki衍生数据，未核对原信息框,26.1-snapshot-10,,,
红树木栅栏,minecraft:mangrove_fence,是,斧,否,否,是,透明,3,2,,,0,是,栅栏,无,0,否,0,无工具要求,是,否,是,,2,3,斧,Wiki 形状或非标准高度说明；按该类几何形状分类,待查Wiki页面,Wiki衍生数据，未核对原信息框,26.1-snapshot-10,,,
竹栅栏,minecraft:bamboo_fence,是,斧,否,否,是,透明,3,2,,,0,是,栅栏,无,0,否,0,无工具要求,是,否,是,,2,3,斧,Wiki 形状或非标准高度说明；按该类几何形状分类,待查Wiki页面,Wiki衍生数据，未核对原信息框,26.1-snapshot-10,,,
云杉木门,minecraft:spruce_door,是,斧,否,否,否,部分透明,3,3,,,0,是,门,无,0,是,0,无工具要求,否,否,是,,3,3,斧,Wiki 形状或非标准高度说明；按该类几何形状分类,待核对 Java 版历史,Wiki衍生数据，部分信息框已核对,26.1-snapshot-10,https://minecraft.wiki/w/Door,18/04/2022 15:32:39,
白桦木门,minecraft:birch_door,是,斧,否,否,否,部分透明,3,3,,,0,是,门,无,0,是,0,无工具要求,否,否,是,,3,3,斧,Wiki 形状或非标准高度说明；按该类几何形状分类,待核对 Java 版历史,Wiki衍生数据，部分信息框已核对,26.1-snapshot-10,https://minecraft.wiki/w/Door,18/04/2022 15:32:39,
丛林木门,minecraft:jungle_door,是,斧,否,否,否,部分透明,3,3,,,0,是,门,无,0,是,0,无工具要求,否,否,是,,3,3,斧,Wiki 形状或非标准高度说明；按该类几何形状分类,待核对 Java 版历史,Wiki衍生数据，部分信息框已核对,26.1-snapshot-10,https://minecraft.wiki/w/Door,18/04/2022 15:32:39,
金合欢木门,minecraft:acacia_door,是,斧,否,否,否,部分透明,3,3,,,0,是,门,无,0,是,0,无工具要求,否,否,是,,3,3,斧,Wiki 形状或非标准高度说明；按该类几何形状分类,待核对 Java 版历史,Wiki衍生数据，部分信息框已核对,26.1-snapshot-10,https://minecraft.wiki/w/Door,18/04/2022 15:32:39,
樱花木门,minecraft:cherry_door,是,斧,否,否,否,部分透明,3,3,,,0,是,门,无,0,是,0,无工具要求,否,否,是,,3,3,斧,Wiki 形状或非标准高度说明；按该类几何形状分类,待查Wiki页面,Wiki衍生数据，未核对原信息框,26.1-snapshot-10,,,
深色橡木门,minecraft:dark_oak_door,是,斧,否,否,否,部分透明,3,3,,,0,是,门,无,0,是,0,无工具要求,否,否,是,,3,3,斧,Wiki 形状或非标准高度说明；按该类几何形状分类,待核对 Java 版历史,Wiki衍生数据，部分信息框已核对,26.1-snapshot-10,https://minecraft.wiki/w/Door,18/04/2022 15:32:39,
苍白橡木门,minecraft:pale_oak_door,是,斧,否,否,否,部分透明,3,3,,,0,是,门,无,0,是,0,无工具要求,否,否,是,,3,3,斧,Wiki 形状或非标准高度说明；按该类几何形状分类,待查Wiki页面,Wiki衍生数据，未核对原信息框,26.1-snapshot-10,,,
红树木门,minecraft:mangrove_door,是,斧,否,否,否,部分透明,3,3,,,0,是,门,无,0,是,0,无工具要求,否,否,是,,3,3,斧,Wiki 形状或非标准高度说明；按该类几何形状分类,待查Wiki页面,Wiki衍生数据，未核对原信息框,26.1-snapshot-10,,,
竹门,minecraft:bamboo_door,是,斧,否,否,否,部分透明,3,3,,,0,是,门,无,0,是,0,无工具要求,否,否,是,,3,3,斧,Wiki 形状或非标准高度说明；按该类几何形状分类,待查Wiki页面,Wiki衍生数据，未核对原信息框,26.1-snapshot-10,,,
末地烛,minecraft:end_rod,是,任意工具或徒手,是,待核对,否,透明,0,0,15w31a,1.9,14,否,其他,无,14,是,0,无工具要求,否,否,是,,0,0,无专用工具,需要 Wiki 中明确的完整碰撞体积说明,页面历史中的明确加入记录,Wiki衍生数据，部分信息框已核对,26.1-snapshot-10,https://minecraft.wiki/w/End_Rod,18/04/2022 15:27:32,
紫颂植株,minecraft:chorus_plant,是,斧,否,待核对,否,透明,0.4,0.4,15w31a,1.9,0,否,其他,无,0,是,1,无工具要求,否,否,是,,0.4,0.4,斧,需要 Wiki 中明确的完整碰撞体积说明,页面历史中的明确加入记录,Wiki衍生数据，未核对原信息框,26.1-snapshot-10,https://minecraft.wiki/w/Chorus_plant,17/04/2022 06:19:51,
紫颂花,minecraft:chorus_flower,是,斧,否,待核对,否,透明,0.4,0.4,15w31a,1.9,0,否,花,无,0,是,1,无工具要求,否,否,是,,0.4,0.4,斧,需要 Wiki 中明确的完整碰撞体积说明,页面历史中的明确加入记录,Wiki衍生数据，部分信息框已核对,26.1-snapshot-10,https://minecraft.wiki/w/Chorus_Flower,16/04/2022 22:38:40,
紫珀块,minecraft:purpur_block,是,镐,否,待核对,否,不透明,6,1.5,15w31a,1.9,0,否,其他,无,0,否,15,木级及以上（含金）,否,否,是,,1.5,6,镐,需要 Wiki 中明确的完整碰撞体积说明,页面历史中的明确加入记录,Wiki衍生数据，部分信息框已核对,26.1-snapshot-10,https://minecraft.wiki/w/Purpur_Block,18/04/2022 15:45:37,
紫珀柱,minecraft:purpur_pillar,是,镐,否,待核对,否,不透明,6,1.5,15w31a,1.9,0,否,其他,无,0,否,15,木级及以上（含金）,否,否,是,,1.5,6,镐,需要 Wiki 中明确的完整碰撞体积说明,页面历史中的明确加入记录,Wiki衍生数据，部分信息框已核对,26.1-snapshot-10,https://minecraft.wiki/w/Purpur_Block,18/04/2022 15:45:37,
紫珀楼梯,minecraft:purpur_stairs,是,镐,否,否,否,部分透明,6,1.5,15w31a,1.9,0,否,楼梯,无,0,否,0,木级及以上（含金）,是,否,是,,1.5,6,镐,Wiki 形状或非标准高度说明；按该类几何形状分类,页面历史中的明确加入记录,Wiki衍生数据，部分信息框已核对,26.1-snapshot-10,https://minecraft.wiki/w/Stairs,18/04/2022 15:56:34,
末地石砖,minecraft:end_stone_bricks,是,镐,否,待核对,否,不透明,9,3,15w31a,1.9,0,否,其他,无,0,否,15,木级及以上（含金）,否,否,是,,3,9,镐,需要 Wiki 中明确的完整碰撞体积说明,页面历史中的明确加入记录,Wiki衍生数据，部分信息框已核对,26.1-snapshot-10,https://minecraft.wiki/w/End_Stone_Bricks,17/04/2022 01:57:55,
火把花植株,minecraft:torchflower_crop,待核对,待核对,待核对,待核对,待核对,待核对,,,,,,待核对,作物,无,0,是,0,无工具要求,否,否,否,无独立同名方块物品的放置形态,0,0,无专用工具,需要 Wiki 中明确的完整碰撞体积说明,待查Wiki页面,待补充,,,,
瓶子草植株,minecraft:pitcher_crop,待核对,待核对,待核对,待核对,待核对,待核对,,,,,,待核对,作物,无,0,是,0,无工具要求,否,否,否,无独立同名方块物品的放置形态,0,0,无专用工具,需要 Wiki 中明确的完整碰撞体积说明,待查Wiki页面,待补充,,,,
瓶子草,minecraft:pitcher_plant,是,任意工具或徒手,否,待核对,是,透明,0,0,,,0,是,花,无,0,是,0,无工具要求,否,否,是,,0,0,无专用工具,需要 Wiki 中明确的完整碰撞体积说明,待查Wiki页面,Wiki衍生数据，未核对原信息框,26.1-snapshot-10,,,
甜菜根,minecraft:beetroots,待核对,待核对,待核对,待核对,待核对,待核对,,,,,,待核对,作物,无,0,是,0,无工具要求,否,否,否,无独立同名方块物品的放置形态,0,0,无专用工具,需要 Wiki 中明确的完整碰撞体积说明,待查Wiki页面,待补充,,,,
土径,minecraft:dirt_path,是,锹,否,否,否,透明,0.65,0.65,,,0,否,其他,无,0,否,0,无工具要求,否,否,是,,0.65,0.65,锹,Wiki Solid block 页的非标准高度或宽度表,待核对 Java 版历史,Wiki衍生数据，部分信息框已核对,26.1-snapshot-10,https://minecraft.wiki/w/Dirt_Path,17/04/2022 06:20:54,
末地折跃门,minecraft:end_gateway,待核对,待核对,待核对,待核对,待核对,待核对,,,15w31a,1.9,,待核对,其他,无,15,是,1,不适用,否,否,否,无独立同名方块物品的放置形态,-1,3600000,无专用工具,需要 Wiki 中明确的完整碰撞体积说明,页面历史中的明确加入记录,待补充,,https://minecraft.wiki/w/End_gateway,16/04/2022 22:56:38,
循环型命令方块,minecraft:repeating_command_block,否,无有效工具,否,待核对,否,不透明,3600000,-1,,,0,否,其他,无,0,否,15,不适用,否,否,否,空气或技术方块,-1,3600000,无专用工具,需要 Wiki 中明确的完整碰撞体积说明,待核对 Java 版历史,Wiki衍生数据，部分信息框已核对,26.1-snapshot-10,https://minecraft.wiki/w/Command_Block,18/04/2022 16:04:00,
连锁型命令方块,minecraft:chain_command_block,否,无有效工具,否,待核对,否,不透明,3600000,-1,15w34a,1.9,0,否,其他,无,0,否,15,不适用,否,否,否,空气或技术方块,-1,3600000,无专用工具,需要 Wiki 中明确的完整碰撞体积说明,页面历史中的明确加入记录,Wiki衍生数据，部分信息框已核对,26.1-snapshot-10,https://minecraft.wiki/w/Command_Block,18/04/2022 16:04:00,
霜冰,minecraft:frosted_ice,是,待核对,否,待核对,否,待核对,0.5,0.5,15w42a,1.9,0,否,其他,无,0,是,1,无工具要求,否,否,否,无独立同名方块物品的放置形态,0.5,0.5,无专用工具,需要 Wiki 中明确的完整碰撞体积说明,页面历史中的明确加入记录,Wiki离线信息框,2022年4月离线Wiki,https://minecraft.wiki/w/Frosted_Ice,16/04/2022 23:41:23,
岩浆块,minecraft:magma_block,是,镐,是,待核对,否,透明,0.5,0.5,16w20a,1.10,3,否,其他,无,3,否,15,木级及以上（含金）,否,否,是,,0.5,0.5,镐,需要 Wiki 中明确的完整碰撞体积说明,页面历史中的明确加入记录,Wiki衍生数据，部分信息框已核对,26.1-snapshot-10,https://minecraft.wiki/w/Magma_Block,17/04/2022 02:40:45,
下界疣块,minecraft:nether_wart_block,是,锄,否,待核对,否,不透明,1,1,16w20a,1.10,0,否,其他,无,0,否,15,无工具要求,否,否,是,,1,1,锄,需要 Wiki 中明确的完整碰撞体积说明,页面历史中的明确加入记录,Wiki衍生数据，部分信息框已核对,26.1-snapshot-10,https://minecraft.wiki/w/Nether_Wart_Block,16/04/2022 22:27:00,
红色下界砖块,minecraft:red_nether_bricks,是,镐,否,待核对,否,不透明,6,2,16w20a,1.10,0,否,其他,无,0,否,15,木级及以上（含金）,否,否,是,,2,6,镐,需要 Wiki 中明确的完整碰撞体积说明,页面历史中的明确加入记录,Wiki衍生数据，部分信息框已核对,26.1-snapshot-10,https://minecraft.wiki/w/Nether_Bricks,17/04/2022 02:38:21,
骨块,minecraft:bone_block,是,镐,否,待核对,否,不透明,2,2,16w20a,1.10,0,否,其他,无,0,否,15,木级及以上（含金）,否,否,是,,2,2,镐,需要 Wiki 中明确的完整碰撞体积说明,页面历史中的明确加入记录,Wiki衍生数据，部分信息框已核对,26.1-snapshot-10,https://minecraft.wiki/w/Bone_Block,18/04/2022 15:18:36,
结构空位,minecraft:structure_void,否,无有效工具,否,待核对,否,透明,0,0,16w20a,1.10,0,否,其他,无,0,是,0,无工具要求,否,否,否,空气或技术方块,0,0,无专用工具,需要 Wiki 中明确的完整碰撞体积说明,页面历史中的明确加入记录,Wiki衍生数据，部分信息框已核对,26.1-snapshot-10,https://minecraft.wiki/w/Structure_Void,16/04/2022 22:46:05,
侦测器,minecraft:observer,是,镐,否,待核对,否,不透明,3,3,16w39a,1.11,0,否,其他,无,0,否,15,木级及以上（含金）,否,否,是,,3,3,镐,需要 Wiki 中明确的完整碰撞体积说明,页面历史中的明确加入记录,Wiki衍生数据，未核对原信息框,26.1-snapshot-10,https://minecraft.wiki/w/Observer,16/04/2022 23:08:21,
潜影盒,minecraft:shulker_box,是,镐,否,待核对,否,不透明,2,2,18w10b,1.13,0,否,其他,无,0,是,1,无工具要求,否,否,是,,2,2,镐,需要 Wiki 中明确的完整碰撞体积说明,未染色潜影盒加入记录,Wiki衍生数据，部分信息框已核对,26.1-snapshot-10,https://minecraft.wiki/w/Shulker_Box,18/04/2022 16:02:26,
白色潜影盒,minecraft:white_shulker_box,是,镐,否,待核对,否,不透明,2,2,16w39a,1.11,0,否,其他,白色,0,是,1,无工具要求,否,否,是,,2,2,镐,需要 Wiki 中明确的完整碰撞体积说明,染色潜影盒系列加入记录,Wiki衍生数据，部分信息框已核对,26.1-snapshot-10,https://minecraft.wiki/w/Shulker_Box,18/04/2022 16:02:26,
橙色潜影盒,minecraft:orange_shulker_box,是,镐,否,待核对,否,不透明,2,2,16w39a,1.11,0,否,其他,橙色,0,是,1,无工具要求,否,否,是,,2,2,镐,需要 Wiki 中明确的完整碰撞体积说明,染色潜影盒系列加入记录,Wiki衍生数据，部分信息框已核对,26.1-snapshot-10,https://minecraft.wiki/w/Shulker_Box,18/04/2022 16:02:26,
品红色潜影盒,minecraft:magenta_shulker_box,是,镐,否,待核对,否,不透明,2,2,16w39a,1.11,0,否,其他,品红色,0,是,1,无工具要求,否,否,是,,2,2,镐,需要 Wiki 中明确的完整碰撞体积说明,染色潜影盒系列加入记录,Wiki衍生数据，部分信息框已核对,26.1-snapshot-10,https://minecraft.wiki/w/Shulker_Box,18/04/2022 16:02:26,
淡蓝色潜影盒,minecraft:light_blue_shulker_box,是,镐,否,待核对,否,不透明,2,2,16w39a,1.11,0,否,其他,淡蓝色,0,是,1,无工具要求,否,否,是,,2,2,镐,需要 Wiki 中明确的完整碰撞体积说明,染色潜影盒系列加入记录,Wiki衍生数据，部分信息框已核对,26.1-snapshot-10,https://minecraft.wiki/w/Shulker_Box,18/04/2022 16:02:26,
黄色潜影盒,minecraft:yellow_shulker_box,是,镐,否,待核对,否,不透明,2,2,16w39a,1.11,0,否,其他,黄色,0,是,1,无工具要求,否,否,是,,2,2,镐,需要 Wiki 中明确的完整碰撞体积说明,染色潜影盒系列加入记录,Wiki衍生数据，部分信息框已核对,26.1-snapshot-10,https://minecraft.wiki/w/Shulker_Box,18/04/2022 16:02:26,
黄绿色潜影盒,minecraft:lime_shulker_box,是,镐,否,待核对,否,不透明,2,2,16w39a,1.11,0,否,其他,黄绿色,0,是,1,无工具要求,否,否,是,,2,2,镐,需要 Wiki 中明确的完整碰撞体积说明,染色潜影盒系列加入记录,Wiki衍生数据，部分信息框已核对,26.1-snapshot-10,https://minecraft.wiki/w/Shulker_Box,18/04/2022 16:02:26,
粉红色潜影盒,minecraft:pink_shulker_box,是,镐,否,待核对,否,不透明,2,2,16w39a,1.11,0,否,其他,粉红色,0,是,1,无工具要求,否,否,是,,2,2,镐,需要 Wiki 中明确的完整碰撞体积说明,染色潜影盒系列加入记录,Wiki衍生数据，部分信息框已核对,26.1-snapshot-10,https://minecraft.wiki/w/Shulker_Box,18/04/2022 16:02:26,
灰色潜影盒,minecraft:gray_shulker_box,是,镐,否,待核对,否,不透明,2,2,16w39a,1.11,0,否,其他,灰色,0,是,1,无工具要求,否,否,是,,2,2,镐,需要 Wiki 中明确的完整碰撞体积说明,染色潜影盒系列加入记录,Wiki衍生数据，部分信息框已核对,26.1-snapshot-10,https://minecraft.wiki/w/Shulker_Box,18/04/2022 16:02:26,
淡灰色潜影盒,minecraft:light_gray_shulker_box,是,镐,否,待核对,否,不透明,2,2,16w39a,1.11,0,否,其他,淡灰色,0,是,1,无工具要求,否,否,是,,2,2,镐,需要 Wiki 中明确的完整碰撞体积说明,染色潜影盒系列加入记录,Wiki衍生数据，部分信息框已核对,26.1-snapshot-10,https://minecraft.wiki/w/Shulker_Box,18/04/2022 16:02:26,
青色潜影盒,minecraft:cyan_shulker_box,是,镐,否,待核对,否,不透明,2,2,16w39a,1.11,0,否,其他,青色,0,是,1,无工具要求,否,否,是,,2,2,镐,需要 Wiki 中明确的完整碰撞体积说明,染色潜影盒系列加入记录,Wiki衍生数据，部分信息框已核对,26.1-snapshot-10,https://minecraft.wiki/w/Shulker_Box,18/04/2022 16:02:26,
紫色潜影盒,minecraft:purple_shulker_box,是,镐,否,待核对,否,不透明,2,2,16w39a,1.11,0,否,其他,紫色,0,是,1,无工具要求,否,否,是,,2,2,镐,需要 Wiki 中明确的完整碰撞体积说明,染色潜影盒系列加入记录,Wiki衍生数据，部分信息框已核对,26.1-snapshot-10,https://minecraft.wiki/w/Shulker_Box,18/04/2022 16:02:26,
蓝色潜影盒,minecraft:blue_shulker_box,是,镐,否,待核对,否,不透明,2,2,16w39a,1.11,0,否,其他,蓝色,0,是,1,无工具要求,否,否,是,,2,2,镐,需要 Wiki 中明确的完整碰撞体积说明,染色潜影盒系列加入记录,Wiki衍生数据，部分信息框已核对,26.1-snapshot-10,https://minecraft.wiki/w/Shulker_Box,18/04/2022 16:02:26,
棕色潜影盒,minecraft:brown_shulker_box,是,镐,否,待核对,否,不透明,2,2,16w39a,1.11,0,否,其他,棕色,0,是,1,无工具要求,否,否,是,,2,2,镐,需要 Wiki 中明确的完整碰撞体积说明,染色潜影盒系列加入记录,Wiki衍生数据，部分信息框已核对,26.1-snapshot-10,https://minecraft.wiki/w/Shulker_Box,18/04/2022 16:02:26,
绿色潜影盒,minecraft:green_shulker_box,是,镐,否,待核对,否,不透明,2,2,16w39a,1.11,0,否,其他,绿色,0,是,1,无工具要求,否,否,是,,2,2,镐,需要 Wiki 中明确的完整碰撞体积说明,染色潜影盒系列加入记录,Wiki衍生数据，部分信息框已核对,26.1-snapshot-10,https://minecraft.wiki/w/Shulker_Box,18/04/2022 16:02:26,
红色潜影盒,minecraft:red_shulker_box,是,镐,否,待核对,否,不透明,2,2,16w39a,1.11,0,否,其他,红色,0,是,1,无工具要求,否,否,是,,2,2,镐,需要 Wiki 中明确的完整碰撞体积说明,染色潜影盒系列加入记录,Wiki衍生数据，部分信息框已核对,26.1-snapshot-10,https://minecraft.wiki/w/Shulker_Box,18/04/2022 16:02:26,
黑色潜影盒,minecraft:black_shulker_box,是,镐,否,待核对,否,不透明,2,2,16w39a,1.11,0,否,其他,黑色,0,是,1,无工具要求,否,否,是,,2,2,镐,需要 Wiki 中明确的完整碰撞体积说明,染色潜影盒系列加入记录,Wiki衍生数据，部分信息框已核对,26.1-snapshot-10,https://minecraft.wiki/w/Shulker_Box,18/04/2022 16:02:26,
白色带釉陶瓦,minecraft:white_glazed_terracotta,是,镐,否,待核对,否,不透明,1.4,1.4,17w06a,1.12,0,否,其他,白色,0,否,15,木级及以上（含金）,否,否,是,,1.4,1.4,镐,需要 Wiki 中明确的完整碰撞体积说明,共享页面中明确加入整个系列,Wiki衍生数据，部分信息框已核对,26.1-snapshot-10,https://minecraft.wiki/w/Glazed_Terracotta,19/04/2022 20:02:26,
橙色带釉陶瓦,minecraft:orange_glazed_terracotta,是,镐,否,待核对,否,不透明,1.4,1.4,17w06a,1.12,0,否,其他,橙色,0,否,15,木级及以上（含金）,否,否,是,,1.4,1.4,镐,需要 Wiki 中明确的完整碰撞体积说明,共享页面中明确加入整个系列,Wiki衍生数据，部分信息框已核对,26.1-snapshot-10,https://minecraft.wiki/w/Glazed_Terracotta,19/04/2022 20:02:26,
品红色带釉陶瓦,minecraft:magenta_glazed_terracotta,是,镐,否,待核对,否,不透明,1.4,1.4,17w06a,1.12,0,否,其他,品红色,0,否,15,木级及以上（含金）,否,否,是,,1.4,1.4,镐,需要 Wiki 中明确的完整碰撞体积说明,共享页面中明确加入整个系列,Wiki衍生数据，部分信息框已核对,26.1-snapshot-10,https://minecraft.wiki/w/Glazed_Terracotta,19/04/2022 20:02:26,
淡蓝色带釉陶瓦,minecraft:light_blue_glazed_terracotta,是,镐,否,待核对,否,不透明,1.4,1.4,17w06a,1.12,0,否,其他,淡蓝色,0,否,15,木级及以上（含金）,否,否,是,,1.4,1.4,镐,需要 Wiki 中明确的完整碰撞体积说明,共享页面中明确加入整个系列,Wiki衍生数据，部分信息框已核对,26.1-snapshot-10,https://minecraft.wiki/w/Glazed_Terracotta,19/04/2022 20:02:26,
黄色带釉陶瓦,minecraft:yellow_glazed_terracotta,是,镐,否,待核对,否,不透明,1.4,1.4,17w06a,1.12,0,否,其他,黄色,0,否,15,木级及以上（含金）,否,否,是,,1.4,1.4,镐,需要 Wiki 中明确的完整碰撞体积说明,共享页面中明确加入整个系列,Wiki衍生数据，部分信息框已核对,26.1-snapshot-10,https://minecraft.wiki/w/Glazed_Terracotta,19/04/2022 20:02:26,
黄绿色带釉陶瓦,minecraft:lime_glazed_terracotta,是,镐,否,待核对,否,不透明,1.4,1.4,17w06a,1.12,0,否,其他,黄绿色,0,否,15,木级及以上（含金）,否,否,是,,1.4,1.4,镐,需要 Wiki 中明确的完整碰撞体积说明,共享页面中明确加入整个系列,Wiki衍生数据，部分信息框已核对,26.1-snapshot-10,https://minecraft.wiki/w/Glazed_Terracotta,19/04/2022 20:02:26,
粉红色带釉陶瓦,minecraft:pink_glazed_terracotta,是,镐,否,待核对,否,不透明,1.4,1.4,17w06a,1.12,0,否,其他,粉红色,0,否,15,木级及以上（含金）,否,否,是,,1.4,1.4,镐,需要 Wiki 中明确的完整碰撞体积说明,共享页面中明确加入整个系列,Wiki衍生数据，部分信息框已核对,26.1-snapshot-10,https://minecraft.wiki/w/Glazed_Terracotta,19/04/2022 20:02:26,
灰色带釉陶瓦,minecraft:gray_glazed_terracotta,是,镐,否,待核对,否,不透明,1.4,1.4,17w06a,1.12,0,否,其他,灰色,0,否,15,木级及以上（含金）,否,否,是,,1.4,1.4,镐,需要 Wiki 中明确的完整碰撞体积说明,共享页面中明确加入整个系列,Wiki衍生数据，部分信息框已核对,26.1-snapshot-10,https://minecraft.wiki/w/Glazed_Terracotta,19/04/2022 20:02:26,
淡灰色带釉陶瓦,minecraft:light_gray_glazed_terracotta,是,镐,否,待核对,否,不透明,1.4,1.4,17w06a,1.12,0,否,其他,淡灰色,0,否,15,木级及以上（含金）,否,否,是,,1.4,1.4,镐,需要 Wiki 中明确的完整碰撞体积说明,共享页面中明确加入整个系列,Wiki衍生数据，部分信息框已核对,26.1-snapshot-10,https://minecraft.wiki/w/Glazed_Terracotta,19/04/2022 20:02:26,
青色带釉陶瓦,minecraft:cyan_glazed_terracotta,是,镐,否,待核对,否,不透明,1.4,1.4,17w06a,1.12,0,否,其他,青色,0,否,15,木级及以上（含金）,否,否,是,,1.4,1.4,镐,需要 Wiki 中明确的完整碰撞体积说明,共享页面中明确加入整个系列,Wiki衍生数据，部分信息框已核对,26.1-snapshot-10,https://minecraft.wiki/w/Glazed_Terracotta,19/04/2022 20:02:26,
紫色带釉陶瓦,minecraft:purple_glazed_terracotta,是,镐,否,待核对,否,不透明,1.4,1.4,17w06a,1.12,0,否,其他,紫色,0,否,15,木级及以上（含金）,否,否,是,,1.4,1.4,镐,需要 Wiki 中明确的完整碰撞体积说明,共享页面中明确加入整个系列,Wiki衍生数据，部分信息框已核对,26.1-snapshot-10,https://minecraft.wiki/w/Glazed_Terracotta,19/04/2022 20:02:26,
蓝色带釉陶瓦,minecraft:blue_glazed_terracotta,是,镐,否,待核对,否,不透明,1.4,1.4,17w06a,1.12,0,否,其他,蓝色,0,否,15,木级及以上（含金）,否,否,是,,1.4,1.4,镐,需要 Wiki 中明确的完整碰撞体积说明,共享页面中明确加入整个系列,Wiki衍生数据，部分信息框已核对,26.1-snapshot-10,https://minecraft.wiki/w/Glazed_Terracotta,19/04/2022 20:02:26,
棕色带釉陶瓦,minecraft:brown_glazed_terracotta,是,镐,否,待核对,否,不透明,1.4,1.4,17w06a,1.12,0,否,其他,棕色,0,否,15,木级及以上（含金）,否,否,是,,1.4,1.4,镐,需要 Wiki 中明确的完整碰撞体积说明,共享页面中明确加入整个系列,Wiki衍生数据，部分信息框已核对,26.1-snapshot-10,https://minecraft.wiki/w/Glazed_Terracotta,19/04/2022 20:02:26,
绿色带釉陶瓦,minecraft:green_glazed_terracotta,是,镐,否,待核对,否,不透明,1.4,1.4,17w06a,1.12,0,否,其他,绿色,0,否,15,木级及以上（含金）,否,否,是,,1.4,1.4,镐,需要 Wiki 中明确的完整碰撞体积说明,共享页面中明确加入整个系列,Wiki衍生数据，部分信息框已核对,26.1-snapshot-10,https://minecraft.wiki/w/Glazed_Terracotta,19/04/2022 20:02:26,
红色带釉陶瓦,minecraft:red_glazed_terracotta,是,镐,否,待核对,否,不透明,1.4,1.4,17w06a,1.12,0,否,其他,红色,0,否,15,木级及以上（含金）,否,否,是,,1.4,1.4,镐,需要 Wiki 中明确的完整碰撞体积说明,共享页面中明确加入整个系列,Wiki衍生数据，部分信息框已核对,26.1-snapshot-10,https://minecraft.wiki/w/Glazed_Terracotta,19/04/2022 20:02:26,
黑色带釉陶瓦,minecraft:black_glazed_terracotta,是,镐,否,待核对,否,不透明,1.4,1.4,17w06a,1.12,0,否,其他,黑色,0,否,15,木级及以上（含金）,否,否,是,,1.4,1.4,镐,需要 Wiki 中明确的完整碰撞体积说明,共享页面中明确加入整个系列,Wiki衍生数据，部分信息框已核对,26.1-snapshot-10,https://minecraft.wiki/w/Glazed_Terracotta,19/04/2022 20:02:26,
白色混凝土,minecraft:white_concrete,是,镐,否,待核对,否,不透明,1.8,1.8,17w06a,1.12,0,否,其他,白色,0,否,15,木级及以上（含金）,否,否,是,,1.8,1.8,镐,需要 Wiki 中明确的完整碰撞体积说明,共享页面中明确加入整个系列,Wiki衍生数据，部分信息框已核对,26.1-snapshot-10,https://minecraft.wiki/w/Concrete,18/04/2022 16:00:12,
橙色混凝土,minecraft:orange_concrete,是,镐,否,待核对,否,不透明,1.8,1.8,17w06a,1.12,0,否,其他,橙色,0,否,15,木级及以上（含金）,否,否,是,,1.8,1.8,镐,需要 Wiki 中明确的完整碰撞体积说明,共享页面中明确加入整个系列,Wiki衍生数据，部分信息框已核对,26.1-snapshot-10,https://minecraft.wiki/w/Concrete,18/04/2022 16:00:12,
品红色混凝土,minecraft:magenta_concrete,是,镐,否,待核对,否,不透明,1.8,1.8,17w06a,1.12,0,否,其他,品红色,0,否,15,木级及以上（含金）,否,否,是,,1.8,1.8,镐,需要 Wiki 中明确的完整碰撞体积说明,共享页面中明确加入整个系列,Wiki衍生数据，部分信息框已核对,26.1-snapshot-10,https://minecraft.wiki/w/Concrete,18/04/2022 16:00:12,
淡蓝色混凝土,minecraft:light_blue_concrete,是,镐,否,待核对,否,不透明,1.8,1.8,17w06a,1.12,0,否,其他,淡蓝色,0,否,15,木级及以上（含金）,否,否,是,,1.8,1.8,镐,需要 Wiki 中明确的完整碰撞体积说明,共享页面中明确加入整个系列,Wiki衍生数据，部分信息框已核对,26.1-snapshot-10,https://minecraft.wiki/w/Concrete,18/04/2022 16:00:12,
黄色混凝土,minecraft:yellow_concrete,是,镐,否,待核对,否,不透明,1.8,1.8,17w06a,1.12,0,否,其他,黄色,0,否,15,木级及以上（含金）,否,否,是,,1.8,1.8,镐,需要 Wiki 中明确的完整碰撞体积说明,共享页面中明确加入整个系列,Wiki衍生数据，部分信息框已核对,26.1-snapshot-10,https://minecraft.wiki/w/Concrete,18/04/2022 16:00:12,
黄绿色混凝土,minecraft:lime_concrete,是,镐,否,待核对,否,不透明,1.8,1.8,17w06a,1.12,0,否,其他,黄绿色,0,否,15,木级及以上（含金）,否,否,是,,1.8,1.8,镐,需要 Wiki 中明确的完整碰撞体积说明,共享页面中明确加入整个系列,Wiki衍生数据，部分信息框已核对,26.1-snapshot-10,https://minecraft.wiki/w/Concrete,18/04/2022 16:00:12,
粉红色混凝土,minecraft:pink_concrete,是,镐,否,待核对,否,不透明,1.8,1.8,17w06a,1.12,0,否,其他,粉红色,0,否,15,木级及以上（含金）,否,否,是,,1.8,1.8,镐,需要 Wiki 中明确的完整碰撞体积说明,共享页面中明确加入整个系列,Wiki衍生数据，部分信息框已核对,26.1-snapshot-10,https://minecraft.wiki/w/Concrete,18/04/2022 16:00:12,
灰色混凝土,minecraft:gray_concrete,是,镐,否,待核对,否,不透明,1.8,1.8,17w06a,1.12,0,否,其他,灰色,0,否,15,木级及以上（含金）,否,否,是,,1.8,1.8,镐,需要 Wiki 中明确的完整碰撞体积说明,共享页面中明确加入整个系列,Wiki衍生数据，部分信息框已核对,26.1-snapshot-10,https://minecraft.wiki/w/Concrete,18/04/2022 16:00:12,
淡灰色混凝土,minecraft:light_gray_concrete,是,镐,否,待核对,否,不透明,1.8,1.8,17w06a,1.12,0,否,其他,淡灰色,0,否,15,木级及以上（含金）,否,否,是,,1.8,1.8,镐,需要 Wiki 中明确的完整碰撞体积说明,共享页面中明确加入整个系列,Wiki衍生数据，部分信息框已核对,26.1-snapshot-10,https://minecraft.wiki/w/Concrete,18/04/2022 16:00:12,
青色混凝土,minecraft:cyan_concrete,是,镐,否,待核对,否,不透明,1.8,1.8,17w06a,1.12,0,否,其他,青色,0,否,15,木级及以上（含金）,否,否,是,,1.8,1.8,镐,需要 Wiki 中明确的完整碰撞体积说明,共享页面中明确加入整个系列,Wiki衍生数据，部分信息框已核对,26.1-snapshot-10,https://minecraft.wiki/w/Concrete,18/04/2022 16:00:12,
紫色混凝土,minecraft:purple_concrete,是,镐,否,待核对,否,不透明,1.8,1.8,17w06a,1.12,0,否,其他,紫色,0,否,15,木级及以上（含金）,否,否,是,,1.8,1.8,镐,需要 Wiki 中明确的完整碰撞体积说明,共享页面中明确加入整个系列,Wiki衍生数据，部分信息框已核对,26.1-snapshot-10,https://minecraft.wiki/w/Concrete,18/04/2022 16:00:12,
蓝色混凝土,minecraft:blue_concrete,是,镐,否,待核对,否,不透明,1.8,1.8,17w06a,1.12,0,否,其他,蓝色,0,否,15,木级及以上（含金）,否,否,是,,1.8,1.8,镐,需要 Wiki 中明确的完整碰撞体积说明,共享页面中明确加入整个系列,Wiki衍生数据，部分信息框已核对,26.1-snapshot-10,https://minecraft.wiki/w/Concrete,18/04/2022 16:00:12,
棕色混凝土,minecraft:brown_concrete,是,镐,否,待核对,否,不透明,1.8,1.8,17w06a,1.12,0,否,其他,棕色,0,否,15,木级及以上（含金）,否,否,是,,1.8,1.8,镐,需要 Wiki 中明确的完整碰撞体积说明,共享页面中明确加入整个系列,Wiki衍生数据，部分信息框已核对,26.1-snapshot-10,https://minecraft.wiki/w/Concrete,18/04/2022 16:00:12,
绿色混凝土,minecraft:green_concrete,是,镐,否,待核对,否,不透明,1.8,1.8,17w06a,1.12,0,否,其他,绿色,0,否,15,木级及以上（含金）,否,否,是,,1.8,1.8,镐,需要 Wiki 中明确的完整碰撞体积说明,共享页面中明确加入整个系列,Wiki衍生数据，部分信息框已核对,26.1-snapshot-10,https://minecraft.wiki/w/Concrete,18/04/2022 16:00:12,
红色混凝土,minecraft:red_concrete,是,镐,否,待核对,否,不透明,1.8,1.8,17w06a,1.12,0,否,其他,红色,0,否,15,木级及以上（含金）,否,否,是,,1.8,1.8,镐,需要 Wiki 中明确的完整碰撞体积说明,共享页面中明确加入整个系列,Wiki衍生数据，部分信息框已核对,26.1-snapshot-10,https://minecraft.wiki/w/Concrete,18/04/2022 16:00:12,
黑色混凝土,minecraft:black_concrete,是,镐,否,待核对,否,不透明,1.8,1.8,17w06a,1.12,0,否,其他,黑色,0,否,15,木级及以上（含金）,否,否,是,,1.8,1.8,镐,需要 Wiki 中明确的完整碰撞体积说明,共享页面中明确加入整个系列,Wiki衍生数据，部分信息框已核对,26.1-snapshot-10,https://minecraft.wiki/w/Concrete,18/04/2022 16:00:12,
白色混凝土粉末,minecraft:white_concrete_powder,是,锹,否,待核对,否,不透明,0.5,0.5,17w06a,1.12,0,否,其他,白色,0,否,15,无工具要求,否,否,是,,0.5,0.5,锹,需要 Wiki 中明确的完整碰撞体积说明,共享页面中明确加入整个系列,Wiki衍生数据，部分信息框已核对,26.1-snapshot-10,https://minecraft.wiki/w/Concrete_Powder,18/04/2022 16:07:10,
橙色混凝土粉末,minecraft:orange_concrete_powder,是,锹,否,待核对,否,不透明,0.5,0.5,17w06a,1.12,0,否,其他,橙色,0,否,15,无工具要求,否,否,是,,0.5,0.5,锹,需要 Wiki 中明确的完整碰撞体积说明,共享页面中明确加入整个系列,Wiki衍生数据，部分信息框已核对,26.1-snapshot-10,https://minecraft.wiki/w/Concrete_Powder,18/04/2022 16:07:10,
品红色混凝土粉末,minecraft:magenta_concrete_powder,是,锹,否,待核对,否,不透明,0.5,0.5,17w06a,1.12,0,否,其他,品红色,0,否,15,无工具要求,否,否,是,,0.5,0.5,锹,需要 Wiki 中明确的完整碰撞体积说明,共享页面中明确加入整个系列,Wiki衍生数据，部分信息框已核对,26.1-snapshot-10,https://minecraft.wiki/w/Concrete_Powder,18/04/2022 16:07:10,
淡蓝色混凝土粉末,minecraft:light_blue_concrete_powder,是,锹,否,待核对,否,不透明,0.5,0.5,17w06a,1.12,0,否,其他,淡蓝色,0,否,15,无工具要求,否,否,是,,0.5,0.5,锹,需要 Wiki 中明确的完整碰撞体积说明,共享页面中明确加入整个系列,Wiki衍生数据，部分信息框已核对,26.1-snapshot-10,https://minecraft.wiki/w/Concrete_Powder,18/04/2022 16:07:10,
黄色混凝土粉末,minecraft:yellow_concrete_powder,是,锹,否,待核对,否,不透明,0.5,0.5,17w06a,1.12,0,否,其他,黄色,0,否,15,无工具要求,否,否,是,,0.5,0.5,锹,需要 Wiki 中明确的完整碰撞体积说明,共享页面中明确加入整个系列,Wiki衍生数据，部分信息框已核对,26.1-snapshot-10,https://minecraft.wiki/w/Concrete_Powder,18/04/2022 16:07:10,
黄绿色混凝土粉末,minecraft:lime_concrete_powder,是,锹,否,待核对,否,不透明,0.5,0.5,17w06a,1.12,0,否,其他,黄绿色,0,否,15,无工具要求,否,否,是,,0.5,0.5,锹,需要 Wiki 中明确的完整碰撞体积说明,共享页面中明确加入整个系列,Wiki衍生数据，部分信息框已核对,26.1-snapshot-10,https://minecraft.wiki/w/Concrete_Powder,18/04/2022 16:07:10,
粉红色混凝土粉末,minecraft:pink_concrete_powder,是,锹,否,待核对,否,不透明,0.5,0.5,17w06a,1.12,0,否,其他,粉红色,0,否,15,无工具要求,否,否,是,,0.5,0.5,锹,需要 Wiki 中明确的完整碰撞体积说明,共享页面中明确加入整个系列,Wiki衍生数据，部分信息框已核对,26.1-snapshot-10,https://minecraft.wiki/w/Concrete_Powder,18/04/2022 16:07:10,
灰色混凝土粉末,minecraft:gray_concrete_powder,是,锹,否,待核对,否,不透明,0.5,0.5,17w06a,1.12,0,否,其他,灰色,0,否,15,无工具要求,否,否,是,,0.5,0.5,锹,需要 Wiki 中明确的完整碰撞体积说明,共享页面中明确加入整个系列,Wiki衍生数据，部分信息框已核对,26.1-snapshot-10,https://minecraft.wiki/w/Concrete_Powder,18/04/2022 16:07:10,
淡灰色混凝土粉末,minecraft:light_gray_concrete_powder,是,锹,否,待核对,否,不透明,0.5,0.5,17w06a,1.12,0,否,其他,淡灰色,0,否,15,无工具要求,否,否,是,,0.5,0.5,锹,需要 Wiki 中明确的完整碰撞体积说明,共享页面中明确加入整个系列,Wiki衍生数据，部分信息框已核对,26.1-snapshot-10,https://minecraft.wiki/w/Concrete_Powder,18/04/2022 16:07:10,
青色混凝土粉末,minecraft:cyan_concrete_powder,是,锹,否,待核对,否,不透明,0.5,0.5,17w06a,1.12,0,否,其他,青色,0,否,15,无工具要求,否,否,是,,0.5,0.5,锹,需要 Wiki 中明确的完整碰撞体积说明,共享页面中明确加入整个系列,Wiki衍生数据，部分信息框已核对,26.1-snapshot-10,https://minecraft.wiki/w/Concrete_Powder,18/04/2022 16:07:10,
紫色混凝土粉末,minecraft:purple_concrete_powder,是,锹,否,待核对,否,不透明,0.5,0.5,17w06a,1.12,0,否,其他,紫色,0,否,15,无工具要求,否,否,是,,0.5,0.5,锹,需要 Wiki 中明确的完整碰撞体积说明,共享页面中明确加入整个系列,Wiki衍生数据，部分信息框已核对,26.1-snapshot-10,https://minecraft.wiki/w/Concrete_Powder,18/04/2022 16:07:10,
蓝色混凝土粉末,minecraft:blue_concrete_powder,是,锹,否,待核对,否,不透明,0.5,0.5,17w06a,1.12,0,否,其他,蓝色,0,否,15,无工具要求,否,否,是,,0.5,0.5,锹,需要 Wiki 中明确的完整碰撞体积说明,共享页面中明确加入整个系列,Wiki衍生数据，部分信息框已核对,26.1-snapshot-10,https://minecraft.wiki/w/Concrete_Powder,18/04/2022 16:07:10,
棕色混凝土粉末,minecraft:brown_concrete_powder,是,锹,否,待核对,否,不透明,0.5,0.5,17w06a,1.12,0,否,其他,棕色,0,否,15,无工具要求,否,否,是,,0.5,0.5,锹,需要 Wiki 中明确的完整碰撞体积说明,共享页面中明确加入整个系列,Wiki衍生数据，部分信息框已核对,26.1-snapshot-10,https://minecraft.wiki/w/Concrete_Powder,18/04/2022 16:07:10,
绿色混凝土粉末,minecraft:green_concrete_powder,是,锹,否,待核对,否,不透明,0.5,0.5,17w06a,1.12,0,否,其他,绿色,0,否,15,无工具要求,否,否,是,,0.5,0.5,锹,需要 Wiki 中明确的完整碰撞体积说明,共享页面中明确加入整个系列,Wiki衍生数据，部分信息框已核对,26.1-snapshot-10,https://minecraft.wiki/w/Concrete_Powder,18/04/2022 16:07:10,
红色混凝土粉末,minecraft:red_concrete_powder,是,锹,否,待核对,否,不透明,0.5,0.5,17w06a,1.12,0,否,其他,红色,0,否,15,无工具要求,否,否,是,,0.5,0.5,锹,需要 Wiki 中明确的完整碰撞体积说明,共享页面中明确加入整个系列,Wiki衍生数据，部分信息框已核对,26.1-snapshot-10,https://minecraft.wiki/w/Concrete_Powder,18/04/2022 16:07:10,
黑色混凝土粉末,minecraft:black_concrete_powder,是,锹,否,待核对,否,不透明,0.5,0.5,17w06a,1.12,0,否,其他,黑色,0,否,15,无工具要求,否,否,是,,0.5,0.5,锹,需要 Wiki 中明确的完整碰撞体积说明,共享页面中明确加入整个系列,Wiki衍生数据，部分信息框已核对,26.1-snapshot-10,https://minecraft.wiki/w/Concrete_Powder,18/04/2022 16:07:10,
海带,minecraft:kelp,是,任意工具或徒手,否,待核对,否,透明,0,0,18w07a,1.13,0,否,其他,无,0,是,1,无工具要求,否,否,是,,0,0,无专用工具,需要 Wiki 中明确的完整碰撞体积说明,页面历史中的明确加入记录,Wiki衍生数据，部分信息框已核对,26.1-snapshot-10,https://minecraft.wiki/w/Kelp,17/04/2022 01:44:38,
海带植株,minecraft:kelp_plant,是,待核对,否,待核对,否,待核对,0,0,,,0,否,其他,无,0,是,1,无工具要求,否,否,否,无独立同名方块物品的放置形态,0,0,无专用工具,需要 Wiki 中明确的完整碰撞体积说明,待核对 Java 版历史,Wiki离线信息框,2022年4月离线Wiki,https://minecraft.wiki/w/Kelp,17/04/2022 01:44:38,
干海带块,minecraft:dried_kelp_block,是,锄,否,待核对,是,不透明,2.5,0.5,18w07a,1.13,0,否,其他,无,0,否,15,无工具要求,否,否,是,,0.5,2.5,锄,需要 Wiki 中明确的完整碰撞体积说明,页面历史中的明确加入记录,Wiki衍生数据，部分信息框已核对,26.1-snapshot-10,https://minecraft.wiki/w/Dried_Kelp_Block,17/04/2022 00:00:09,
海龟蛋,minecraft:turtle_egg,是,任意工具或徒手,否,待核对,否,透明,0.5,0.5,18w07a,1.13,0,否,其他,无,0,是,0,无工具要求,否,否,是,,0.5,0.5,无专用工具,需要 Wiki 中明确的完整碰撞体积说明,页面历史中的明确加入记录,Wiki衍生数据，部分信息框已核对,26.1-snapshot-10,https://minecraft.wiki/w/Turtle_Egg,16/04/2022 22:27:09,
嗅探兽蛋,minecraft:sniffer_egg,是,任意工具或徒手,否,待核对,否,不透明,0.5,0.5,,,0,否,其他,无,0,是,0,无工具要求,否,否,是,,0.5,0.5,无专用工具,需要 Wiki 中明确的完整碰撞体积说明,待查Wiki页面,Wiki衍生数据，未核对原信息框,26.1-snapshot-10,,,
失水恶魂,minecraft:dried_ghast,是,任意工具或徒手,否,待核对,否,不透明,0,0,,,0,否,其他,无,0,是,0,无工具要求,是,否,是,,0,0,无专用工具,需要 Wiki 中明确的完整碰撞体积说明,待查Wiki页面,Wiki衍生数据，未核对原信息框,26.1-snapshot-10,,,
失活的管珊瑚块,minecraft:dead_tube_coral_block,是,镐,否,待核对,否,不透明,6,1.5,,,0,否,其他,无,0,否,15,木级及以上（含金）,否,否,是,,1.5,6,镐,需要 Wiki 中明确的完整碰撞体积说明,待核对 Java 版历史,Wiki衍生数据，部分信息框已核对,26.1-snapshot-10,https://minecraft.wiki/w/Coral_Block,17/04/2022 01:31:46,
失活的脑纹珊瑚块,minecraft:dead_brain_coral_block,是,镐,否,待核对,否,不透明,6,1.5,,,0,否,其他,无,0,否,15,木级及以上（含金）,否,否,是,,1.5,6,镐,需要 Wiki 中明确的完整碰撞体积说明,待核对 Java 版历史,Wiki衍生数据，部分信息框已核对,26.1-snapshot-10,https://minecraft.wiki/w/Coral_Block,17/04/2022 01:31:46,
失活的气泡珊瑚块,minecraft:dead_bubble_coral_block,是,镐,否,待核对,否,不透明,6,1.5,,,0,否,其他,无,0,否,15,木级及以上（含金）,否,否,是,,1.5,6,镐,需要 Wiki 中明确的完整碰撞体积说明,待核对 Java 版历史,Wiki衍生数据，部分信息框已核对,26.1-snapshot-10,https://minecraft.wiki/w/Coral_Block,17/04/2022 01:31:46,
失活的火珊瑚块,minecraft:dead_fire_coral_block,是,镐,否,待核对,否,不透明,6,1.5,,,0,否,其他,无,0,否,15,木级及以上（含金）,否,否,是,,1.5,6,镐,需要 Wiki 中明确的完整碰撞体积说明,待核对 Java 版历史,Wiki衍生数据，部分信息框已核对,26.1-snapshot-10,https://minecraft.wiki/w/Coral_Block,17/04/2022 01:31:46,
失活的鹿角珊瑚块,minecraft:dead_horn_coral_block,是,镐,否,待核对,否,不透明,6,1.5,,,0,否,其他,无,0,否,15,木级及以上（含金）,否,否,是,,1.5,6,镐,需要 Wiki 中明确的完整碰撞体积说明,待核对 Java 版历史,Wiki衍生数据，部分信息框已核对,26.1-snapshot-10,https://minecraft.wiki/w/Coral_Block,17/04/2022 01:31:46,
管珊瑚块,minecraft:tube_coral_block,是,镐,否,待核对,否,不透明,6,1.5,,,0,否,其他,无,0,否,15,木级及以上（含金）,否,否,是,,1.5,6,镐,需要 Wiki 中明确的完整碰撞体积说明,待核对 Java 版历史,Wiki衍生数据，部分信息框已核对,26.1-snapshot-10,https://minecraft.wiki/w/Coral_Block,17/04/2022 01:31:46,
脑纹珊瑚块,minecraft:brain_coral_block,是,镐,否,待核对,否,不透明,6,1.5,,,0,否,其他,无,0,否,15,木级及以上（含金）,否,否,是,,1.5,6,镐,需要 Wiki 中明确的完整碰撞体积说明,待核对 Java 版历史,Wiki衍生数据，部分信息框已核对,26.1-snapshot-10,https://minecraft.wiki/w/Coral_Block,17/04/2022 01:31:46,
气泡珊瑚块,minecraft:bubble_coral_block,是,镐,否,待核对,否,不透明,6,1.5,,,0,否,其他,无,0,否,15,木级及以上（含金）,否,否,是,,1.5,6,镐,需要 Wiki 中明确的完整碰撞体积说明,待核对 Java 版历史,Wiki衍生数据，部分信息框已核对,26.1-snapshot-10,https://minecraft.wiki/w/Coral_Block,17/04/2022 01:31:46,
火珊瑚块,minecraft:fire_coral_block,是,镐,否,待核对,否,不透明,6,1.5,,,0,否,其他,无,0,否,15,木级及以上（含金）,否,否,是,,1.5,6,镐,需要 Wiki 中明确的完整碰撞体积说明,待核对 Java 版历史,Wiki衍生数据，部分信息框已核对,26.1-snapshot-10,https://minecraft.wiki/w/Coral_Block,17/04/2022 01:31:46,
鹿角珊瑚块,minecraft:horn_coral_block,是,镐,否,待核对,否,不透明,6,1.5,,,0,否,其他,无,0,否,15,木级及以上（含金）,否,否,是,,1.5,6,镐,需要 Wiki 中明确的完整碰撞体积说明,待核对 Java 版历史,Wiki衍生数据，部分信息框已核对,26.1-snapshot-10,https://minecraft.wiki/w/Coral_Block,17/04/2022 01:31:46,
失活的管珊瑚,minecraft:dead_tube_coral,是,任意工具或徒手,否,待核对,否,透明,0,0,,,0,否,其他,无,0,是,1,木级及以上（含金）,是,否,是,,0,0,镐,需要 Wiki 中明确的完整碰撞体积说明,待核对 Java 版历史,Wiki衍生数据，部分信息框已核对,26.1-snapshot-10,https://minecraft.wiki/w/Coral,18/04/2022 15:12:03,
失活的脑纹珊瑚,minecraft:dead_brain_coral,是,任意工具或徒手,否,待核对,否,透明,0,0,,,0,否,其他,无,0,是,1,木级及以上（含金）,是,否,是,,0,0,镐,需要 Wiki 中明确的完整碰撞体积说明,待核对 Java 版历史,Wiki衍生数据，部分信息框已核对,26.1-snapshot-10,https://minecraft.wiki/w/Coral,18/04/2022 15:12:03,
失活的气泡珊瑚,minecraft:dead_bubble_coral,是,任意工具或徒手,否,待核对,否,透明,0,0,,,0,否,其他,无,0,是,1,木级及以上（含金）,是,否,是,,0,0,镐,需要 Wiki 中明确的完整碰撞体积说明,待核对 Java 版历史,Wiki衍生数据，部分信息框已核对,26.1-snapshot-10,https://minecraft.wiki/w/Coral,18/04/2022 15:12:03,
失活的火珊瑚,minecraft:dead_fire_coral,是,任意工具或徒手,否,待核对,否,透明,0,0,,,0,否,其他,无,0,是,1,木级及以上（含金）,是,否,是,,0,0,镐,需要 Wiki 中明确的完整碰撞体积说明,待核对 Java 版历史,Wiki衍生数据，部分信息框已核对,26.1-snapshot-10,https://minecraft.wiki/w/Coral,18/04/2022 15:12:03,
失活的鹿角珊瑚,minecraft:dead_horn_coral,是,任意工具或徒手,否,待核对,否,透明,0,0,,,0,否,其他,无,0,是,1,木级及以上（含金）,是,否,是,,0,0,镐,需要 Wiki 中明确的完整碰撞体积说明,待核对 Java 版历史,Wiki衍生数据，部分信息框已核对,26.1-snapshot-10,https://minecraft.wiki/w/Coral,18/04/2022 15:12:03,
管珊瑚,minecraft:tube_coral,是,任意工具或徒手,否,待核对,否,透明,0,0,,,0,否,其他,无,0,是,1,无工具要求,是,否,是,,0,0,无专用工具,需要 Wiki 中明确的完整碰撞体积说明,待核对 Java 版历史,Wiki衍生数据，部分信息框已核对,26.1-snapshot-10,https://minecraft.wiki/w/Coral,18/04/2022 15:12:03,
脑纹珊瑚,minecraft:brain_coral,是,任意工具或徒手,否,待核对,否,透明,0,0,,,0,否,其他,无,0,是,1,无工具要求,是,否,是,,0,0,无专用工具,需要 Wiki 中明确的完整碰撞体积说明,待核对 Java 版历史,Wiki衍生数据，部分信息框已核对,26.1-snapshot-10,https://minecraft.wiki/w/Coral,18/04/2022 15:12:03,
气泡珊瑚,minecraft:bubble_coral,是,任意工具或徒手,否,待核对,否,透明,0,0,,,0,否,其他,无,0,是,1,无工具要求,是,否,是,,0,0,无专用工具,需要 Wiki 中明确的完整碰撞体积说明,待核对 Java 版历史,Wiki衍生数据，部分信息框已核对,26.1-snapshot-10,https://minecraft.wiki/w/Coral,18/04/2022 15:12:03,
火珊瑚,minecraft:fire_coral,是,任意工具或徒手,否,待核对,否,透明,0,0,,,0,否,其他,无,0,是,1,无工具要求,是,否,是,,0,0,无专用工具,需要 Wiki 中明确的完整碰撞体积说明,待核对 Java 版历史,Wiki衍生数据，部分信息框已核对,26.1-snapshot-10,https://minecraft.wiki/w/Coral,18/04/2022 15:12:03,
鹿角珊瑚,minecraft:horn_coral,是,任意工具或徒手,否,待核对,否,透明,0,0,,,0,否,其他,无,0,是,1,无工具要求,是,否,是,,0,0,无专用工具,需要 Wiki 中明确的完整碰撞体积说明,待核对 Java 版历史,Wiki衍生数据，部分信息框已核对,26.1-snapshot-10,https://minecraft.wiki/w/Coral,18/04/2022 15:12:03,
失活的管珊瑚扇,minecraft:dead_tube_coral_fan,是,任意工具或徒手,否,待核对,否,透明,0,0,,,0,否,其他,无,0,是,1,木级及以上（含金）,是,否,是,,0,0,镐,需要 Wiki 中明确的完整碰撞体积说明,待核对 Java 版历史,Wiki衍生数据，部分信息框已核对,26.1-snapshot-10,https://minecraft.wiki/w/Coral_Fan,18/04/2022 15:47:01,
失活的脑纹珊瑚扇,minecraft:dead_brain_coral_fan,是,任意工具或徒手,否,待核对,否,透明,0,0,,,0,否,其他,无,0,是,1,木级及以上（含金）,是,否,是,,0,0,镐,需要 Wiki 中明确的完整碰撞体积说明,待核对 Java 版历史,Wiki衍生数据，部分信息框已核对,26.1-snapshot-10,https://minecraft.wiki/w/Coral_Fan,18/04/2022 15:47:01,
失活的气泡珊瑚扇,minecraft:dead_bubble_coral_fan,是,任意工具或徒手,否,待核对,否,透明,0,0,,,0,否,其他,无,0,是,1,木级及以上（含金）,是,否,是,,0,0,镐,需要 Wiki 中明确的完整碰撞体积说明,待核对 Java 版历史,Wiki衍生数据，部分信息框已核对,26.1-snapshot-10,https://minecraft.wiki/w/Coral_Fan,18/04/2022 15:47:01,
失活的火珊瑚扇,minecraft:dead_fire_coral_fan,是,任意工具或徒手,否,待核对,否,透明,0,0,,,0,否,其他,无,0,是,1,木级及以上（含金）,是,否,是,,0,0,镐,需要 Wiki 中明确的完整碰撞体积说明,待核对 Java 版历史,Wiki衍生数据，部分信息框已核对,26.1-snapshot-10,https://minecraft.wiki/w/Coral_Fan,18/04/2022 15:47:01,
失活的鹿角珊瑚扇,minecraft:dead_horn_coral_fan,是,任意工具或徒手,否,待核对,否,透明,0,0,,,0,否,其他,无,0,是,1,木级及以上（含金）,是,否,是,,0,0,镐,需要 Wiki 中明确的完整碰撞体积说明,待核对 Java 版历史,Wiki衍生数据，部分信息框已核对,26.1-snapshot-10,https://minecraft.wiki/w/Coral_Fan,18/04/2022 15:47:01,
管珊瑚扇,minecraft:tube_coral_fan,是,任意工具或徒手,否,待核对,否,透明,0,0,,,0,否,其他,无,0,是,1,无工具要求,是,否,是,,0,0,无专用工具,需要 Wiki 中明确的完整碰撞体积说明,待核对 Java 版历史,Wiki衍生数据，部分信息框已核对,26.1-snapshot-10,https://minecraft.wiki/w/Coral_Fan,18/04/2022 15:47:01,
脑纹珊瑚扇,minecraft:brain_coral_fan,是,任意工具或徒手,否,待核对,否,透明,0,0,,,0,否,其他,无,0,是,1,无工具要求,是,否,是,,0,0,无专用工具,需要 Wiki 中明确的完整碰撞体积说明,待核对 Java 版历史,Wiki衍生数据，部分信息框已核对,26.1-snapshot-10,https://minecraft.wiki/w/Coral_Fan,18/04/2022 15:47:01,
气泡珊瑚扇,minecraft:bubble_coral_fan,是,任意工具或徒手,否,待核对,否,透明,0,0,,,0,否,其他,无,0,是,1,无工具要求,是,否,是,,0,0,无专用工具,需要 Wiki 中明确的完整碰撞体积说明,待核对 Java 版历史,Wiki衍生数据，部分信息框已核对,26.1-snapshot-10,https://minecraft.wiki/w/Coral_Fan,18/04/2022 15:47:01,
火珊瑚扇,minecraft:fire_coral_fan,是,任意工具或徒手,否,待核对,否,透明,0,0,,,0,否,其他,无,0,是,1,无工具要求,是,否,是,,0,0,无专用工具,需要 Wiki 中明确的完整碰撞体积说明,待核对 Java 版历史,Wiki衍生数据，部分信息框已核对,26.1-snapshot-10,https://minecraft.wiki/w/Coral_Fan,18/04/2022 15:47:01,
鹿角珊瑚扇,minecraft:horn_coral_fan,是,任意工具或徒手,否,待核对,否,透明,0,0,,,0,否,其他,无,0,是,1,无工具要求,是,否,是,,0,0,无专用工具,需要 Wiki 中明确的完整碰撞体积说明,待核对 Java 版历史,Wiki衍生数据，部分信息框已核对,26.1-snapshot-10,https://minecraft.wiki/w/Coral_Fan,18/04/2022 15:47:01,
墙上的失活管珊瑚扇,minecraft:dead_tube_coral_wall_fan,是,待核对,否,待核对,否,待核对,0,0,,,0,否,其他,无,0,是,1,木级及以上（含金）,是,否,否,无独立同名方块物品的放置形态,0,0,镐,需要 Wiki 中明确的完整碰撞体积说明,待核对 Java 版历史,Wiki离线信息框,2022年4月离线Wiki,https://minecraft.wiki/w/Coral_Fan,18/04/2022 15:47:01,
墙上的失活脑纹珊瑚扇,minecraft:dead_brain_coral_wall_fan,是,待核对,否,待核对,否,待核对,0,0,,,0,否,其他,无,0,是,1,木级及以上（含金）,是,否,否,无独立同名方块物品的放置形态,0,0,镐,需要 Wiki 中明确的完整碰撞体积说明,待核对 Java 版历史,Wiki离线信息框,2022年4月离线Wiki,https://minecraft.wiki/w/Coral_Fan,18/04/2022 15:47:01,
墙上的失活气泡珊瑚扇,minecraft:dead_bubble_coral_wall_fan,是,待核对,否,待核对,否,待核对,0,0,,,0,否,其他,无,0,是,1,木级及以上（含金）,是,否,否,无独立同名方块物品的放置形态,0,0,镐,需要 Wiki 中明确的完整碰撞体积说明,待核对 Java 版历史,Wiki离线信息框,2022年4月离线Wiki,https://minecraft.wiki/w/Coral_Fan,18/04/2022 15:47:01,
墙上的失活火珊瑚扇,minecraft:dead_fire_coral_wall_fan,是,待核对,否,待核对,否,待核对,0,0,,,0,否,其他,无,0,是,1,木级及以上（含金）,是,否,否,无独立同名方块物品的放置形态,0,0,镐,需要 Wiki 中明确的完整碰撞体积说明,待核对 Java 版历史,Wiki离线信息框,2022年4月离线Wiki,https://minecraft.wiki/w/Coral_Fan,18/04/2022 15:47:01,
墙上的失活鹿角珊瑚扇,minecraft:dead_horn_coral_wall_fan,是,待核对,否,待核对,否,待核对,0,0,,,0,否,其他,无,0,是,1,木级及以上（含金）,是,否,否,无独立同名方块物品的放置形态,0,0,镐,需要 Wiki 中明确的完整碰撞体积说明,待核对 Java 版历史,Wiki离线信息框,2022年4月离线Wiki,https://minecraft.wiki/w/Coral_Fan,18/04/2022 15:47:01,
墙上的管珊瑚扇,minecraft:tube_coral_wall_fan,是,待核对,否,待核对,否,待核对,0,0,,,0,否,其他,无,0,是,1,无工具要求,是,否,否,无独立同名方块物品的放置形态,0,0,无专用工具,需要 Wiki 中明确的完整碰撞体积说明,待核对 Java 版历史,Wiki离线信息框,2022年4月离线Wiki,https://minecraft.wiki/w/Coral_Fan,18/04/2022 15:47:01,
墙上的脑纹珊瑚扇,minecraft:brain_coral_wall_fan,是,待核对,否,待核对,否,待核对,0,0,,,0,否,其他,无,0,是,1,无工具要求,是,否,否,无独立同名方块物品的放置形态,0,0,无专用工具,需要 Wiki 中明确的完整碰撞体积说明,待核对 Java 版历史,Wiki离线信息框,2022年4月离线Wiki,https://minecraft.wiki/w/Coral_Fan,18/04/2022 15:47:01,
墙上的气泡珊瑚扇,minecraft:bubble_coral_wall_fan,是,待核对,否,待核对,否,待核对,0,0,,,0,否,其他,无,0,是,1,无工具要求,是,否,否,无独立同名方块物品的放置形态,0,0,无专用工具,需要 Wiki 中明确的完整碰撞体积说明,待核对 Java 版历史,Wiki离线信息框,2022年4月离线Wiki,https://minecraft.wiki/w/Coral_Fan,18/04/2022 15:47:01,
墙上的火珊瑚扇,minecraft:fire_coral_wall_fan,是,待核对,否,待核对,否,待核对,0,0,,,0,否,其他,无,0,是,1,无工具要求,是,否,否,无独立同名方块物品的放置形态,0,0,无专用工具,需要 Wiki 中明确的完整碰撞体积说明,待核对 Java 版历史,Wiki离线信息框,2022年4月离线Wiki,https://minecraft.wiki/w/Coral_Fan,18/04/2022 15:47:01,
墙上的鹿角珊瑚扇,minecraft:horn_coral_wall_fan,是,待核对,否,待核对,否,待核对,0,0,,,0,否,其他,无,0,是,1,无工具要求,是,否,否,无独立同名方块物品的放置形态,0,0,无专用工具,需要 Wiki 中明确的完整碰撞体积说明,待核对 Java 版历史,Wiki离线信息框,2022年4月离线Wiki,https://minecraft.wiki/w/Coral_Fan,18/04/2022 15:47:01,
海泡菜,minecraft:sea_pickle,是,任意工具或徒手,是,待核对,否,透明,0,0,18w14b,1.13,6；9；12；15,否,其他,无,6,是,1,无工具要求,是,否,是,,0,0,无专用工具,需要 Wiki 中明确的完整碰撞体积说明,页面历史中的明确加入记录,Wiki衍生数据，部分信息框已核对,26.1-snapshot-10,https://minecraft.wiki/w/Sea_Pickle,17/04/2022 00:41:09,
蓝冰,minecraft:blue_ice,是,镐,否,待核对,否,不透明,2.8,2.8,18w15a,1.13,0,否,其他,无,0,否,15,无工具要求,否,否,是,,2.8,2.8,镐,需要 Wiki 中明确的完整碰撞体积说明,页面历史中的明确加入记录,Wiki衍生数据，部分信息框已核对,26.1-snapshot-10,https://minecraft.wiki/w/Blue_Ice,16/04/2022 22:53:36,
潮涌核心,minecraft:conduit,否,镐,是,否,否,透明,3,3,18w15a,1.13,15,否,其他,无,15,是,1,无工具要求,是,否,是,,3,3,镐,Wiki Solid block 页的非标准高度或宽度表,页面历史中的明确加入记录,Wiki衍生数据，部分信息框已核对,26.1-snapshot-10,https://minecraft.wiki/w/Conduit,18/04/2022 16:06:45,
竹笋,minecraft:bamboo_sapling,是,待核对,否,待核对,待核对,待核对,1,1,,,0,是,其他,无,0,是,0,无工具要求,否,否,否,无独立同名方块物品的放置形态,1,1,剑,需要 Wiki 中明确的完整碰撞体积说明,待核对 Java 版历史,Wiki离线信息框,2022年4月离线Wiki,https://minecraft.wiki/w/Bamboo,16/04/2022 23:15:46,
竹子,minecraft:bamboo,是,斧；剑,否,待核对,是,透明,1,1,18w43a,1.14,0,是,其他,无,0,是,0,无工具要求,否,否,是,,1,1,斧；剑,需要 Wiki 中明确的完整碰撞体积说明,页面历史中的明确加入记录,Wiki衍生数据，部分信息框已核对,26.1-snapshot-10,https://minecraft.wiki/w/Bamboo,16/04/2022 23:15:46,
竹子盆栽,minecraft:potted_bamboo,是,待核对,否,待核对,否,待核对,0,0,,,0,否,其他,无,0,是,0,无工具要求,否,否,否,无独立同名方块物品的放置形态,0,0,无专用工具,需要 Wiki 中明确的完整碰撞体积说明,待核对 Java 版历史,Wiki离线信息框,2022年4月离线Wiki,https://minecraft.wiki/w/Flower_Pot,18/04/2022 15:36:15,
虚空空气,minecraft:void_air,待核对,待核对,待核对,待核对,待核对,待核对,,,18w06a,1.13,,待核对,其他,无,0,是,0,不适用,否,否,否,空气或技术方块,0,0,无专用工具,需要 Wiki 中明确的完整碰撞体积说明,页面历史中的明确加入记录,待补充,,https://minecraft.wiki/w/Air,17/04/2022 01:34:22,
洞穴空气,minecraft:cave_air,待核对,待核对,待核对,待核对,待核对,待核对,,,,,,待核对,其他,无,0,是,0,不适用,否,否,否,空气或技术方块,0,0,无专用工具,需要 Wiki 中明确的完整碰撞体积说明,待核对 Java 版历史,待补充,,https://minecraft.wiki/w/Air,17/04/2022 01:34:22,
气泡柱,minecraft:bubble_column,是,待核对,否,待核对,否,待核对,100,0,18w07a,1.13,0,否,其他,无,0,是,1,不适用,否,否,否,流体,0,0,无专用工具,需要 Wiki 中明确的完整碰撞体积说明,页面历史中的明确加入记录,Wiki离线信息框,2022年4月离线Wiki,https://minecraft.wiki/w/Bubble_Column,18/04/2022 15:36:37,
磨制花岗岩楼梯,minecraft:polished_granite_stairs,是,镐,否,否,否,部分透明,6,1.5,,,0,否,楼梯,无,0,否,0,木级及以上（含金）,是,否,是,,1.5,6,镐,Wiki 形状或非标准高度说明；按该类几何形状分类,待核对 Java 版历史,Wiki衍生数据，部分信息框已核对,26.1-snapshot-10,https://minecraft.wiki/w/Stairs,18/04/2022 15:56:34,
平滑红砂岩楼梯,minecraft:smooth_red_sandstone_stairs,是,镐,否,否,否,部分透明,6,2,,,0,否,楼梯,无,0,否,0,木级及以上（含金）,是,否,是,,2,6,镐,Wiki 形状或非标准高度说明；按该类几何形状分类,待核对 Java 版历史,Wiki衍生数据，部分信息框已核对,26.1-snapshot-10,https://minecraft.wiki/w/Stairs,18/04/2022 15:56:34,
苔石砖楼梯,minecraft:mossy_stone_brick_stairs,是,镐,否,否,否,部分透明,6,1.5,,,0,否,楼梯,无,0,否,0,木级及以上（含金）,是,否,是,,1.5,6,镐,Wiki 形状或非标准高度说明；按该类几何形状分类,待核对 Java 版历史,Wiki衍生数据，部分信息框已核对,26.1-snapshot-10,https://minecraft.wiki/w/Stairs,18/04/2022 15:56:34,
磨制闪长岩楼梯,minecraft:polished_diorite_stairs,是,镐,否,否,否,部分透明,6,1.5,,,0,否,楼梯,无,0,否,0,木级及以上（含金）,是,否,是,,1.5,6,镐,Wiki 形状或非标准高度说明；按该类几何形状分类,待核对 Java 版历史,Wiki衍生数据，部分信息框已核对,26.1-snapshot-10,https://minecraft.wiki/w/Stairs,18/04/2022 15:56:34,
苔石楼梯,minecraft:mossy_cobblestone_stairs,是,镐,否,否,否,部分透明,6,2,,,0,否,楼梯,无,0,否,0,木级及以上（含金）,是,否,是,,2,6,镐,Wiki 形状或非标准高度说明；按该类几何形状分类,待核对 Java 版历史,Wiki衍生数据，部分信息框已核对,26.1-snapshot-10,https://minecraft.wiki/w/Stairs,18/04/2022 15:56:34,数值依据离线Wiki信息框纠正
末地石砖楼梯,minecraft:end_stone_brick_stairs,是,镐,否,否,否,部分透明,9,3,18w43a,1.14,0,否,楼梯,无,0,否,0,木级及以上（含金）,是,否,是,,3,9,镐,Wiki 形状或非标准高度说明；按该类几何形状分类,页面历史中的明确加入记录,Wiki衍生数据，部分信息框已核对,26.1-snapshot-10,https://minecraft.wiki/w/Stairs,18/04/2022 15:56:34,
石头楼梯,minecraft:stone_stairs,是,镐,否,否,否,部分透明,6,1.5,Infdev 20100629,1.0.0,0,否,楼梯,无,0,否,0,木级及以上（含金）,是,否,是,,1.5,6,镐,Wiki 形状或非标准高度说明；按该类几何形状分类,页面历史中的明确加入记录,Wiki衍生数据，部分信息框已核对,26.1-snapshot-10,https://minecraft.wiki/w/Stairs,18/04/2022 15:56:34,
平滑砂岩楼梯,minecraft:smooth_sandstone_stairs,是,镐,否,否,否,部分透明,6,2,,,0,否,楼梯,无,0,否,0,木级及以上（含金）,是,否,是,,2,6,镐,Wiki 形状或非标准高度说明；按该类几何形状分类,待核对 Java 版历史,Wiki衍生数据，部分信息框已核对,26.1-snapshot-10,https://minecraft.wiki/w/Stairs,18/04/2022 15:56:34,
平滑石英楼梯,minecraft:smooth_quartz_stairs,是,镐,否,否,否,部分透明,6,2,,,0,否,楼梯,无,0,否,0,木级及以上（含金）,是,否,是,,2,6,镐,Wiki 形状或非标准高度说明；按该类几何形状分类,待核对 Java 版历史,Wiki衍生数据，部分信息框已核对,26.1-snapshot-10,https://minecraft.wiki/w/Stairs,18/04/2022 15:56:34,
花岗岩楼梯,minecraft:granite_stairs,是,镐,否,否,否,部分透明,6,1.5,,,0,否,楼梯,无,0,否,0,木级及以上（含金）,是,否,是,,1.5,6,镐,Wiki 形状或非标准高度说明；按该类几何形状分类,待核对 Java 版历史,Wiki衍生数据，部分信息框已核对,26.1-snapshot-10,https://minecraft.wiki/w/Stairs,18/04/2022 15:56:34,
安山岩楼梯,minecraft:andesite_stairs,是,镐,否,否,否,不透明,6,1.5,,,0,否,楼梯,无,0,否,0,木级及以上（含金）,是,否,是,,1.5,6,镐,Wiki 形状或非标准高度说明；按该类几何形状分类,待核对 Java 版历史,Wiki衍生数据，部分信息框已核对,26.1-snapshot-10,https://minecraft.wiki/w/Stairs,18/04/2022 15:56:34,
红色下界砖楼梯,minecraft:red_nether_brick_stairs,是,镐,否,否,否,部分透明,6,2,,,0,否,楼梯,无,0,否,0,木级及以上（含金）,是,否,是,,2,6,镐,Wiki 形状或非标准高度说明；按该类几何形状分类,待核对 Java 版历史,Wiki衍生数据，部分信息框已核对,26.1-snapshot-10,https://minecraft.wiki/w/Stairs,18/04/2022 15:56:34,
磨制安山岩楼梯,minecraft:polished_andesite_stairs,是,镐,否,否,否,不透明,6,1.5,,,0,否,楼梯,无,0,否,0,木级及以上（含金）,是,否,是,,1.5,6,镐,Wiki 形状或非标准高度说明；按该类几何形状分类,待核对 Java 版历史,Wiki衍生数据，部分信息框已核对,26.1-snapshot-10,https://minecraft.wiki/w/Stairs,18/04/2022 15:56:34,
闪长岩楼梯,minecraft:diorite_stairs,是,镐,否,否,否,部分透明,6,1.5,,,0,否,楼梯,无,0,否,0,木级及以上（含金）,是,否,是,,1.5,6,镐,Wiki 形状或非标准高度说明；按该类几何形状分类,待核对 Java 版历史,Wiki衍生数据，部分信息框已核对,26.1-snapshot-10,https://minecraft.wiki/w/Stairs,18/04/2022 15:56:34,
磨制花岗岩台阶,minecraft:polished_granite_slab,是,镐,否,仅特定状态,否,部分透明,6,1.5,,,0,否,台阶,无,0,否,0,木级及以上（含金）,是,否,是,,1.5,6,镐,Wiki 台阶说明：仅双层台阶是完整方块,待核对 Java 版历史,Wiki衍生数据，部分信息框已核对,26.1-snapshot-10,https://minecraft.wiki/w/Slab,18/04/2022 16:04:21,
平滑红砂岩台阶,minecraft:smooth_red_sandstone_slab,是,镐,否,仅特定状态,否,部分透明,6,2,,,0,否,台阶,无,0,否,0,木级及以上（含金）,是,否,是,,2,6,镐,Wiki 台阶说明：仅双层台阶是完整方块,待核对 Java 版历史,Wiki衍生数据，部分信息框已核对,26.1-snapshot-10,https://minecraft.wiki/w/Slab,18/04/2022 16:04:21,
苔石砖台阶,minecraft:mossy_stone_brick_slab,是,镐,否,仅特定状态,否,部分透明,6,1.5,,,0,否,台阶,无,0,否,0,木级及以上（含金）,是,否,是,,1.5,6,镐,Wiki 台阶说明：仅双层台阶是完整方块,待核对 Java 版历史,Wiki衍生数据，部分信息框已核对,26.1-snapshot-10,https://minecraft.wiki/w/Slab,18/04/2022 16:04:21,
磨制闪长岩台阶,minecraft:polished_diorite_slab,是,镐,否,仅特定状态,否,部分透明,6,1.5,,,0,否,台阶,无,0,否,0,木级及以上（含金）,是,否,是,,1.5,6,镐,Wiki 台阶说明：仅双层台阶是完整方块,待核对 Java 版历史,Wiki衍生数据，部分信息框已核对,26.1-snapshot-10,https://minecraft.wiki/w/Slab,18/04/2022 16:04:21,
苔石台阶,minecraft:mossy_cobblestone_slab,是,镐,否,仅特定状态,否,部分透明,6,2,,,0,否,台阶,无,0,否,0,木级及以上（含金）,是,否,是,,2,6,镐,Wiki 台阶说明：仅双层台阶是完整方块,待核对 Java 版历史,Wiki衍生数据，部分信息框已核对,26.1-snapshot-10,https://minecraft.wiki/w/Slab,18/04/2022 16:04:21,
末地石砖台阶,minecraft:end_stone_brick_slab,是,镐,否,仅特定状态,否,部分透明,9,3,,,0,否,台阶,无,0,否,0,木级及以上（含金）,是,否,是,,3,9,镐,Wiki 台阶说明：仅双层台阶是完整方块,待核对 Java 版历史,Wiki衍生数据，部分信息框已核对,26.1-snapshot-10,https://minecraft.wiki/w/Slab,18/04/2022 16:04:21,
平滑砂岩台阶,minecraft:smooth_sandstone_slab,是,镐,否,仅特定状态,否,部分透明,6,2,,,0,否,台阶,无,0,否,0,木级及以上（含金）,是,否,是,,2,6,镐,Wiki 台阶说明：仅双层台阶是完整方块,待核对 Java 版历史,Wiki衍生数据，部分信息框已核对,26.1-snapshot-10,https://minecraft.wiki/w/Slab,18/04/2022 16:04:21,
平滑石英台阶,minecraft:smooth_quartz_slab,是,镐,否,仅特定状态,否,部分透明,6,2,,,0,否,台阶,无,0,否,0,木级及以上（含金）,是,否,是,,2,6,镐,Wiki 台阶说明：仅双层台阶是完整方块,待核对 Java 版历史,Wiki衍生数据，部分信息框已核对,26.1-snapshot-10,https://minecraft.wiki/w/Slab,18/04/2022 16:04:21,
花岗岩台阶,minecraft:granite_slab,是,镐,否,仅特定状态,否,部分透明,6,1.5,,,0,否,台阶,无,0,否,0,木级及以上（含金）,是,否,是,,1.5,6,镐,Wiki 台阶说明：仅双层台阶是完整方块,待核对 Java 版历史,Wiki衍生数据，部分信息框已核对,26.1-snapshot-10,https://minecraft.wiki/w/Slab,18/04/2022 16:04:21,
安山岩台阶,minecraft:andesite_slab,是,镐,否,仅特定状态,否,部分透明,6,1.5,,,0,否,台阶,无,0,否,0,木级及以上（含金）,是,否,是,,1.5,6,镐,Wiki 台阶说明：仅双层台阶是完整方块,待核对 Java 版历史,Wiki衍生数据，部分信息框已核对,26.1-snapshot-10,https://minecraft.wiki/w/Slab,18/04/2022 16:04:21,
红色下界砖台阶,minecraft:red_nether_brick_slab,是,镐,否,仅特定状态,否,部分透明,6,2,,,0,否,台阶,无,0,否,0,木级及以上（含金）,是,否,是,,2,6,镐,Wiki 台阶说明：仅双层台阶是完整方块,待核对 Java 版历史,Wiki衍生数据，部分信息框已核对,26.1-snapshot-10,https://minecraft.wiki/w/Slab,18/04/2022 16:04:21,
磨制安山岩台阶,minecraft:polished_andesite_slab,是,镐,否,仅特定状态,否,部分透明,6,1.5,,,0,否,台阶,无,0,否,0,木级及以上（含金）,是,否,是,,1.5,6,镐,Wiki 台阶说明：仅双层台阶是完整方块,待核对 Java 版历史,Wiki衍生数据，部分信息框已核对,26.1-snapshot-10,https://minecraft.wiki/w/Slab,18/04/2022 16:04:21,
闪长岩台阶,minecraft:diorite_slab,是,镐,否,仅特定状态,否,部分透明,6,1.5,,,0,否,台阶,无,0,否,0,木级及以上（含金）,是,否,是,,1.5,6,镐,Wiki 台阶说明：仅双层台阶是完整方块,待核对 Java 版历史,Wiki衍生数据，部分信息框已核对,26.1-snapshot-10,https://minecraft.wiki/w/Slab,18/04/2022 16:04:21,
红砖墙,minecraft:brick_wall,是,镐,否,否,否,透明,6,2,,,0,否,墙,无,0,否,0,木级及以上（含金）,是,否,是,,2,6,镐,Wiki 形状或非标准高度说明；按该类几何形状分类,待核对 Java 版历史,Wiki衍生数据，部分信息框已核对,26.1-snapshot-10,https://minecraft.wiki/w/Wall,16/04/2022 23:37:47,
海晶石墙,minecraft:prismarine_wall,是,镐,否,否,否,透明,6,1.5,,,0,否,墙,无,0,否,0,木级及以上（含金）,是,否,是,,1.5,6,镐,Wiki 形状或非标准高度说明；按该类几何形状分类,待核对 Java 版历史,Wiki衍生数据，部分信息框已核对,26.1-snapshot-10,https://minecraft.wiki/w/Wall,16/04/2022 23:37:47,
红砂岩墙,minecraft:red_sandstone_wall,是,镐,否,否,否,透明,0.8,0.8,,,0,否,墙,无,0,否,0,木级及以上（含金）,是,否,是,,0.8,0.8,镐,Wiki 形状或非标准高度说明；按该类几何形状分类,待核对 Java 版历史,Wiki衍生数据，部分信息框已核对,26.1-snapshot-10,https://minecraft.wiki/w/Wall,16/04/2022 23:37:47,
苔石砖墙,minecraft:mossy_stone_brick_wall,是,镐,否,否,否,透明,6,1.5,,,0,否,墙,无,0,否,0,木级及以上（含金）,是,否,是,,1.5,6,镐,Wiki 形状或非标准高度说明；按该类几何形状分类,待核对 Java 版历史,Wiki衍生数据，部分信息框已核对,26.1-snapshot-10,https://minecraft.wiki/w/Wall,16/04/2022 23:37:47,
花岗岩墙,minecraft:granite_wall,是,镐,否,否,否,透明,6,1.5,,,0,否,墙,无,0,否,0,木级及以上（含金）,是,否,是,,1.5,6,镐,Wiki 形状或非标准高度说明；按该类几何形状分类,待核对 Java 版历史,Wiki衍生数据，部分信息框已核对,26.1-snapshot-10,https://minecraft.wiki/w/Wall,16/04/2022 23:37:47,
石砖墙,minecraft:stone_brick_wall,否,镐,否,否,否,透明,6,1.5,,,0,否,墙,无,0,否,0,木级及以上（含金）,是,否,是,,1.5,6,镐,Wiki 形状或非标准高度说明；按该类几何形状分类,待核对 Java 版历史,Wiki衍生数据，部分信息框已核对,26.1-snapshot-10,https://minecraft.wiki/w/Wall,16/04/2022 23:37:47,
泥砖墙,minecraft:mud_brick_wall,是,镐,否,否,否,部分透明,3,1.5,,,0,否,墙,无,0,否,0,木级及以上（含金）,是,否,是,,1.5,3,镐,Wiki 形状或非标准高度说明；按该类几何形状分类,待查Wiki页面,Wiki衍生数据，未核对原信息框,26.1-snapshot-10,,,
下界砖墙,minecraft:nether_brick_wall,是,镐,否,否,否,透明,6,2,,,0,否,墙,无,0,否,0,木级及以上（含金）,是,否,是,,2,6,镐,Wiki 形状或非标准高度说明；按该类几何形状分类,待核对 Java 版历史,Wiki衍生数据，部分信息框已核对,26.1-snapshot-10,https://minecraft.wiki/w/Wall,16/04/2022 23:37:47,
安山岩墙,minecraft:andesite_wall,是,镐,否,否,否,不透明,6,1.5,,,0,否,墙,无,0,否,0,木级及以上（含金）,是,否,是,,1.5,6,镐,Wiki 形状或非标准高度说明；按该类几何形状分类,待核对 Java 版历史,Wiki衍生数据，部分信息框已核对,26.1-snapshot-10,https://minecraft.wiki/w/Wall,16/04/2022 23:37:47,
红色下界砖墙,minecraft:red_nether_brick_wall,是,镐,否,否,否,透明,6,2,,,0,否,墙,无,0,否,0,木级及以上（含金）,是,否,是,,2,6,镐,Wiki 形状或非标准高度说明；按该类几何形状分类,待核对 Java 版历史,Wiki衍生数据，部分信息框已核对,26.1-snapshot-10,https://minecraft.wiki/w/Wall,16/04/2022 23:37:47,
砂岩墙,minecraft:sandstone_wall,是,镐,否,否,否,透明,0.8,0.8,,,0,否,墙,无,0,否,0,木级及以上（含金）,是,否,是,,0.8,0.8,镐,Wiki 形状或非标准高度说明；按该类几何形状分类,待核对 Java 版历史,Wiki衍生数据，部分信息框已核对,26.1-snapshot-10,https://minecraft.wiki/w/Wall,16/04/2022 23:37:47,
末地石砖墙,minecraft:end_stone_brick_wall,是,镐,否,否,否,部分透明,9,3,18w43a,1.14,0,否,墙,无,0,否,0,木级及以上（含金）,是,否,是,,3,9,镐,Wiki 形状或非标准高度说明；按该类几何形状分类,页面历史中的明确加入记录,Wiki衍生数据，部分信息框已核对,26.1-snapshot-10,https://minecraft.wiki/w/Wall,16/04/2022 23:37:47,
闪长岩墙,minecraft:diorite_wall,是,镐,否,否,否,透明,6,1.5,,,0,否,墙,无,0,否,0,木级及以上（含金）,是,否,是,,1.5,6,镐,Wiki 形状或非标准高度说明；按该类几何形状分类,待核对 Java 版历史,Wiki衍生数据，部分信息框已核对,26.1-snapshot-10,https://minecraft.wiki/w/Wall,16/04/2022 23:37:47,
脚手架,minecraft:scaffolding,是,任意工具或徒手,否,待核对,是,透明,0,0,18w45a,1.14,0,待核对,其他,无,0,是,0,无工具要求,是,否,是,,0,0,无专用工具,需要 Wiki 中明确的完整碰撞体积说明,页面历史中的明确加入记录,Wiki衍生数据，部分信息框已核对,26.1-snapshot-10,https://minecraft.wiki/w/Scaffolding,18/04/2022 15:01:11,2022信息框的熔岩引火与较新资料不同
织布机,minecraft:loom,是,斧,否,待核对,否,不透明,2.5,2.5,18w43a,1.14,0,是,其他,无,0,否,15,无工具要求,否,否,是,,2.5,2.5,斧,需要 Wiki 中明确的完整碰撞体积说明,页面历史中的明确加入记录,Wiki衍生数据，部分信息框已核对,26.1-snapshot-10,https://minecraft.wiki/w/Loom,18/04/2022 15:59:08,
木桶,minecraft:barrel,是,斧,否,待核对,否,不透明,2.5,2.5,18w44a,1.14,0,是,其他,无,0,否,15,无工具要求,否,否,是,,2.5,2.5,斧,需要 Wiki 中明确的完整碰撞体积说明,页面历史中的明确加入记录,Wiki衍生数据，部分信息框已核对,26.1-snapshot-10,https://minecraft.wiki/w/Barrel,18/04/2022 15:45:00,
烟熏炉,minecraft:smoker,是,镐,是,待核对,否,部分透明,3.5,3.5,18w44a,1.14,13,否,其他,无,0,否,15,木级及以上（含金）,否,是,是,,3.5,3.5,镐,需要 Wiki 中明确的完整碰撞体积说明,页面历史中的明确加入记录,Wiki衍生数据，部分信息框已核对,26.1-snapshot-10,https://minecraft.wiki/w/Smoker,16/04/2022 23:41:23,
高炉,minecraft:blast_furnace,是,镐,是,待核对,否,不透明,3.5,3.5,18w44a,1.14,13,否,其他,无,0,否,15,木级及以上（含金）,否,是,是,,3.5,3.5,镐,需要 Wiki 中明确的完整碰撞体积说明,页面历史中的明确加入记录,Wiki衍生数据，部分信息框已核对,26.1-snapshot-10,https://minecraft.wiki/w/Blast_Furnace,16/04/2022 22:40:19,
制图台,minecraft:cartography_table,是,斧,否,待核对,否,不透明,2.5,2.5,18w44a,1.14,0,是,其他,无,0,否,15,无工具要求,否,否,是,,2.5,2.5,斧,需要 Wiki 中明确的完整碰撞体积说明,页面历史中的明确加入记录,Wiki衍生数据，部分信息框已核对,26.1-snapshot-10,https://minecraft.wiki/w/Cartography_Table,16/04/2022 23:28:02,
制箭台,minecraft:fletching_table,是,斧,否,待核对,否,不透明,2.5,2.5,18w44a,1.14,0,是,其他,无,0,否,15,无工具要求,否,否,是,,2.5,2.5,斧,需要 Wiki 中明确的完整碰撞体积说明,页面历史中的明确加入记录,Wiki衍生数据，部分信息框已核对,26.1-snapshot-10,https://minecraft.wiki/w/Fletching_Table,17/04/2022 01:44:49,
砂轮,minecraft:grindstone,是,镐,否,否,否,透明,6,2,18w44a,1.14,0,否,其他,无,0,否,0,木级及以上（含金）,否,否,是,,2,6,镐,Wiki Solid block 页的非标准高度或宽度表,页面历史中的明确加入记录,Wiki衍生数据，部分信息框已核对,26.1-snapshot-10,https://minecraft.wiki/w/Grindstone,18/04/2022 15:55:33,
讲台,minecraft:lectern,是,斧,否,否,是,透明,2.5,2.5,18w44a,1.14,0,是,其他,无,0,否,0,无工具要求,否,否,是,,2.5,2.5,斧,Wiki Solid block 页的非标准高度或宽度表,页面历史中的明确加入记录,Wiki衍生数据，部分信息框已核对,26.1-snapshot-10,https://minecraft.wiki/w/Lectern,16/04/2022 22:49:55,
锻造台,minecraft:smithing_table,是,斧,否,待核对,否,不透明,2.5,2.5,18w44a,1.14,0,是,其他,无,0,否,15,无工具要求,否,否,是,,2.5,2.5,斧,需要 Wiki 中明确的完整碰撞体积说明,页面历史中的明确加入记录,Wiki衍生数据，部分信息框已核对,26.1-snapshot-10,https://minecraft.wiki/w/Smithing_Table,17/04/2022 03:04:59,
切石机,minecraft:stonecutter,是,镐,否,否,否,不透明,3.5,3.5,18w44a,1.14,0,否,其他,无,0,否,0,木级及以上（含金）,否,否,是,,3.5,3.5,镐,Wiki Solid block 页的非标准高度或宽度表,页面历史中的明确加入记录,Wiki衍生数据，部分信息框已核对,26.1-snapshot-10,https://minecraft.wiki/w/Stonecutter,18/04/2022 15:15:43,
钟,minecraft:bell,是,镐,否,否,否,不透明,5,5,18w44a,1.14,0,否,其他,无,0,否,0,无工具要求,否,否,是,,5,5,镐,Wiki Solid block 页的非标准高度或宽度表,页面历史中的明确加入记录,Wiki衍生数据，部分信息框已核对,26.1-snapshot-10,https://minecraft.wiki/w/Bell,18/04/2022 16:06:12,
灯笼,minecraft:lantern,是,镐,是,否,否,透明,3.5,3.5,18w46a,1.14,15,否,其他,无,15,是,0,无工具要求,是,否,是,,3.5,3.5,镐,Wiki Solid block 页的非标准高度或宽度表,页面历史中的明确加入记录,Wiki衍生数据，部分信息框已核对,26.1-snapshot-10,https://minecraft.wiki/w/Lantern,18/04/2022 15:19:16,
灵魂灯笼,minecraft:soul_lantern,是,镐,是,否,否,透明,3.5,3.5,,,10,否,其他,无,10,是,0,无工具要求,是,否,是,,3.5,3.5,镐,Wiki Solid block 页的非标准高度或宽度表,待核对 Java 版历史,Wiki衍生数据，部分信息框已核对,26.1-snapshot-10,https://minecraft.wiki/w/Lantern,18/04/2022 15:19:16,
铜灯笼,minecraft:copper_lantern,是,镐,是,待核对,否,透明,3.5,3.5,,,15,否,其他,无,15,是,0,无工具要求,是,否,是,,3.5,3.5,镐,需要 Wiki 中明确的完整碰撞体积说明,待查Wiki页面,Wiki衍生数据，未核对原信息框,26.1-snapshot-10,,,
斑驳的铜灯笼,minecraft:exposed_copper_lantern,是,镐,是,待核对,否,透明,3.5,3.5,,,15,否,其他,无,15,是,0,无工具要求,是,否,是,,3.5,3.5,镐,需要 Wiki 中明确的完整碰撞体积说明,待查Wiki页面,Wiki衍生数据，未核对原信息框,26.1-snapshot-10,,,
锈蚀的铜灯笼,minecraft:weathered_copper_lantern,是,镐,是,待核对,否,透明,3.5,3.5,,,15,否,其他,无,15,是,0,无工具要求,是,否,是,,3.5,3.5,镐,需要 Wiki 中明确的完整碰撞体积说明,待查Wiki页面,Wiki衍生数据，未核对原信息框,26.1-snapshot-10,,,
氧化的铜灯笼,minecraft:oxidized_copper_lantern,是,镐,是,待核对,否,透明,3.5,3.5,,,15,否,其他,无,15,是,0,无工具要求,是,否,是,,3.5,3.5,镐,需要 Wiki 中明确的完整碰撞体积说明,待查Wiki页面,Wiki衍生数据，未核对原信息框,26.1-snapshot-10,,,
涂蜡的铜灯笼,minecraft:waxed_copper_lantern,是,镐,是,待核对,否,透明,3.5,3.5,,,15,否,其他,无,15,是,0,无工具要求,是,否,是,,3.5,3.5,镐,需要 Wiki 中明确的完整碰撞体积说明,待查Wiki页面,Wiki衍生数据，未核对原信息框,26.1-snapshot-10,,,
涂蜡的斑驳铜灯笼,minecraft:waxed_exposed_copper_lantern,是,镐,是,待核对,否,透明,3.5,3.5,,,15,否,其他,无,15,是,0,无工具要求,是,否,是,,3.5,3.5,镐,需要 Wiki 中明确的完整碰撞体积说明,待查Wiki页面,Wiki衍生数据，未核对原信息框,26.1-snapshot-10,,,
涂蜡的锈蚀铜灯笼,minecraft:waxed_weathered_copper_lantern,是,镐,是,待核对,否,透明,3.5,3.5,,,15,否,其他,无,15,是,0,无工具要求,是,否,是,,3.5,3.5,镐,需要 Wiki 中明确的完整碰撞体积说明,待查Wiki页面,Wiki衍生数据，未核对原信息框,26.1-snapshot-10,,,
涂蜡的氧化铜灯笼,minecraft:waxed_oxidized_copper_lantern,是,镐,是,待核对,否,透明,3.5,3.5,,,15,否,其他,无,15,是,0,无工具要求,是,否,是,,3.5,3.5,镐,需要 Wiki 中明确的完整碰撞体积说明,待查Wiki页面,Wiki衍生数据，未核对原信息框,26.1-snapshot-10,,,
营火,minecraft:campfire,是,镐,是,否,待核对,透明,2,2,19w02a,1.14,15,是,其他,无,15,是,0,无工具要求,是,是,是,,2,2,斧,Wiki Solid block 页的非标准高度或宽度表,页面历史中的明确加入记录,Wiki衍生数据，部分信息框已核对,26.1-snapshot-10,https://minecraft.wiki/w/Campfire,16/04/2022 23:49:23,2022信息框的可燃性与较新资料不同
灵魂营火,minecraft:soul_campfire,是,斧,是,否,否,透明,2,2,20w15a,1.16,10,是,其他,无,10,是,0,无工具要求,是,是,是,,2,2,斧,Wiki Solid block 页的非标准高度或宽度表,页面历史中的明确加入记录,Wiki衍生数据，部分信息框已核对,26.1-snapshot-10,https://minecraft.wiki/w/Campfire,16/04/2022 23:49:23,
甜浆果丛,minecraft:sweet_berry_bush,是,任意工具或徒手,否,待核对,否,透明,0,0,,,0,否,其他,无,0,是,0,无工具要求,否,否,否,无独立同名方块物品的放置形态,0,0,无专用工具,需要 Wiki 中明确的完整碰撞体积说明,待查Wiki页面,Wiki衍生数据，未核对原信息框,26.1-snapshot-10,,,
诡异菌柄,minecraft:warped_stem,是,斧,否,待核对,否,不透明,2,2,20w06a,1.16,0,否,原木或菌柄,无,0,否,15,无工具要求,否,否,是,,2,2,斧,需要 Wiki 中明确的完整碰撞体积说明,页面历史中的明确加入记录,Wiki衍生数据，部分信息框已核对,26.1-snapshot-10,https://minecraft.wiki/w/Log,18/04/2022 16:01:51,
去皮诡异菌柄,minecraft:stripped_warped_stem,是,斧,否,待核对,否,不透明,2,2,,,0,否,原木或菌柄,无,0,否,15,无工具要求,否,否,是,,2,2,斧,需要 Wiki 中明确的完整碰撞体积说明,待核对 Java 版历史,Wiki衍生数据，部分信息框已核对,26.1-snapshot-10,https://minecraft.wiki/w/Log,18/04/2022 16:01:51,
诡异菌核,minecraft:warped_hyphae,是,斧,否,待核对,否,不透明,2,2,20w10a,1.16,0,否,原木或菌柄,无,0,否,15,无工具要求,否,否,是,,2,2,斧,需要 Wiki 中明确的完整碰撞体积说明,页面历史中的明确加入记录,Wiki衍生数据，部分信息框已核对,26.1-snapshot-10,https://minecraft.wiki/w/Wood,16/04/2022 23:39:37,
去皮诡异菌核,minecraft:stripped_warped_hyphae,是,斧,否,待核对,否,不透明,2,2,,,0,否,原木或菌柄,无,0,否,15,无工具要求,否,否,是,,2,2,斧,需要 Wiki 中明确的完整碰撞体积说明,待核对 Java 版历史,Wiki衍生数据，部分信息框已核对,26.1-snapshot-10,https://minecraft.wiki/w/Wood,16/04/2022 23:39:37,
诡异菌岩,minecraft:warped_nylium,是,镐,否,待核对,否,不透明,0.4,0.4,,,0,否,其他,无,0,否,15,木级及以上（含金）,否,否,是,,0.4,0.4,镐,需要 Wiki 中明确的完整碰撞体积说明,待核对 Java 版历史,Wiki衍生数据，部分信息框已核对,26.1-snapshot-10,https://minecraft.wiki/w/Nylium,17/04/2022 00:53:50,2022信息框的爆炸抗性与较新资料不同
诡异菌,minecraft:warped_fungus,是,任意工具或徒手,否,待核对,否,透明,0,0,,,0,否,其他,无,0,是,0,无工具要求,否,否,是,,0,0,无专用工具,需要 Wiki 中明确的完整碰撞体积说明,待核对 Java 版历史,Wiki衍生数据，部分信息框已核对,26.1-snapshot-10,https://minecraft.wiki/w/Fungus,17/04/2022 05:55:51,
诡异疣块,minecraft:warped_wart_block,是,锄,否,待核对,否,不透明,1,1,,,0,否,其他,无,0,否,15,无工具要求,否,否,是,,1,1,锄,需要 Wiki 中明确的完整碰撞体积说明,待核对 Java 版历史,Wiki衍生数据，部分信息框已核对,26.1-snapshot-10,https://minecraft.wiki/w/Nether_Wart_Block,16/04/2022 22:27:00,
诡异菌索,minecraft:warped_roots,是,任意工具或徒手,否,待核对,否,透明,0,0,20w06a,1.16,0,待核对,其他,无,0,是,0,无工具要求,否,否,是,,0,0,无专用工具,需要 Wiki 中明确的完整碰撞体积说明,页面历史中的明确加入记录,Wiki衍生数据，部分信息框已核对,26.1-snapshot-10,https://minecraft.wiki/w/Roots,16/04/2022 23:18:21,2022信息框的熔岩引火与较新资料不同
下界苗,minecraft:nether_sprouts,是,任意工具或徒手,否,待核对,否,透明,0,0,20w06a,1.16,0,是,其他,无,0,是,0,无工具要求,否,否,是,,0,0,无专用工具,需要 Wiki 中明确的完整碰撞体积说明,页面历史中的明确加入记录,Wiki衍生数据，部分信息框已核对,26.1-snapshot-10,https://minecraft.wiki/w/Nether_Sprouts,16/04/2022 23:47:54,
绯红菌柄,minecraft:crimson_stem,是,斧,否,待核对,否,不透明,2,2,,,0,否,原木或菌柄,无,0,否,15,无工具要求,否,否,是,,2,2,斧,需要 Wiki 中明确的完整碰撞体积说明,待核对 Java 版历史,Wiki衍生数据，部分信息框已核对,26.1-snapshot-10,https://minecraft.wiki/w/Log,18/04/2022 16:01:51,
去皮绯红菌柄,minecraft:stripped_crimson_stem,是,斧,否,待核对,否,不透明,2,2,,,0,否,原木或菌柄,无,0,否,15,无工具要求,否,否,是,,2,2,斧,需要 Wiki 中明确的完整碰撞体积说明,待核对 Java 版历史,Wiki衍生数据，部分信息框已核对,26.1-snapshot-10,https://minecraft.wiki/w/Log,18/04/2022 16:01:51,
绯红菌核,minecraft:crimson_hyphae,是,斧,否,待核对,否,不透明,2,2,,,0,否,原木或菌柄,无,0,否,15,无工具要求,否,否,是,,2,2,斧,需要 Wiki 中明确的完整碰撞体积说明,待核对 Java 版历史,Wiki衍生数据，部分信息框已核对,26.1-snapshot-10,https://minecraft.wiki/w/Wood,16/04/2022 23:39:37,
去皮绯红菌核,minecraft:stripped_crimson_hyphae,是,斧,否,待核对,否,不透明,2,2,,,0,否,原木或菌柄,无,0,否,15,无工具要求,否,否,是,,2,2,斧,需要 Wiki 中明确的完整碰撞体积说明,待核对 Java 版历史,Wiki衍生数据，部分信息框已核对,26.1-snapshot-10,https://minecraft.wiki/w/Wood,16/04/2022 23:39:37,
绯红菌岩,minecraft:crimson_nylium,是,镐,否,待核对,否,不透明,0.4,0.4,,,0,否,其他,无,0,否,15,木级及以上（含金）,否,否,是,,0.4,0.4,镐,需要 Wiki 中明确的完整碰撞体积说明,待核对 Java 版历史,Wiki衍生数据，部分信息框已核对,26.1-snapshot-10,https://minecraft.wiki/w/Nylium,17/04/2022 00:53:50,2022信息框的爆炸抗性与较新资料不同
绯红菌,minecraft:crimson_fungus,是,任意工具或徒手,否,待核对,否,透明,0,0,,,0,否,其他,无,0,是,0,无工具要求,否,否,是,,0,0,无专用工具,需要 Wiki 中明确的完整碰撞体积说明,待核对 Java 版历史,Wiki衍生数据，部分信息框已核对,26.1-snapshot-10,https://minecraft.wiki/w/Fungus,17/04/2022 05:55:51,
菌光体,minecraft:shroomlight,是,锄,是,待核对,否,不透明,1,1,20w06a,1.16,15,否,其他,无,15,否,15,无工具要求,否,否,是,,1,1,锄,需要 Wiki 中明确的完整碰撞体积说明,页面历史中的明确加入记录,Wiki衍生数据，部分信息框已核对,26.1-snapshot-10,https://minecraft.wiki/w/Shroomlight,17/04/2022 03:21:16,
垂泪藤,minecraft:weeping_vines,是,剪刀,否,待核对,否,透明,0,0,20w06a,1.16,0,否,其他,无,0,是,0,无工具要求,否,否,是,,0,0,无专用工具,需要 Wiki 中明确的完整碰撞体积说明,页面历史中的明确加入记录,Wiki衍生数据，部分信息框已核对,26.1-snapshot-10,https://minecraft.wiki/w/Weeping_Vines,16/04/2022 23:22:10,
垂泪藤植株,minecraft:weeping_vines_plant,是,待核对,否,待核对,否,待核对,0,0,,,0,否,其他,无,0,是,0,无工具要求,否,否,否,无独立同名方块物品的放置形态,0,0,无专用工具,需要 Wiki 中明确的完整碰撞体积说明,待核对 Java 版历史,Wiki离线信息框,2022年4月离线Wiki,https://minecraft.wiki/w/Weeping_Vines,16/04/2022 23:22:10,
缠怨藤,minecraft:twisting_vines,是,剪刀,否,待核对,否,透明,0,0,20w11a,1.16,0,否,其他,无,0,是,0,无工具要求,否,否,是,,0,0,无专用工具,需要 Wiki 中明确的完整碰撞体积说明,页面历史中的明确加入记录,Wiki衍生数据，部分信息框已核对,26.1-snapshot-10,https://minecraft.wiki/w/Twisting_Vines,18/04/2022 15:58:30,
缠怨藤植株,minecraft:twisting_vines_plant,是,待核对,否,待核对,否,待核对,0,0,,,0,否,其他,无,0,是,0,无工具要求,否,否,否,无独立同名方块物品的放置形态,0,0,无专用工具,需要 Wiki 中明确的完整碰撞体积说明,待核对 Java 版历史,Wiki离线信息框,2022年4月离线Wiki,https://minecraft.wiki/w/Twisting_Vines,18/04/2022 15:58:30,
绯红菌索,minecraft:crimson_roots,是,任意工具或徒手,否,待核对,否,透明,0,0,,,0,待核对,其他,无,0,是,0,无工具要求,否,否,是,,0,0,无专用工具,需要 Wiki 中明确的完整碰撞体积说明,待核对 Java 版历史,Wiki衍生数据，部分信息框已核对,26.1-snapshot-10,https://minecraft.wiki/w/Roots,16/04/2022 23:18:21,2022信息框的熔岩引火与较新资料不同
绯红木板,minecraft:crimson_planks,是,斧,否,待核对,否,不透明,3,2,,,0,否,木板,无,0,否,15,无工具要求,否,否,是,,2,3,斧,需要 Wiki 中明确的完整碰撞体积说明,待核对 Java 版历史,Wiki衍生数据，部分信息框已核对,26.1-snapshot-10,https://minecraft.wiki/w/Planks,18/04/2022 15:58:06,
诡异木板,minecraft:warped_planks,是,斧,否,待核对,否,不透明,3,2,20w06a,1.16,0,否,木板,无,0,否,15,无工具要求,否,否,是,,2,3,斧,需要 Wiki 中明确的完整碰撞体积说明,页面历史中的明确加入记录,Wiki衍生数据，部分信息框已核对,26.1-snapshot-10,https://minecraft.wiki/w/Planks,18/04/2022 15:58:06,
绯红木台阶,minecraft:crimson_slab,是,斧,否,仅特定状态,否,部分透明,3,2,,,0,否,台阶,无,0,否,0,无工具要求,是,否,是,,2,3,斧,Wiki 台阶说明：仅双层台阶是完整方块,待核对 Java 版历史,Wiki衍生数据，部分信息框已核对,26.1-snapshot-10,https://minecraft.wiki/w/Slab,18/04/2022 16:04:21,
诡异木台阶,minecraft:warped_slab,是,斧,否,仅特定状态,否,部分透明,3,2,20w06a,1.16,0,否,台阶,无,0,否,0,无工具要求,是,否,是,,2,3,斧,Wiki 台阶说明：仅双层台阶是完整方块,页面历史中的明确加入记录,Wiki衍生数据，部分信息框已核对,26.1-snapshot-10,https://minecraft.wiki/w/Slab,18/04/2022 16:04:21,
绯红木压力板,minecraft:crimson_pressure_plate,是,斧,否,否,否,透明,0.5,0.5,,,0,否,压力板,无,0,是,0,无工具要求,否,否,是,,0.5,0.5,斧,Wiki 形状或非标准高度说明；按该类几何形状分类,待核对 Java 版历史,Wiki衍生数据，部分信息框已核对,26.1-snapshot-10,https://minecraft.wiki/w/Pressure_Plate,18/04/2022 15:15:33,
诡异木压力板,minecraft:warped_pressure_plate,是,斧,否,否,否,透明,0.5,0.5,20w06a,1.16,0,否,压力板,无,0,是,0,无工具要求,否,否,是,,0.5,0.5,斧,Wiki 形状或非标准高度说明；按该类几何形状分类,页面历史中的明确加入记录,Wiki衍生数据，部分信息框已核对,26.1-snapshot-10,https://minecraft.wiki/w/Pressure_Plate,18/04/2022 15:15:33,
绯红木栅栏,minecraft:crimson_fence,是,斧,否,否,否,透明,3,2,,,0,否,栅栏,无,0,否,0,无工具要求,是,否,是,,2,3,斧,Wiki 形状或非标准高度说明；按该类几何形状分类,待核对 Java 版历史,Wiki衍生数据，部分信息框已核对,26.1-snapshot-10,https://minecraft.wiki/w/Fence,18/04/2022 16:12:26,
诡异木栅栏,minecraft:warped_fence,是,斧,否,否,否,透明,3,2,20w06a,1.16,0,否,栅栏,无,0,否,0,无工具要求,是,否,是,,2,3,斧,Wiki 形状或非标准高度说明；按该类几何形状分类,页面历史中的明确加入记录,Wiki衍生数据，部分信息框已核对,26.1-snapshot-10,https://minecraft.wiki/w/Fence,18/04/2022 16:12:26,
绯红木活板门,minecraft:crimson_trapdoor,是,斧,否,否,否,透明,3,3,,,0,否,活板门,无,0,是,0,无工具要求,是,否,是,,3,3,斧,Wiki 形状或非标准高度说明；按该类几何形状分类,待核对 Java 版历史,Wiki衍生数据，部分信息框已核对,26.1-snapshot-10,https://minecraft.wiki/w/Trapdoor,16/04/2022 22:28:27,
诡异木活板门,minecraft:warped_trapdoor,是,斧,否,否,否,透明,3,3,20w06a,1.16,0,否,活板门,无,0,是,0,无工具要求,是,否,是,,3,3,斧,Wiki 形状或非标准高度说明；按该类几何形状分类,页面历史中的明确加入记录,Wiki衍生数据，部分信息框已核对,26.1-snapshot-10,https://minecraft.wiki/w/Trapdoor,16/04/2022 22:28:27,
绯红木栅栏门,minecraft:crimson_fence_gate,是,斧,否,否,否,透明,3,2,,,0,否,栅栏门,无,0,否,0,无工具要求,否,否,是,,2,3,斧,Wiki 形状或非标准高度说明；按该类几何形状分类,待核对 Java 版历史,Wiki衍生数据，部分信息框已核对,26.1-snapshot-10,https://minecraft.wiki/w/Fence_Gate,19/04/2022 20:04:49,
诡异木栅栏门,minecraft:warped_fence_gate,是,斧,否,否,否,透明,3,2,20w06a,1.16,0,否,栅栏门,无,0,否,0,无工具要求,否,否,是,,2,3,斧,Wiki 形状或非标准高度说明；按该类几何形状分类,页面历史中的明确加入记录,Wiki衍生数据，部分信息框已核对,26.1-snapshot-10,https://minecraft.wiki/w/Fence_Gate,19/04/2022 20:04:49,
绯红木楼梯,minecraft:crimson_stairs,是,斧,否,否,否,部分透明,3,2,,,0,否,楼梯,无,0,否,0,无工具要求,是,否,是,,2,3,斧,Wiki 形状或非标准高度说明；按该类几何形状分类,待核对 Java 版历史,Wiki衍生数据，部分信息框已核对,26.1-snapshot-10,https://minecraft.wiki/w/Stairs,18/04/2022 15:56:34,
诡异木楼梯,minecraft:warped_stairs,是,斧,否,否,否,部分透明,3,2,20w06a,1.16,0,否,楼梯,无,0,否,0,无工具要求,是,否,是,,2,3,斧,Wiki 形状或非标准高度说明；按该类几何形状分类,页面历史中的明确加入记录,Wiki衍生数据，部分信息框已核对,26.1-snapshot-10,https://minecraft.wiki/w/Stairs,18/04/2022 15:56:34,
绯红木按钮,minecraft:crimson_button,是,斧,否,否,否,透明,0.5,0.5,,,0,否,按钮,无,0,是,0,无工具要求,否,否,是,,0.5,0.5,斧,Wiki 形状或非标准高度说明；按该类几何形状分类,待核对 Java 版历史,Wiki衍生数据，部分信息框已核对,26.1-snapshot-10,https://minecraft.wiki/w/Button,17/04/2022 00:18:47,
诡异木按钮,minecraft:warped_button,是,斧,否,否,否,透明,0.5,0.5,20w06a,1.16,0,否,按钮,无,0,是,0,无工具要求,否,否,是,,0.5,0.5,斧,Wiki 形状或非标准高度说明；按该类几何形状分类,页面历史中的明确加入记录,Wiki衍生数据，部分信息框已核对,26.1-snapshot-10,https://minecraft.wiki/w/Button,17/04/2022 00:18:47,
绯红木门,minecraft:crimson_door,是,斧,否,否,否,部分透明,3,3,,,0,否,门,无,0,是,0,无工具要求,否,否,是,,3,3,斧,Wiki 形状或非标准高度说明；按该类几何形状分类,待核对 Java 版历史,Wiki衍生数据，部分信息框已核对,26.1-snapshot-10,https://minecraft.wiki/w/Door,18/04/2022 15:32:39,
诡异木门,minecraft:warped_door,是,斧,否,否,否,部分透明,3,3,20w06a,1.16,0,否,门,无,0,是,0,无工具要求,否,否,是,,3,3,斧,Wiki 形状或非标准高度说明；按该类几何形状分类,页面历史中的明确加入记录,Wiki衍生数据，部分信息框已核对,26.1-snapshot-10,https://minecraft.wiki/w/Door,18/04/2022 15:32:39,
绯红木告示牌,minecraft:crimson_sign,是,斧,否,待核对,否,透明,1,1,,,0,否,其他,无,0,是,0,无工具要求,是,否,是,,1,1,斧,需要 Wiki 中明确的完整碰撞体积说明,待核对 Java 版历史,Wiki衍生数据，部分信息框已核对,26.1-snapshot-10,https://minecraft.wiki/w/Sign,16/04/2022 22:57:43,
诡异木告示牌,minecraft:warped_sign,是,斧,否,待核对,否,透明,1,1,20w06a,1.16,0,否,其他,无,0,是,0,无工具要求,是,否,是,,1,1,斧,需要 Wiki 中明确的完整碰撞体积说明,页面历史中的明确加入记录,Wiki衍生数据，部分信息框已核对,26.1-snapshot-10,https://minecraft.wiki/w/Sign,16/04/2022 22:57:43,
墙上的绯红木告示牌,minecraft:crimson_wall_sign,是,待核对,否,待核对,否,待核对,1,1,,,0,否,其他,无,0,是,0,无工具要求,是,否,否,无独立同名方块物品的放置形态,1,1,斧,需要 Wiki 中明确的完整碰撞体积说明,待核对 Java 版历史,Wiki离线信息框,2022年4月离线Wiki,https://minecraft.wiki/w/Sign,16/04/2022 22:57:43,
墙上的诡异木告示牌,minecraft:warped_wall_sign,是,待核对,否,待核对,否,待核对,1,1,20w06a,1.16,0,否,其他,无,0,是,0,无工具要求,是,否,否,无独立同名方块物品的放置形态,1,1,斧,需要 Wiki 中明确的完整碰撞体积说明,页面历史中的明确加入记录,Wiki离线信息框,2022年4月离线Wiki,https://minecraft.wiki/w/Sign,16/04/2022 22:57:43,
结构方块,minecraft:structure_block,否,无有效工具,否,待核对,否,不透明,3600000,-1,15w31a,1.9,0,否,其他,无,0,否,15,不适用,否,否,否,空气或技术方块,-1,3600000,无专用工具,需要 Wiki 中明确的完整碰撞体积说明,页面历史中的明确加入记录,Wiki衍生数据，部分信息框已核对,26.1-snapshot-10,https://minecraft.wiki/w/Structure_Block,16/04/2022 23:05:53,
拼图方块,minecraft:jigsaw,否,无有效工具,否,待核对,否,不透明,3600000,-1,18w46a,1.14,0,否,其他,无,0,否,15,不适用,否,否,否,空气或技术方块,-1,3600000,无专用工具,需要 Wiki 中明确的完整碰撞体积说明,页面历史中的明确加入记录,Wiki衍生数据，部分信息框已核对,26.1-snapshot-10,https://minecraft.wiki/w/Jigsaw_Block,18/04/2022 15:20:32,
测试方块,minecraft:test_block,否,无有效工具,否,待核对,否,不透明,3600000,-1,,,0,否,其他,无,0,否,15,不适用,否,否,否,空气或技术方块,-1,3600000,无专用工具,需要 Wiki 中明确的完整碰撞体积说明,待查Wiki页面,Wiki衍生数据，未核对原信息框,26.1-snapshot-10,,,
测试实例方块,minecraft:test_instance_block,否,无有效工具,否,待核对,否,不透明,3600000,-1,,,0,否,其他,无,0,是,1,不适用,否,否,否,空气或技术方块,-1,3600000,无专用工具,需要 Wiki 中明确的完整碰撞体积说明,待查Wiki页面,Wiki衍生数据，未核对原信息框,26.1-snapshot-10,,,
堆肥桶,minecraft:composter,是,斧,否,否,是,透明,0.6,0.6,19w03a,1.14,0,是,其他,无,0,否,0,无工具要求,否,否,是,,0.6,0.6,斧,Wiki Solid block 页的非标准高度或宽度表,页面历史中的明确加入记录,Wiki衍生数据，部分信息框已核对,26.1-snapshot-10,https://minecraft.wiki/w/Composter,18/04/2022 15:13:44,
标靶,minecraft:target,是,锄,否,待核对,是,不透明,0.5,0.5,20w09a,1.16,0,待核对,其他,无,0,否,15,无工具要求,否,否,是,,0.5,0.5,锄,需要 Wiki 中明确的完整碰撞体积说明,页面历史中的明确加入记录,Wiki衍生数据，部分信息框已核对,26.1-snapshot-10,https://minecraft.wiki/w/Target,18/04/2022 16:14:10,2022信息框的熔岩引火与较新资料不同
蜂巢,minecraft:bee_nest,是,斧,否,待核对,是,不透明,0.3,0.3,19w34a,1.15,0,是,其他,无,0,否,15,无工具要求,否,否,是,,0.3,0.3,斧,需要 Wiki 中明确的完整碰撞体积说明,页面历史中的明确加入记录,Wiki衍生数据，部分信息框已核对,26.1-snapshot-10,https://minecraft.wiki/w/Beehive,16/04/2022 23:15:18,
蜂箱,minecraft:beehive,是,斧,否,待核对,是,不透明,0.6,0.6,,,0,是,其他,无,0,否,15,无工具要求,否,否,是,,0.6,0.6,斧,需要 Wiki 中明确的完整碰撞体积说明,待核对 Java 版历史,Wiki衍生数据，部分信息框已核对,26.1-snapshot-10,https://minecraft.wiki/w/Beehive,16/04/2022 23:15:18,
蜂蜜块,minecraft:honey_block,是,任意工具或徒手,否,否,否,部分透明,0,0,19w41a,1.15,0,否,其他,无,0,是,1,无工具要求,否,否,是,,0,0,无专用工具,Wiki Solid block 页的非标准高度或宽度表,页面历史中的明确加入记录,Wiki衍生数据，部分信息框已核对,26.1-snapshot-10,https://minecraft.wiki/w/Honey_Block,17/04/2022 02:13:01,
蜜脾块,minecraft:honeycomb_block,是,任意工具或徒手,否,待核对,否,不透明,0.6,0.6,19w41a,1.15,0,否,其他,无,0,否,15,无工具要求,否,否,是,,0.6,0.6,无专用工具,需要 Wiki 中明确的完整碰撞体积说明,页面历史中的明确加入记录,Wiki衍生数据，部分信息框已核对,26.1-snapshot-10,https://minecraft.wiki/w/Honeycomb_Block,17/04/2022 02:08:05,
下界合金块,minecraft:netherite_block,否,镐,否,待核对,否,不透明,1200,50,,,0,否,其他,无,0,否,15,钻石级及以上,否,否,是,,50,1200,镐,需要 Wiki 中明确的完整碰撞体积说明,待核对 Java 版历史,Wiki衍生数据，部分信息框已核对,26.1-snapshot-10,https://minecraft.wiki/w/Block_of_Netherite,17/04/2022 03:17:29,
远古残骸,minecraft:ancient_debris,否,镐,否,待核对,否,不透明,1200,30,20w06a,1.16,0,否,其他,无,0,否,15,钻石级及以上,否,否,是,,30,1200,镐,需要 Wiki 中明确的完整碰撞体积说明,页面历史中的明确加入记录,Wiki衍生数据，部分信息框已核对,26.1-snapshot-10,https://minecraft.wiki/w/Ancient_Debris,17/04/2022 00:56:03,
哭泣的黑曜石,minecraft:crying_obsidian,是,镐,是,待核对,否,不透明,1200,50,20w09a,1.16,10,否,其他,无,10,否,15,钻石级及以上,否,否,是,,50,1200,镐,需要 Wiki 中明确的完整碰撞体积说明,页面历史中的明确加入记录,Wiki衍生数据，部分信息框已核对,26.1-snapshot-10,https://minecraft.wiki/w/Crying_Obsidian,16/04/2022 23:16:36,
重生锚,minecraft:respawn_anchor,是,镐,是,待核对,否,不透明,1200,50,20w12a,1.16,3；7；11；15,否,其他,无,0,否,15,钻石级及以上,否,否,是,,50,1200,镐,需要 Wiki 中明确的完整碰撞体积说明,页面历史中的明确加入记录,Wiki衍生数据，部分信息框已核对,26.1-snapshot-10,https://minecraft.wiki/w/Respawn_Anchor,18/04/2022 15:11:53,
绯红菌盆栽,minecraft:potted_crimson_fungus,是,待核对,否,待核对,否,待核对,0,0,,,0,否,其他,无,0,是,0,无工具要求,否,否,否,无独立同名方块物品的放置形态,0,0,无专用工具,需要 Wiki 中明确的完整碰撞体积说明,待核对 Java 版历史,Wiki离线信息框,2022年4月离线Wiki,https://minecraft.wiki/w/Flower_Pot,18/04/2022 15:36:15,
诡异菌盆栽,minecraft:potted_warped_fungus,是,待核对,否,待核对,否,待核对,0,0,,,0,否,其他,无,0,是,0,无工具要求,否,否,否,无独立同名方块物品的放置形态,0,0,无专用工具,需要 Wiki 中明确的完整碰撞体积说明,待核对 Java 版历史,Wiki离线信息框,2022年4月离线Wiki,https://minecraft.wiki/w/Flower_Pot,18/04/2022 15:36:15,
绯红菌索盆栽,minecraft:potted_crimson_roots,是,待核对,否,待核对,否,待核对,0,0,,,0,否,其他,无,0,是,0,无工具要求,否,否,否,无独立同名方块物品的放置形态,0,0,无专用工具,需要 Wiki 中明确的完整碰撞体积说明,待核对 Java 版历史,Wiki离线信息框,2022年4月离线Wiki,https://minecraft.wiki/w/Flower_Pot,18/04/2022 15:36:15,
诡异菌索盆栽,minecraft:potted_warped_roots,是,待核对,否,待核对,否,待核对,0,0,,,0,否,其他,无,0,是,0,无工具要求,否,否,否,无独立同名方块物品的放置形态,0,0,无专用工具,需要 Wiki 中明确的完整碰撞体积说明,待核对 Java 版历史,Wiki离线信息框,2022年4月离线Wiki,https://minecraft.wiki/w/Flower_Pot,18/04/2022 15:36:15,
磁石,minecraft:lodestone,待核对,镐,否,待核对,否,不透明,3.5,3.5,20w13a,1.16,0,否,其他,无,0,否,15,木级及以上（含金）,否,否,是,,3.5,3.5,镐,需要 Wiki 中明确的完整碰撞体积说明,页面历史中的明确加入记录,Wiki衍生数据，部分信息框已核对,26.1-snapshot-10,https://minecraft.wiki/w/Lodestone,17/04/2022 06:09:39,2022信息框的可再生性与较新资料不同
黑石,minecraft:blackstone,是,镐,否,待核对,否,不透明,6,1.5,20w15a,1.16,0,否,其他,无,0,否,15,木级及以上（含金）,否,否,是,,1.5,6,镐,需要 Wiki 中明确的完整碰撞体积说明,页面历史中的明确加入记录,Wiki衍生数据，部分信息框已核对,26.1-snapshot-10,https://minecraft.wiki/w/Blackstone,17/04/2022 03:52:59,
黑石楼梯,minecraft:blackstone_stairs,是,镐,否,否,否,部分透明,6,1.5,,,0,否,楼梯,无,0,否,0,木级及以上（含金）,是,否,是,,1.5,6,镐,Wiki 形状或非标准高度说明；按该类几何形状分类,待核对 Java 版历史,Wiki衍生数据，部分信息框已核对,26.1-snapshot-10,https://minecraft.wiki/w/Stairs,18/04/2022 15:56:34,
黑石墙,minecraft:blackstone_wall,是,镐,否,否,否,透明,6,1.5,,,0,否,墙,无,0,否,0,木级及以上（含金）,是,否,是,,1.5,6,镐,Wiki 形状或非标准高度说明；按该类几何形状分类,待核对 Java 版历史,Wiki衍生数据，部分信息框已核对,26.1-snapshot-10,https://minecraft.wiki/w/Wall,16/04/2022 23:37:47,
黑石台阶,minecraft:blackstone_slab,是,镐,否,仅特定状态,否,部分透明,6,2,,,0,否,台阶,无,0,否,0,木级及以上（含金）,是,否,是,,2,6,镐,Wiki 台阶说明：仅双层台阶是完整方块,待核对 Java 版历史,Wiki衍生数据，部分信息框已核对,26.1-snapshot-10,https://minecraft.wiki/w/Slab,18/04/2022 16:04:21,
磨制黑石,minecraft:polished_blackstone,是,镐,否,待核对,否,不透明,6,2,20w15a,1.16,0,否,其他,无,0,否,15,木级及以上（含金）,否,否,是,,2,6,镐,需要 Wiki 中明确的完整碰撞体积说明,页面历史中的明确加入记录,Wiki衍生数据，部分信息框已核对,26.1-snapshot-10,https://minecraft.wiki/w/Polished_Blackstone,17/04/2022 05:24:47,
磨制黑石砖,minecraft:polished_blackstone_bricks,是,镐,否,待核对,否,不透明,6,1.5,20w15a,1.16,0,否,其他,无,0,否,15,木级及以上（含金）,否,否,是,,1.5,6,镐,需要 Wiki 中明确的完整碰撞体积说明,页面历史中的明确加入记录,Wiki衍生数据，部分信息框已核对,26.1-snapshot-10,https://minecraft.wiki/w/Polished_Blackstone_Bricks,17/04/2022 03:25:26,
裂纹磨制黑石砖,minecraft:cracked_polished_blackstone_bricks,是,镐,否,待核对,否,不透明,6,1.5,20w15a,1.16,0,否,其他,无,0,否,15,木级及以上（含金）,否,否,是,,1.5,6,镐,需要 Wiki 中明确的完整碰撞体积说明,页面历史中的明确加入记录,Wiki衍生数据，部分信息框已核对,26.1-snapshot-10,https://minecraft.wiki/w/Polished_Blackstone_Bricks,17/04/2022 03:25:26,
雕纹磨制黑石,minecraft:chiseled_polished_blackstone,待核对,镐,否,待核对,否,不透明,6,1.5,20w15a,1.16,0,否,其他,无,0,否,15,木级及以上（含金）,否,否,是,,1.5,6,镐,需要 Wiki 中明确的完整碰撞体积说明,页面历史中的明确加入记录,Wiki衍生数据，部分信息框已核对,26.1-snapshot-10,https://minecraft.wiki/w/Polished_Blackstone,17/04/2022 05:24:47,2022信息框的可再生性与较新资料不同
磨制黑石砖台阶,minecraft:polished_blackstone_brick_slab,是,镐,否,仅特定状态,否,部分透明,6,2,20w15a,1.16,0,否,台阶,无,0,否,0,木级及以上（含金）,是,否,是,,2,6,镐,Wiki 台阶说明：仅双层台阶是完整方块,页面历史中的明确加入记录,Wiki衍生数据，部分信息框已核对,26.1-snapshot-10,https://minecraft.wiki/w/Slab,18/04/2022 16:04:21,
磨制黑石砖楼梯,minecraft:polished_blackstone_brick_stairs,是,镐,否,否,否,不透明,6,1.5,20w15a,1.16,0,否,楼梯,无,0,否,0,木级及以上（含金）,是,否,是,,1.5,6,镐,Wiki 形状或非标准高度说明；按该类几何形状分类,页面历史中的明确加入记录,Wiki衍生数据，部分信息框已核对,26.1-snapshot-10,https://minecraft.wiki/w/Stairs,18/04/2022 15:56:34,
磨制黑石砖墙,minecraft:polished_blackstone_brick_wall,是,镐,否,否,否,透明,6,1.5,20w15a,1.16,0,否,墙,无,0,否,0,木级及以上（含金）,是,否,是,,1.5,6,镐,Wiki 形状或非标准高度说明；按该类几何形状分类,页面历史中的明确加入记录,Wiki衍生数据，部分信息框已核对,26.1-snapshot-10,https://minecraft.wiki/w/Wall,16/04/2022 23:37:47,
镶金黑石,minecraft:gilded_blackstone,待核对,镐,否,待核对,否,不透明,6,1.5,20w15a,1.16,0,否,其他,无,0,否,15,木级及以上（含金）,否,否,是,,1.5,6,镐,需要 Wiki 中明确的完整碰撞体积说明,页面历史中的明确加入记录,Wiki衍生数据，部分信息框已核对,26.1-snapshot-10,https://minecraft.wiki/w/Gilded_Blackstone,17/04/2022 01:17:51,2022信息框的可再生性与较新资料不同
磨制黑石楼梯,minecraft:polished_blackstone_stairs,是,镐,否,否,否,部分透明,6,2,,,0,否,楼梯,无,0,否,0,木级及以上（含金）,是,否,是,,2,6,镐,Wiki 形状或非标准高度说明；按该类几何形状分类,待核对 Java 版历史,Wiki衍生数据，部分信息框已核对,26.1-snapshot-10,https://minecraft.wiki/w/Stairs,18/04/2022 15:56:34,
磨制黑石台阶,minecraft:polished_blackstone_slab,是,镐,否,仅特定状态,否,部分透明,6,2,,,0,否,台阶,无,0,否,0,木级及以上（含金）,是,否,是,,2,6,镐,Wiki 台阶说明：仅双层台阶是完整方块,待核对 Java 版历史,Wiki衍生数据，部分信息框已核对,26.1-snapshot-10,https://minecraft.wiki/w/Slab,18/04/2022 16:04:21,
磨制黑石压力板,minecraft:polished_blackstone_pressure_plate,是,镐,否,否,否,透明,0.5,0.5,20w15a,1.16,0,否,压力板,无,0,是,0,无工具要求,否,否,是,,0.5,0.5,镐,Wiki 形状或非标准高度说明；按该类几何形状分类,页面历史中的明确加入记录,Wiki衍生数据，部分信息框已核对,26.1-snapshot-10,https://minecraft.wiki/w/Pressure_Plate,18/04/2022 15:15:33,
磨制黑石按钮,minecraft:polished_blackstone_button,是,镐,否,否,否,透明,0.5,0.5,20w15a,1.16,0,否,按钮,无,0,是,0,无工具要求,否,否,是,,0.5,0.5,镐,Wiki 形状或非标准高度说明；按该类几何形状分类,页面历史中的明确加入记录,Wiki衍生数据，部分信息框已核对,26.1-snapshot-10,https://minecraft.wiki/w/Button,17/04/2022 00:18:47,
磨制黑石墙,minecraft:polished_blackstone_wall,是,镐,否,否,否,透明,6,2,,,0,否,墙,无,0,否,0,木级及以上（含金）,是,否,是,,2,6,镐,Wiki 形状或非标准高度说明；按该类几何形状分类,待核对 Java 版历史,Wiki衍生数据，部分信息框已核对,26.1-snapshot-10,https://minecraft.wiki/w/Wall,16/04/2022 23:37:47,
雕纹下界砖块,minecraft:chiseled_nether_bricks,是,镐,否,待核对,否,不透明,6,2,20w15a,1.16,0,否,其他,无,0,否,15,木级及以上（含金）,否,否,是,,2,6,镐,需要 Wiki 中明确的完整碰撞体积说明,页面历史中的明确加入记录,Wiki衍生数据，部分信息框已核对,26.1-snapshot-10,https://minecraft.wiki/w/Nether_Bricks,17/04/2022 02:38:21,
裂纹下界砖块,minecraft:cracked_nether_bricks,是,镐,否,待核对,否,不透明,6,2,,,0,否,其他,无,0,否,15,木级及以上（含金）,否,否,是,,2,6,镐,需要 Wiki 中明确的完整碰撞体积说明,待核对 Java 版历史,Wiki衍生数据，部分信息框已核对,26.1-snapshot-10,https://minecraft.wiki/w/Nether_Bricks,17/04/2022 02:38:21,
石英砖,minecraft:quartz_bricks,是,镐,否,待核对,否,不透明,0.8,0.8,20w15a,1.16,0,否,其他,无,0,否,15,木级及以上（含金）,否,否,是,,0.8,0.8,镐,需要 Wiki 中明确的完整碰撞体积说明,页面历史中的明确加入记录,Wiki衍生数据，部分信息框已核对,26.1-snapshot-10,https://minecraft.wiki/w/Block_of_Quartz,18/04/2022 15:21:29,
蜡烛,minecraft:candle,是,任意工具或徒手,是,否,否,透明,0.1,0.1,20w45a,1.17,3；6；9；12,否,蜡烛,无,0,是,0,无工具要求,是,是,是,,0.1,0.1,无专用工具,Wiki 形状或非标准高度说明；按该类几何形状分类,共享页面中明确加入整个系列,Wiki衍生数据，部分信息框已核对,26.1-snapshot-10,https://minecraft.wiki/w/Candle,17/04/2022 00:02:36,
白色蜡烛,minecraft:white_candle,是,任意工具或徒手,是,否,否,透明,0.1,0.1,20w45a,1.17,3；6；9；12,否,蜡烛,白色,0,是,0,无工具要求,是,是,是,,0.1,0.1,无专用工具,Wiki 形状或非标准高度说明；按该类几何形状分类,共享页面中明确加入整个系列,Wiki衍生数据，部分信息框已核对,26.1-snapshot-10,https://minecraft.wiki/w/Candle,17/04/2022 00:02:36,
橙色蜡烛,minecraft:orange_candle,是,任意工具或徒手,是,否,否,透明,0.1,0.1,20w45a,1.17,3；6；9；12,否,蜡烛,橙色,0,是,0,无工具要求,是,是,是,,0.1,0.1,无专用工具,Wiki 形状或非标准高度说明；按该类几何形状分类,共享页面中明确加入整个系列,Wiki衍生数据，部分信息框已核对,26.1-snapshot-10,https://minecraft.wiki/w/Candle,17/04/2022 00:02:36,
品红色蜡烛,minecraft:magenta_candle,是,任意工具或徒手,是,否,否,透明,0.1,0.1,20w45a,1.17,3；6；9；12,否,蜡烛,品红色,0,是,0,无工具要求,是,是,是,,0.1,0.1,无专用工具,Wiki 形状或非标准高度说明；按该类几何形状分类,共享页面中明确加入整个系列,Wiki衍生数据，部分信息框已核对,26.1-snapshot-10,https://minecraft.wiki/w/Candle,17/04/2022 00:02:36,
淡蓝色蜡烛,minecraft:light_blue_candle,是,任意工具或徒手,是,否,否,透明,0.1,0.1,20w45a,1.17,3；6；9；12,否,蜡烛,淡蓝色,0,是,0,无工具要求,是,是,是,,0.1,0.1,无专用工具,Wiki 形状或非标准高度说明；按该类几何形状分类,共享页面中明确加入整个系列,Wiki衍生数据，部分信息框已核对,26.1-snapshot-10,https://minecraft.wiki/w/Candle,17/04/2022 00:02:36,
黄色蜡烛,minecraft:yellow_candle,是,任意工具或徒手,是,否,否,透明,0.1,0.1,20w45a,1.17,3；6；9；12,否,蜡烛,黄色,0,是,0,无工具要求,是,是,是,,0.1,0.1,无专用工具,Wiki 形状或非标准高度说明；按该类几何形状分类,共享页面中明确加入整个系列,Wiki衍生数据，部分信息框已核对,26.1-snapshot-10,https://minecraft.wiki/w/Candle,17/04/2022 00:02:36,
黄绿色蜡烛,minecraft:lime_candle,是,任意工具或徒手,是,否,否,透明,0.1,0.1,20w45a,1.17,3；6；9；12,否,蜡烛,黄绿色,0,是,0,无工具要求,是,是,是,,0.1,0.1,无专用工具,Wiki 形状或非标准高度说明；按该类几何形状分类,共享页面中明确加入整个系列,Wiki衍生数据，部分信息框已核对,26.1-snapshot-10,https://minecraft.wiki/w/Candle,17/04/2022 00:02:36,
粉红色蜡烛,minecraft:pink_candle,是,任意工具或徒手,是,否,否,透明,0.1,0.1,20w45a,1.17,3；6；9；12,否,蜡烛,粉红色,0,是,0,无工具要求,是,是,是,,0.1,0.1,无专用工具,Wiki 形状或非标准高度说明；按该类几何形状分类,共享页面中明确加入整个系列,Wiki衍生数据，部分信息框已核对,26.1-snapshot-10,https://minecraft.wiki/w/Candle,17/04/2022 00:02:36,
灰色蜡烛,minecraft:gray_candle,是,任意工具或徒手,是,否,否,透明,0.1,0.1,20w45a,1.17,3；6；9；12,否,蜡烛,灰色,0,是,0,无工具要求,是,是,是,,0.1,0.1,无专用工具,Wiki 形状或非标准高度说明；按该类几何形状分类,共享页面中明确加入整个系列,Wiki衍生数据，部分信息框已核对,26.1-snapshot-10,https://minecraft.wiki/w/Candle,17/04/2022 00:02:36,
淡灰色蜡烛,minecraft:light_gray_candle,是,任意工具或徒手,是,否,否,透明,0.1,0.1,20w45a,1.17,3；6；9；12,否,蜡烛,淡灰色,0,是,0,无工具要求,是,是,是,,0.1,0.1,无专用工具,Wiki 形状或非标准高度说明；按该类几何形状分类,共享页面中明确加入整个系列,Wiki衍生数据，部分信息框已核对,26.1-snapshot-10,https://minecraft.wiki/w/Candle,17/04/2022 00:02:36,
青色蜡烛,minecraft:cyan_candle,是,任意工具或徒手,是,否,否,透明,0.1,0.1,20w45a,1.17,3；6；9；12,否,蜡烛,青色,0,是,0,无工具要求,是,是,是,,0.1,0.1,无专用工具,Wiki 形状或非标准高度说明；按该类几何形状分类,共享页面中明确加入整个系列,Wiki衍生数据，部分信息框已核对,26.1-snapshot-10,https://minecraft.wiki/w/Candle,17/04/2022 00:02:36,
紫色蜡烛,minecraft:purple_candle,是,任意工具或徒手,是,否,否,透明,0.1,0.1,20w45a,1.17,3；6；9；12,否,蜡烛,紫色,0,是,0,无工具要求,是,是,是,,0.1,0.1,无专用工具,Wiki 形状或非标准高度说明；按该类几何形状分类,共享页面中明确加入整个系列,Wiki衍生数据，部分信息框已核对,26.1-snapshot-10,https://minecraft.wiki/w/Candle,17/04/2022 00:02:36,
蓝色蜡烛,minecraft:blue_candle,是,任意工具或徒手,是,否,否,透明,0.1,0.1,20w45a,1.17,3；6；9；12,否,蜡烛,蓝色,0,是,0,无工具要求,是,是,是,,0.1,0.1,无专用工具,Wiki 形状或非标准高度说明；按该类几何形状分类,共享页面中明确加入整个系列,Wiki衍生数据，部分信息框已核对,26.1-snapshot-10,https://minecraft.wiki/w/Candle,17/04/2022 00:02:36,
棕色蜡烛,minecraft:brown_candle,是,任意工具或徒手,是,否,否,透明,0.1,0.1,20w45a,1.17,3；6；9；12,否,蜡烛,棕色,0,是,0,无工具要求,是,是,是,,0.1,0.1,无专用工具,Wiki 形状或非标准高度说明；按该类几何形状分类,共享页面中明确加入整个系列,Wiki衍生数据，部分信息框已核对,26.1-snapshot-10,https://minecraft.wiki/w/Candle,17/04/2022 00:02:36,
绿色蜡烛,minecraft:green_candle,是,任意工具或徒手,是,否,否,透明,0.1,0.1,20w45a,1.17,3；6；9；12,否,蜡烛,绿色,0,是,0,无工具要求,是,是,是,,0.1,0.1,无专用工具,Wiki 形状或非标准高度说明；按该类几何形状分类,共享页面中明确加入整个系列,Wiki衍生数据，部分信息框已核对,26.1-snapshot-10,https://minecraft.wiki/w/Candle,17/04/2022 00:02:36,
红色蜡烛,minecraft:red_candle,是,任意工具或徒手,是,否,否,透明,0.1,0.1,20w45a,1.17,3；6；9；12,否,蜡烛,红色,0,是,0,无工具要求,是,是,是,,0.1,0.1,无专用工具,Wiki 形状或非标准高度说明；按该类几何形状分类,共享页面中明确加入整个系列,Wiki衍生数据，部分信息框已核对,26.1-snapshot-10,https://minecraft.wiki/w/Candle,17/04/2022 00:02:36,
黑色蜡烛,minecraft:black_candle,是,任意工具或徒手,是,否,否,透明,0.1,0.1,20w45a,1.17,3；6；9；12,否,蜡烛,黑色,0,是,0,无工具要求,是,是,是,,0.1,0.1,无专用工具,Wiki 形状或非标准高度说明；按该类几何形状分类,共享页面中明确加入整个系列,Wiki衍生数据，部分信息框已核对,26.1-snapshot-10,https://minecraft.wiki/w/Candle,17/04/2022 00:02:36,
插上蜡烛的蛋糕,minecraft:candle_cake,是,待核对,是,待核对,否,待核对,0.5,0.5,,,3,否,其他,无,0,否,0,无工具要求,否,是,否,无独立同名方块物品的放置形态,0.5,0.5,无专用工具,需要 Wiki 中明确的完整碰撞体积说明,待核对 Java 版历史,Wiki离线信息框,2022年4月离线Wiki,https://minecraft.wiki/w/Cake,18/04/2022 15:48:33,
插上白色蜡烛的蛋糕,minecraft:white_candle_cake,是,待核对,是,待核对,否,待核对,0.5,0.5,,,3,否,其他,白色,0,否,0,无工具要求,否,是,否,无独立同名方块物品的放置形态,0.5,0.5,无专用工具,需要 Wiki 中明确的完整碰撞体积说明,待核对 Java 版历史,Wiki离线信息框,2022年4月离线Wiki,https://minecraft.wiki/w/Cake,18/04/2022 15:48:33,
插上橙色蜡烛的蛋糕,minecraft:orange_candle_cake,是,待核对,是,待核对,否,待核对,0.5,0.5,,,3,否,其他,橙色,0,否,0,无工具要求,否,是,否,无独立同名方块物品的放置形态,0.5,0.5,无专用工具,需要 Wiki 中明确的完整碰撞体积说明,待核对 Java 版历史,Wiki离线信息框,2022年4月离线Wiki,https://minecraft.wiki/w/Cake,18/04/2022 15:48:33,
插上品红色蜡烛的蛋糕,minecraft:magenta_candle_cake,是,待核对,是,待核对,否,待核对,0.5,0.5,,,3,否,其他,品红色,0,否,0,无工具要求,否,是,否,无独立同名方块物品的放置形态,0.5,0.5,无专用工具,需要 Wiki 中明确的完整碰撞体积说明,待核对 Java 版历史,Wiki离线信息框,2022年4月离线Wiki,https://minecraft.wiki/w/Cake,18/04/2022 15:48:33,
插上淡蓝色蜡烛的蛋糕,minecraft:light_blue_candle_cake,是,待核对,是,待核对,否,待核对,0.5,0.5,,,3,否,其他,淡蓝色,0,否,0,无工具要求,否,是,否,无独立同名方块物品的放置形态,0.5,0.5,无专用工具,需要 Wiki 中明确的完整碰撞体积说明,待核对 Java 版历史,Wiki离线信息框,2022年4月离线Wiki,https://minecraft.wiki/w/Cake,18/04/2022 15:48:33,
插上黄色蜡烛的蛋糕,minecraft:yellow_candle_cake,是,待核对,是,待核对,否,待核对,0.5,0.5,,,3,否,其他,黄色,0,否,0,无工具要求,否,是,否,无独立同名方块物品的放置形态,0.5,0.5,无专用工具,需要 Wiki 中明确的完整碰撞体积说明,待核对 Java 版历史,Wiki离线信息框,2022年4月离线Wiki,https://minecraft.wiki/w/Cake,18/04/2022 15:48:33,
插上黄绿色蜡烛的蛋糕,minecraft:lime_candle_cake,是,待核对,是,待核对,否,待核对,0.5,0.5,,,3,否,其他,黄绿色,0,否,0,无工具要求,否,是,否,无独立同名方块物品的放置形态,0.5,0.5,无专用工具,需要 Wiki 中明确的完整碰撞体积说明,待核对 Java 版历史,Wiki离线信息框,2022年4月离线Wiki,https://minecraft.wiki/w/Cake,18/04/2022 15:48:33,
插上粉红色蜡烛的蛋糕,minecraft:pink_candle_cake,是,待核对,是,待核对,否,待核对,0.5,0.5,,,3,否,其他,粉红色,0,否,0,无工具要求,否,是,否,无独立同名方块物品的放置形态,0.5,0.5,无专用工具,需要 Wiki 中明确的完整碰撞体积说明,待核对 Java 版历史,Wiki离线信息框,2022年4月离线Wiki,https://minecraft.wiki/w/Cake,18/04/2022 15:48:33,
插上灰色蜡烛的蛋糕,minecraft:gray_candle_cake,是,待核对,是,待核对,否,待核对,0.5,0.5,,,3,否,其他,灰色,0,否,0,无工具要求,否,是,否,无独立同名方块物品的放置形态,0.5,0.5,无专用工具,需要 Wiki 中明确的完整碰撞体积说明,待核对 Java 版历史,Wiki离线信息框,2022年4月离线Wiki,https://minecraft.wiki/w/Cake,18/04/2022 15:48:33,
插上淡灰色蜡烛的蛋糕,minecraft:light_gray_candle_cake,是,待核对,是,待核对,否,待核对,0.5,0.5,,,3,否,其他,淡灰色,0,否,0,无工具要求,否,是,否,无独立同名方块物品的放置形态,0.5,0.5,无专用工具,需要 Wiki 中明确的完整碰撞体积说明,待核对 Java 版历史,Wiki离线信息框,2022年4月离线Wiki,https://minecraft.wiki/w/Cake,18/04/2022 15:48:33,
插上青色蜡烛的蛋糕,minecraft:cyan_candle_cake,是,待核对,是,待核对,否,待核对,0.5,0.5,,,3,否,其他,青色,0,否,0,无工具要求,否,是,否,无独立同名方块物品的放置形态,0.5,0.5,无专用工具,需要 Wiki 中明确的完整碰撞体积说明,待核对 Java 版历史,Wiki离线信息框,2022年4月离线Wiki,https://minecraft.wiki/w/Cake,18/04/2022 15:48:33,
插上紫色蜡烛的蛋糕,minecraft:purple_candle_cake,是,待核对,是,待核对,否,待核对,0.5,0.5,,,3,否,其他,紫色,0,否,0,无工具要求,否,是,否,无独立同名方块物品的放置形态,0.5,0.5,无专用工具,需要 Wiki 中明确的完整碰撞体积说明,待核对 Java 版历史,Wiki离线信息框,2022年4月离线Wiki,https://minecraft.wiki/w/Cake,18/04/2022 15:48:33,
插上蓝色蜡烛的蛋糕,minecraft:blue_candle_cake,是,待核对,是,待核对,否,待核对,0.5,0.5,,,3,否,其他,蓝色,0,否,0,无工具要求,否,是,否,无独立同名方块物品的放置形态,0.5,0.5,无专用工具,需要 Wiki 中明确的完整碰撞体积说明,待核对 Java 版历史,Wiki离线信息框,2022年4月离线Wiki,https://minecraft.wiki/w/Cake,18/04/2022 15:48:33,
插上棕色蜡烛的蛋糕,minecraft:brown_candle_cake,是,待核对,是,待核对,否,待核对,0.5,0.5,,,3,否,其他,棕色,0,否,0,无工具要求,否,是,否,无独立同名方块物品的放置形态,0.5,0.5,无专用工具,需要 Wiki 中明确的完整碰撞体积说明,待核对 Java 版历史,Wiki离线信息框,2022年4月离线Wiki,https://minecraft.wiki/w/Cake,18/04/2022 15:48:33,
插上绿色蜡烛的蛋糕,minecraft:green_candle_cake,是,待核对,是,待核对,否,待核对,0.5,0.5,,,3,否,其他,绿色,0,否,0,无工具要求,否,是,否,无独立同名方块物品的放置形态,0.5,0.5,无专用工具,需要 Wiki 中明确的完整碰撞体积说明,待核对 Java 版历史,Wiki离线信息框,2022年4月离线Wiki,https://minecraft.wiki/w/Cake,18/04/2022 15:48:33,
插上红色蜡烛的蛋糕,minecraft:red_candle_cake,是,待核对,是,待核对,否,待核对,0.5,0.5,,,3,否,其他,红色,0,否,0,无工具要求,否,是,否,无独立同名方块物品的放置形态,0.5,0.5,无专用工具,需要 Wiki 中明确的完整碰撞体积说明,待核对 Java 版历史,Wiki离线信息框,2022年4月离线Wiki,https://minecraft.wiki/w/Cake,18/04/2022 15:48:33,
插上黑色蜡烛的蛋糕,minecraft:black_candle_cake,是,待核对,是,待核对,否,待核对,0.5,0.5,,,3,否,其他,黑色,0,否,0,无工具要求,否,是,否,无独立同名方块物品的放置形态,0.5,0.5,无专用工具,需要 Wiki 中明确的完整碰撞体积说明,待核对 Java 版历史,Wiki离线信息框,2022年4月离线Wiki,https://minecraft.wiki/w/Cake,18/04/2022 15:48:33,
紫水晶块,minecraft:amethyst_block,是,镐,否,待核对,否,透明,1.5,1.5,,,0,否,其他,无,0,否,15,木级及以上（含金）,否,否,是,,1.5,1.5,镐,需要 Wiki 中明确的完整碰撞体积说明,待核对 Java 版历史,Wiki衍生数据，部分信息框已核对,26.1-snapshot-10,https://minecraft.wiki/w/Block_of_Amethyst,17/04/2022 00:07:14,
紫水晶母岩,minecraft:budding_amethyst,否,镐,否,待核对,否,部分透明,1.5,1.5,20w45a,1.17,0,否,其他,无,0,否,15,木级及以上（含金）,否,否,是,,1.5,1.5,镐,需要 Wiki 中明确的完整碰撞体积说明,页面历史中的明确加入记录,Wiki衍生数据，部分信息框已核对,26.1-snapshot-10,https://minecraft.wiki/w/Budding_Amethyst,16/04/2022 23:21:20,
紫水晶簇,minecraft:amethyst_cluster,是,镐,是,待核对,否,透明,1.5,1.5,20w45a,1.17,5,否,其他,无,5,是,0,无工具要求,是,否,是,,1.5,1.5,镐,需要 Wiki 中明确的完整碰撞体积说明,页面历史中的明确加入记录,Wiki衍生数据，部分信息框已核对,26.1-snapshot-10,https://minecraft.wiki/w/Amethyst_Cluster,18/04/2022 14:58:01,
大型紫晶芽,minecraft:large_amethyst_bud,是,镐,是,待核对,否,透明,1.5,1.5,,,4,否,其他,无,4,是,0,无工具要求,是,否,是,,1.5,1.5,镐,需要 Wiki 中明确的完整碰撞体积说明,待核对 Java 版历史,Wiki衍生数据，部分信息框已核对,26.1-snapshot-10,https://minecraft.wiki/w/Amethyst_Cluster,18/04/2022 14:58:01,
中型紫晶芽,minecraft:medium_amethyst_bud,是,镐,是,待核对,否,透明,1.5,1.5,,,2,否,其他,无,2,是,0,无工具要求,是,否,是,,1.5,1.5,镐,需要 Wiki 中明确的完整碰撞体积说明,待核对 Java 版历史,Wiki衍生数据，部分信息框已核对,26.1-snapshot-10,https://minecraft.wiki/w/Amethyst_Cluster,18/04/2022 14:58:01,
小型紫晶芽,minecraft:small_amethyst_bud,是,镐,是,待核对,否,透明,1.5,1.5,,,1,否,其他,无,1,是,0,无工具要求,是,否,是,,1.5,1.5,镐,需要 Wiki 中明确的完整碰撞体积说明,待核对 Java 版历史,Wiki衍生数据，部分信息框已核对,26.1-snapshot-10,https://minecraft.wiki/w/Amethyst_Cluster,18/04/2022 14:58:01,
凝灰岩,minecraft:tuff,否,镐,否,待核对,否,不透明,6,1.5,20w45a,1.17,0,否,其他,无,0,否,15,木级及以上（含金）,否,否,是,,1.5,6,镐,需要 Wiki 中明确的完整碰撞体积说明,页面历史中的明确加入记录,Wiki衍生数据，部分信息框已核对,26.1-snapshot-10,https://minecraft.wiki/w/Tuff,17/04/2022 03:33:33,
凝灰岩台阶,minecraft:tuff_slab,否,镐,否,仅特定状态,否,部分透明,6,1.5,,,0,否,台阶,无,0,否,0,木级及以上（含金）,是,否,是,,1.5,6,镐,Wiki 台阶说明：仅双层台阶是完整方块,待查Wiki页面,Wiki衍生数据，未核对原信息框,26.1-snapshot-10,,,
凝灰岩楼梯,minecraft:tuff_stairs,否,镐,否,否,否,部分透明,6,1.5,,,0,否,楼梯,无,0,否,0,木级及以上（含金）,是,否,是,,1.5,6,镐,Wiki 形状或非标准高度说明；按该类几何形状分类,待查Wiki页面,Wiki衍生数据，未核对原信息框,26.1-snapshot-10,,,
凝灰岩墙,minecraft:tuff_wall,否,镐,否,否,否,透明,6,1.5,,,0,否,墙,无,0,否,0,木级及以上（含金）,是,否,是,,1.5,6,镐,Wiki 形状或非标准高度说明；按该类几何形状分类,待查Wiki页面,Wiki衍生数据，未核对原信息框,26.1-snapshot-10,,,
磨制凝灰岩,minecraft:polished_tuff,否,镐,否,待核对,否,不透明,6,1.5,,,0,否,其他,无,0,否,15,木级及以上（含金）,否,否,是,,1.5,6,镐,需要 Wiki 中明确的完整碰撞体积说明,待查Wiki页面,Wiki衍生数据，未核对原信息框,26.1-snapshot-10,,,
磨制凝灰岩台阶,minecraft:polished_tuff_slab,否,镐,否,仅特定状态,否,部分透明,6,1.5,,,0,否,台阶,无,0,否,0,木级及以上（含金）,是,否,是,,1.5,6,镐,Wiki 台阶说明：仅双层台阶是完整方块,待查Wiki页面,Wiki衍生数据，未核对原信息框,26.1-snapshot-10,,,
磨制凝灰岩楼梯,minecraft:polished_tuff_stairs,否,镐,否,否,否,部分透明,6,1.5,,,0,否,楼梯,无,0,否,0,木级及以上（含金）,是,否,是,,1.5,6,镐,Wiki 形状或非标准高度说明；按该类几何形状分类,待查Wiki页面,Wiki衍生数据，未核对原信息框,26.1-snapshot-10,,,
磨制凝灰岩墙,minecraft:polished_tuff_wall,否,镐,否,否,否,透明,6,1.5,,,0,否,墙,无,0,否,0,木级及以上（含金）,是,否,是,,1.5,6,镐,Wiki 形状或非标准高度说明；按该类几何形状分类,待查Wiki页面,Wiki衍生数据，未核对原信息框,26.1-snapshot-10,,,
雕纹凝灰岩,minecraft:chiseled_tuff,否,镐,否,待核对,否,不透明,6,1.5,,,0,否,其他,无,0,否,15,木级及以上（含金）,否,否,是,,1.5,6,镐,需要 Wiki 中明确的完整碰撞体积说明,待查Wiki页面,Wiki衍生数据，未核对原信息框,26.1-snapshot-10,,,
凝灰岩砖,minecraft:tuff_bricks,否,镐,否,待核对,否,不透明,6,1.5,,,0,否,其他,无,0,否,15,木级及以上（含金）,否,否,是,,1.5,6,镐,需要 Wiki 中明确的完整碰撞体积说明,待查Wiki页面,Wiki衍生数据，未核对原信息框,26.1-snapshot-10,,,
凝灰岩砖台阶,minecraft:tuff_brick_slab,否,镐,否,仅特定状态,否,部分透明,6,1.5,,,0,否,台阶,无,0,否,0,木级及以上（含金）,是,否,是,,1.5,6,镐,Wiki 台阶说明：仅双层台阶是完整方块,待查Wiki页面,Wiki衍生数据，未核对原信息框,26.1-snapshot-10,,,
凝灰岩砖楼梯,minecraft:tuff_brick_stairs,否,镐,否,否,否,部分透明,6,1.5,,,0,否,楼梯,无,0,否,0,木级及以上（含金）,是,否,是,,1.5,6,镐,Wiki 形状或非标准高度说明；按该类几何形状分类,待查Wiki页面,Wiki衍生数据，未核对原信息框,26.1-snapshot-10,,,
凝灰岩砖墙,minecraft:tuff_brick_wall,否,镐,否,否,否,透明,6,1.5,,,0,否,墙,无,0,否,0,木级及以上（含金）,是,否,是,,1.5,6,镐,Wiki 形状或非标准高度说明；按该类几何形状分类,待查Wiki页面,Wiki衍生数据，未核对原信息框,26.1-snapshot-10,,,
雕纹凝灰岩砖,minecraft:chiseled_tuff_bricks,否,镐,否,待核对,否,不透明,6,1.5,,,0,否,其他,无,0,否,15,木级及以上（含金）,否,否,是,,1.5,6,镐,需要 Wiki 中明确的完整碰撞体积说明,待查Wiki页面,Wiki衍生数据，未核对原信息框,26.1-snapshot-10,,,
方解石,minecraft:calcite,否,镐,否,待核对,否,不透明,0.75,0.75,20w45a,1.17,0,否,其他,无,0,否,15,木级及以上（含金）,否,否,是,,0.75,0.75,镐,需要 Wiki 中明确的完整碰撞体积说明,页面历史中的明确加入记录,Wiki衍生数据，部分信息框已核对,26.1-snapshot-10,https://minecraft.wiki/w/Calcite,17/04/2022 04:45:57,
遮光玻璃,minecraft:tinted_glass,是,任意工具或徒手,否,是,否,部分透明,0.3,0.3,20w45a,1.17,0,否,其他,无,0,是,15,无工具要求,否,否,是,,0.3,0.3,无专用工具,按用户确认口径：玻璃、树叶的完整碰撞体积,页面历史中的明确加入记录,Wiki衍生数据，部分信息框已核对,26.1-snapshot-10,https://minecraft.wiki/w/Tinted_Glass,17/04/2022 06:02:43,
细雪,minecraft:powder_snow,是,待核对,否,待核对,否,待核对,0.1,0.25,20w46a,1.17,0,否,其他,无,0,是,1,无工具要求,否,否,否,无独立同名方块物品的放置形态,0.25,0.25,无专用工具,需要 Wiki 中明确的完整碰撞体积说明,页面历史中的明确加入记录,Wiki离线信息框,2022年4月离线Wiki,https://minecraft.wiki/w/Powder_Snow,16/04/2022 23:29:35,
幽匿感测体,minecraft:sculk_sensor,是,锄,是,待核对,否,透明,1.5,1.5,20w49a,1.17,1,否,其他,无,1,否,0,无工具要求,是,否,是,,1.5,1.5,锄,需要 Wiki 中明确的完整碰撞体积说明,页面历史中的明确加入记录,Wiki衍生数据，部分信息框已核对,26.1-snapshot-10,https://minecraft.wiki/w/Sculk_Sensor,17/04/2022 04:41:49,
校频幽匿感测体,minecraft:calibrated_sculk_sensor,是,锄,是,待核对,否,透明,1.5,1.5,,,1,否,其他,无,1,否,0,无工具要求,是,否,是,,1.5,1.5,锄,需要 Wiki 中明确的完整碰撞体积说明,待查Wiki页面,Wiki衍生数据，未核对原信息框,26.1-snapshot-10,,,
幽匿块,minecraft:sculk,是,锄,否,待核对,否,不透明,0.2,0.2,Deep Dark Experimental Snapshot 1,,0,否,其他,无,0,否,15,无工具要求,否,否,是,,0.2,0.2,锄,需要 Wiki 中明确的完整碰撞体积说明,离线Wiki中为即将发布记录；正式版本待核对,Wiki衍生数据，部分信息框已核对,26.1-snapshot-10,https://minecraft.wiki/w/Sculk,17/04/2022 05:10:17,2022信息框的硬度与较新资料不同；2022信息框的爆炸抗性与较新资料不同
幽匿脉络,minecraft:sculk_vein,是,锄,否,待核对,否,透明,0.2,0.2,Deep Dark Experimental Snapshot 1,,0,否,其他,无,0,是,1,无工具要求,是,否,是,,0.2,0.2,锄,需要 Wiki 中明确的完整碰撞体积说明,离线Wiki中为即将发布记录；正式版本待核对,Wiki衍生数据，部分信息框已核对,26.1-snapshot-10,https://minecraft.wiki/w/Sculk_Vein,17/04/2022 03:10:33,
幽匿催发体,minecraft:sculk_catalyst,待核对,锄,是,待核对,否,不透明,3,3,Deep Dark Experimental Snapshot 1,,6,否,其他,无,6,否,15,无工具要求,否,否,是,,3,3,锄,需要 Wiki 中明确的完整碰撞体积说明,离线Wiki中为即将发布记录；正式版本待核对,Wiki衍生数据，部分信息框已核对,26.1-snapshot-10,https://minecraft.wiki/w/Sculk_Catalyst,18/04/2022 15:25:35,2022信息框的可再生性与较新资料不同
幽匿尖啸体,minecraft:sculk_shrieker,是,锄,否,待核对,否,不透明,3,3,Deep Dark Experimental Snapshot 1,,0,否,其他,无,0,否,1,无工具要求,是,否,是,,3,3,锄,需要 Wiki 中明确的完整碰撞体积说明,离线Wiki中为即将发布记录；正式版本待核对,Wiki衍生数据，部分信息框已核对,26.1-snapshot-10,https://minecraft.wiki/w/Sculk_Shrieker,18/04/2022 15:19:51,
铜块,minecraft:copper_block,是,镐,否,待核对,否,不透明,6,3,,,0,否,其他,无,0,否,15,石或铜级及以上（金除外）,否,否,是,,3,6,镐,需要 Wiki 中明确的完整碰撞体积说明,待核对 Java 版历史,Wiki衍生数据，部分信息框已核对,26.1-snapshot-10,https://minecraft.wiki/w/Block_of_Copper,17/04/2022 03:07:55,
斑驳的铜块,minecraft:exposed_copper,是,镐,否,待核对,否,不透明,6,3,,,0,否,其他,无,0,否,15,石或铜级及以上（金除外）,否,否,是,,3,6,镐,需要 Wiki 中明确的完整碰撞体积说明,待核对 Java 版历史,Wiki衍生数据，部分信息框已核对,26.1-snapshot-10,https://minecraft.wiki/w/Block_of_Copper,17/04/2022 03:07:55,
锈蚀的铜块,minecraft:weathered_copper,是,镐,否,待核对,否,不透明,6,3,,,0,否,其他,无,0,否,15,石或铜级及以上（金除外）,否,否,是,,3,6,镐,需要 Wiki 中明确的完整碰撞体积说明,待核对 Java 版历史,Wiki衍生数据，部分信息框已核对,26.1-snapshot-10,https://minecraft.wiki/w/Block_of_Copper,17/04/2022 03:07:55,
氧化的铜块,minecraft:oxidized_copper,是,镐,否,待核对,否,不透明,6,3,,,0,否,其他,无,0,否,15,石或铜级及以上（金除外）,否,否,是,,3,6,镐,需要 Wiki 中明确的完整碰撞体积说明,待核对 Java 版历史,Wiki衍生数据，部分信息框已核对,26.1-snapshot-10,https://minecraft.wiki/w/Block_of_Copper,17/04/2022 03:07:55,
铜矿石,minecraft:copper_ore,否,镐,否,待核对,否,不透明,3,3,20w45a,1.17,0,否,其他,无,0,否,15,石或铜级及以上（金除外）,否,否,是,,3,3,镐,需要 Wiki 中明确的完整碰撞体积说明,页面历史中的明确加入记录,Wiki衍生数据，部分信息框已核对,26.1-snapshot-10,https://minecraft.wiki/w/Copper_Ore,17/04/2022 03:16:32,
深层铜矿石,minecraft:deepslate_copper_ore,否,镐,否,待核对,否,不透明,3,4.5,,,0,否,其他,无,0,否,15,石或铜级及以上（金除外）,否,否,是,,4.5,3,镐,需要 Wiki 中明确的完整碰撞体积说明,待核对 Java 版历史,Wiki衍生数据，部分信息框已核对,26.1-snapshot-10,https://minecraft.wiki/w/Copper_Ore,17/04/2022 03:16:32,
氧化的切制铜块,minecraft:oxidized_cut_copper,是,镐,否,待核对,否,不透明,6,3,,,0,否,其他,无,0,否,15,石或铜级及以上（金除外）,否,否,是,,3,6,镐,需要 Wiki 中明确的完整碰撞体积说明,待核对 Java 版历史,Wiki衍生数据，部分信息框已核对,26.1-snapshot-10,https://minecraft.wiki/w/Block_of_Copper,17/04/2022 03:07:55,
锈蚀的切制铜块,minecraft:weathered_cut_copper,是,镐,否,待核对,否,不透明,6,3,,,0,否,其他,无,0,否,15,石或铜级及以上（金除外）,否,否,是,,3,6,镐,需要 Wiki 中明确的完整碰撞体积说明,待核对 Java 版历史,Wiki衍生数据，部分信息框已核对,26.1-snapshot-10,https://minecraft.wiki/w/Block_of_Copper,17/04/2022 03:07:55,
斑驳的切制铜块,minecraft:exposed_cut_copper,是,镐,否,待核对,否,不透明,6,3,,,0,否,其他,无,0,否,15,石或铜级及以上（金除外）,否,否,是,,3,6,镐,需要 Wiki 中明确的完整碰撞体积说明,待核对 Java 版历史,Wiki衍生数据，部分信息框已核对,26.1-snapshot-10,https://minecraft.wiki/w/Block_of_Copper,17/04/2022 03:07:55,
切制铜块,minecraft:cut_copper,是,镐,否,待核对,否,不透明,6,3,20w45a,1.17,0,否,其他,无,0,否,15,石或铜级及以上（金除外）,否,否,是,,3,6,镐,需要 Wiki 中明确的完整碰撞体积说明,页面历史中的明确加入记录,Wiki衍生数据，部分信息框已核对,26.1-snapshot-10,https://minecraft.wiki/w/Block_of_Copper,17/04/2022 03:07:55,
氧化的雕纹铜块,minecraft:oxidized_chiseled_copper,是,镐,否,待核对,否,不透明,6,3,,,0,否,其他,无,0,否,15,石或铜级及以上（金除外）,否,否,是,,3,6,镐,需要 Wiki 中明确的完整碰撞体积说明,待查Wiki页面,Wiki衍生数据，未核对原信息框,26.1-snapshot-10,,,
锈蚀的雕纹铜块,minecraft:weathered_chiseled_copper,是,镐,否,待核对,否,不透明,6,3,,,0,否,其他,无,0,否,15,石或铜级及以上（金除外）,否,否,是,,3,6,镐,需要 Wiki 中明确的完整碰撞体积说明,待查Wiki页面,Wiki衍生数据，未核对原信息框,26.1-snapshot-10,,,
斑驳的雕纹铜块,minecraft:exposed_chiseled_copper,是,镐,否,待核对,否,不透明,6,3,,,0,否,其他,无,0,否,15,石或铜级及以上（金除外）,否,否,是,,3,6,镐,需要 Wiki 中明确的完整碰撞体积说明,待查Wiki页面,Wiki衍生数据，未核对原信息框,26.1-snapshot-10,,,
雕纹铜块,minecraft:chiseled_copper,是,镐,否,待核对,否,不透明,6,3,,,0,否,其他,无,0,否,15,石或铜级及以上（金除外）,否,否,是,,3,6,镐,需要 Wiki 中明确的完整碰撞体积说明,待查Wiki页面,Wiki衍生数据，未核对原信息框,26.1-snapshot-10,,,
涂蜡的氧化雕纹铜块,minecraft:waxed_oxidized_chiseled_copper,是,镐,否,待核对,否,不透明,6,3,,,0,否,其他,无,0,否,15,石或铜级及以上（金除外）,否,否,是,,3,6,镐,需要 Wiki 中明确的完整碰撞体积说明,待查Wiki页面,Wiki衍生数据，未核对原信息框,26.1-snapshot-10,,,
涂蜡的锈蚀雕纹铜块,minecraft:waxed_weathered_chiseled_copper,是,镐,否,待核对,否,不透明,6,3,,,0,否,其他,无,0,否,15,石或铜级及以上（金除外）,否,否,是,,3,6,镐,需要 Wiki 中明确的完整碰撞体积说明,待查Wiki页面,Wiki衍生数据，未核对原信息框,26.1-snapshot-10,,,
涂蜡的斑驳雕纹铜块,minecraft:waxed_exposed_chiseled_copper,是,镐,否,待核对,否,不透明,6,3,,,0,否,其他,无,0,否,15,石或铜级及以上（金除外）,否,否,是,,3,6,镐,需要 Wiki 中明确的完整碰撞体积说明,待查Wiki页面,Wiki衍生数据，未核对原信息框,26.1-snapshot-10,,,
涂蜡的雕纹铜块,minecraft:waxed_chiseled_copper,是,镐,否,待核对,否,不透明,6,3,,,0,否,其他,无,0,否,15,石或铜级及以上（金除外）,否,否,是,,3,6,镐,需要 Wiki 中明确的完整碰撞体积说明,待查Wiki页面,Wiki衍生数据，未核对原信息框,26.1-snapshot-10,,,
氧化的切制铜楼梯,minecraft:oxidized_cut_copper_stairs,是,镐,否,否,否,部分透明,6,3,,,0,否,楼梯,无,0,否,0,石或铜级及以上（金除外）,是,否,是,,3,6,镐,Wiki 形状或非标准高度说明；按该类几何形状分类,待核对 Java 版历史,Wiki衍生数据，部分信息框已核对,26.1-snapshot-10,https://minecraft.wiki/w/Stairs,18/04/2022 15:56:34,
锈蚀的切制铜楼梯,minecraft:weathered_cut_copper_stairs,是,镐,否,否,否,部分透明,6,3,,,0,否,楼梯,无,0,否,0,石或铜级及以上（金除外）,是,否,是,,3,6,镐,Wiki 形状或非标准高度说明；按该类几何形状分类,待核对 Java 版历史,Wiki衍生数据，部分信息框已核对,26.1-snapshot-10,https://minecraft.wiki/w/Stairs,18/04/2022 15:56:34,
斑驳的切制铜楼梯,minecraft:exposed_cut_copper_stairs,是,镐,否,否,否,部分透明,6,3,,,0,否,楼梯,无,0,否,0,石或铜级及以上（金除外）,是,否,是,,3,6,镐,Wiki 形状或非标准高度说明；按该类几何形状分类,待核对 Java 版历史,Wiki衍生数据，部分信息框已核对,26.1-snapshot-10,https://minecraft.wiki/w/Stairs,18/04/2022 15:56:34,
切制铜楼梯,minecraft:cut_copper_stairs,是,镐,否,否,否,部分透明,6,3,20w45a,1.17,0,否,楼梯,无,0,否,0,石或铜级及以上（金除外）,是,否,是,,3,6,镐,Wiki 形状或非标准高度说明；按该类几何形状分类,页面历史中的明确加入记录,Wiki衍生数据，部分信息框已核对,26.1-snapshot-10,https://minecraft.wiki/w/Stairs,18/04/2022 15:56:34,
氧化的切制铜台阶,minecraft:oxidized_cut_copper_slab,是,镐,否,仅特定状态,否,部分透明,6,3,,,0,否,台阶,无,0,否,0,石或铜级及以上（金除外）,是,否,是,,3,6,镐,Wiki 台阶说明：仅双层台阶是完整方块,待核对 Java 版历史,Wiki衍生数据，部分信息框已核对,26.1-snapshot-10,https://minecraft.wiki/w/Slab,18/04/2022 16:04:21,
锈蚀的切制铜台阶,minecraft:weathered_cut_copper_slab,是,镐,否,仅特定状态,否,部分透明,6,3,,,0,否,台阶,无,0,否,0,石或铜级及以上（金除外）,是,否,是,,3,6,镐,Wiki 台阶说明：仅双层台阶是完整方块,待核对 Java 版历史,Wiki衍生数据，部分信息框已核对,26.1-snapshot-10,https://minecraft.wiki/w/Slab,18/04/2022 16:04:21,
斑驳的切制铜台阶,minecraft:exposed_cut_copper_slab,是,镐,否,仅特定状态,否,部分透明,6,3,,,0,否,台阶,无,0,否,0,石或铜级及以上（金除外）,是,否,是,,3,6,镐,Wiki 台阶说明：仅双层台阶是完整方块,待核对 Java 版历史,Wiki衍生数据，部分信息框已核对,26.1-snapshot-10,https://minecraft.wiki/w/Slab,18/04/2022 16:04:21,
切制铜台阶,minecraft:cut_copper_slab,是,镐,否,仅特定状态,否,部分透明,6,3,20w45a,1.17,0,否,台阶,无,0,否,0,石或铜级及以上（金除外）,是,否,是,,3,6,镐,Wiki 台阶说明：仅双层台阶是完整方块,页面历史中的明确加入记录,Wiki衍生数据，部分信息框已核对,26.1-snapshot-10,https://minecraft.wiki/w/Slab,18/04/2022 16:04:21,
涂蜡的铜块,minecraft:waxed_copper_block,是,镐,否,待核对,否,不透明,6,3,,,0,否,其他,无,0,否,15,石或铜级及以上（金除外）,否,否,是,,3,6,镐,需要 Wiki 中明确的完整碰撞体积说明,待核对 Java 版历史,Wiki衍生数据，部分信息框已核对,26.1-snapshot-10,https://minecraft.wiki/w/Block_of_Copper,17/04/2022 03:07:55,
涂蜡的锈蚀铜块,minecraft:waxed_weathered_copper,是,镐,否,待核对,否,不透明,6,3,,,0,否,其他,无,0,否,15,石或铜级及以上（金除外）,否,否,是,,3,6,镐,需要 Wiki 中明确的完整碰撞体积说明,待核对 Java 版历史,Wiki衍生数据，部分信息框已核对,26.1-snapshot-10,https://minecraft.wiki/w/Block_of_Copper,17/04/2022 03:07:55,
涂蜡的斑驳铜块,minecraft:waxed_exposed_copper,是,镐,否,待核对,否,不透明,6,3,,,0,否,其他,无,0,否,15,石或铜级及以上（金除外）,否,否,是,,3,6,镐,需要 Wiki 中明确的完整碰撞体积说明,待核对 Java 版历史,Wiki衍生数据，部分信息框已核对,26.1-snapshot-10,https://minecraft.wiki/w/Block_of_Copper,17/04/2022 03:07:55,
涂蜡的氧化铜块,minecraft:waxed_oxidized_copper,是,镐,否,待核对,否,不透明,6,3,21w14a,1.17,0,否,其他,无,0,否,15,石或铜级及以上（金除外）,否,否,是,,3,6,镐,需要 Wiki 中明确的完整碰撞体积说明,页面历史中的明确加入记录,Wiki衍生数据，部分信息框已核对,26.1-snapshot-10,https://minecraft.wiki/w/Block_of_Copper,17/04/2022 03:07:55,
涂蜡的氧化切制铜块,minecraft:waxed_oxidized_cut_copper,是,镐,否,待核对,否,不透明,6,3,,,0,否,其他,无,0,否,15,石或铜级及以上（金除外）,否,否,是,,3,6,镐,需要 Wiki 中明确的完整碰撞体积说明,待核对 Java 版历史,Wiki衍生数据，部分信息框已核对,26.1-snapshot-10,https://minecraft.wiki/w/Block_of_Copper,17/04/2022 03:07:55,
涂蜡的锈蚀切制铜块,minecraft:waxed_weathered_cut_copper,是,镐,否,待核对,否,不透明,6,3,,,0,否,其他,无,0,否,15,石或铜级及以上（金除外）,否,否,是,,3,6,镐,需要 Wiki 中明确的完整碰撞体积说明,待核对 Java 版历史,Wiki衍生数据，部分信息框已核对,26.1-snapshot-10,https://minecraft.wiki/w/Block_of_Copper,17/04/2022 03:07:55,
涂蜡的斑驳切制铜块,minecraft:waxed_exposed_cut_copper,是,镐,否,待核对,否,不透明,6,3,,,0,否,其他,无,0,否,15,石或铜级及以上（金除外）,否,否,是,,3,6,镐,需要 Wiki 中明确的完整碰撞体积说明,待核对 Java 版历史,Wiki衍生数据，部分信息框已核对,26.1-snapshot-10,https://minecraft.wiki/w/Block_of_Copper,17/04/2022 03:07:55,
涂蜡的切制铜块,minecraft:waxed_cut_copper,是,镐,否,待核对,否,不透明,6,3,,,0,否,其他,无,0,否,15,石或铜级及以上（金除外）,否,否,是,,3,6,镐,需要 Wiki 中明确的完整碰撞体积说明,待核对 Java 版历史,Wiki衍生数据，部分信息框已核对,26.1-snapshot-10,https://minecraft.wiki/w/Block_of_Copper,17/04/2022 03:07:55,
涂蜡的氧化切制铜楼梯,minecraft:waxed_oxidized_cut_copper_stairs,是,镐,否,否,否,部分透明,6,3,21w14a,1.17,0,否,楼梯,无,0,否,0,石或铜级及以上（金除外）,是,否,是,,3,6,镐,Wiki 形状或非标准高度说明；按该类几何形状分类,页面历史中的明确加入记录,Wiki衍生数据，部分信息框已核对,26.1-snapshot-10,https://minecraft.wiki/w/Stairs,18/04/2022 15:56:34,
涂蜡的锈蚀切制铜楼梯,minecraft:waxed_weathered_cut_copper_stairs,是,镐,否,否,否,部分透明,6,3,,,0,否,楼梯,无,0,否,0,石或铜级及以上（金除外）,是,否,是,,3,6,镐,Wiki 形状或非标准高度说明；按该类几何形状分类,待核对 Java 版历史,Wiki衍生数据，部分信息框已核对,26.1-snapshot-10,https://minecraft.wiki/w/Stairs,18/04/2022 15:56:34,
涂蜡的斑驳切制铜楼梯,minecraft:waxed_exposed_cut_copper_stairs,是,镐,否,否,否,部分透明,6,3,,,0,否,楼梯,无,0,否,0,石或铜级及以上（金除外）,是,否,是,,3,6,镐,Wiki 形状或非标准高度说明；按该类几何形状分类,待核对 Java 版历史,Wiki衍生数据，部分信息框已核对,26.1-snapshot-10,https://minecraft.wiki/w/Stairs,18/04/2022 15:56:34,
涂蜡的切制铜楼梯,minecraft:waxed_cut_copper_stairs,是,镐,否,否,否,部分透明,6,3,20w45a,1.17,0,否,楼梯,无,0,否,0,石或铜级及以上（金除外）,是,否,是,,3,6,镐,Wiki 形状或非标准高度说明；按该类几何形状分类,页面历史中的明确加入记录,Wiki衍生数据，部分信息框已核对,26.1-snapshot-10,https://minecraft.wiki/w/Stairs,18/04/2022 15:56:34,
涂蜡的氧化切制铜台阶,minecraft:waxed_oxidized_cut_copper_slab,是,镐,否,仅特定状态,否,部分透明,6,3,21w14a,1.17,0,否,台阶,无,0,否,0,石或铜级及以上（金除外）,是,否,是,,3,6,镐,Wiki 台阶说明：仅双层台阶是完整方块,页面历史中的明确加入记录,Wiki衍生数据，部分信息框已核对,26.1-snapshot-10,https://minecraft.wiki/w/Slab,18/04/2022 16:04:21,
涂蜡的锈蚀切制铜台阶,minecraft:waxed_weathered_cut_copper_slab,是,镐,否,仅特定状态,否,部分透明,6,3,,,0,否,台阶,无,0,否,0,石或铜级及以上（金除外）,是,否,是,,3,6,镐,Wiki 台阶说明：仅双层台阶是完整方块,待核对 Java 版历史,Wiki衍生数据，部分信息框已核对,26.1-snapshot-10,https://minecraft.wiki/w/Slab,18/04/2022 16:04:21,
涂蜡的斑驳切制铜台阶,minecraft:waxed_exposed_cut_copper_slab,是,镐,否,仅特定状态,否,部分透明,6,3,,,0,否,台阶,无,0,否,0,石或铜级及以上（金除外）,是,否,是,,3,6,镐,Wiki 台阶说明：仅双层台阶是完整方块,待核对 Java 版历史,Wiki衍生数据，部分信息框已核对,26.1-snapshot-10,https://minecraft.wiki/w/Slab,18/04/2022 16:04:21,
涂蜡的切制铜台阶,minecraft:waxed_cut_copper_slab,是,镐,否,仅特定状态,否,部分透明,6,3,20w45a,1.17,0,否,台阶,无,0,否,0,石或铜级及以上（金除外）,是,否,是,,3,6,镐,Wiki 台阶说明：仅双层台阶是完整方块,页面历史中的明确加入记录,Wiki衍生数据，部分信息框已核对,26.1-snapshot-10,https://minecraft.wiki/w/Slab,18/04/2022 16:04:21,
铜门,minecraft:copper_door,是,镐,否,否,否,部分透明,6,3,,,0,否,门,无,0,是,0,无工具要求,否,否,是,,3,6,镐,Wiki 形状或非标准高度说明；按该类几何形状分类,待查Wiki页面,Wiki衍生数据，未核对原信息框,26.1-snapshot-10,,,
斑驳的铜门,minecraft:exposed_copper_door,是,镐,否,否,否,部分透明,6,3,,,0,否,门,无,0,是,0,无工具要求,否,否,是,,3,6,镐,Wiki 形状或非标准高度说明；按该类几何形状分类,待查Wiki页面,Wiki衍生数据，未核对原信息框,26.1-snapshot-10,,,
氧化的铜门,minecraft:oxidized_copper_door,是,镐,否,否,否,部分透明,6,3,,,0,否,门,无,0,是,0,无工具要求,否,否,是,,3,6,镐,Wiki 形状或非标准高度说明；按该类几何形状分类,待查Wiki页面,Wiki衍生数据，未核对原信息框,26.1-snapshot-10,,,
锈蚀的铜门,minecraft:weathered_copper_door,是,镐,否,否,否,部分透明,6,3,,,0,否,门,无,0,是,0,无工具要求,否,否,是,,3,6,镐,Wiki 形状或非标准高度说明；按该类几何形状分类,待查Wiki页面,Wiki衍生数据，未核对原信息框,26.1-snapshot-10,,,
涂蜡的铜门,minecraft:waxed_copper_door,是,镐,否,否,否,部分透明,6,3,,,0,否,门,无,0,是,0,无工具要求,否,否,是,,3,6,镐,Wiki 形状或非标准高度说明；按该类几何形状分类,待查Wiki页面,Wiki衍生数据，未核对原信息框,26.1-snapshot-10,,,
涂蜡的斑驳铜门,minecraft:waxed_exposed_copper_door,是,镐,否,否,否,部分透明,6,3,,,0,否,门,无,0,是,0,无工具要求,否,否,是,,3,6,镐,Wiki 形状或非标准高度说明；按该类几何形状分类,待查Wiki页面,Wiki衍生数据，未核对原信息框,26.1-snapshot-10,,,
涂蜡的氧化铜门,minecraft:waxed_oxidized_copper_door,是,镐,否,否,否,部分透明,6,3,,,0,否,门,无,0,是,0,无工具要求,否,否,是,,3,6,镐,Wiki 形状或非标准高度说明；按该类几何形状分类,待查Wiki页面,Wiki衍生数据，未核对原信息框,26.1-snapshot-10,,,
涂蜡的锈蚀铜门,minecraft:waxed_weathered_copper_door,是,镐,否,否,否,部分透明,6,3,,,0,否,门,无,0,是,0,无工具要求,否,否,是,,3,6,镐,Wiki 形状或非标准高度说明；按该类几何形状分类,待查Wiki页面,Wiki衍生数据，未核对原信息框,26.1-snapshot-10,,,
铜活板门,minecraft:copper_trapdoor,是,镐,否,否,否,透明,6,3,,,0,否,活板门,无,0,是,0,石或铜级及以上（金除外）,是,否,是,,3,6,镐,Wiki 形状或非标准高度说明；按该类几何形状分类,待查Wiki页面,Wiki衍生数据，未核对原信息框,26.1-snapshot-10,,,
斑驳的铜活板门,minecraft:exposed_copper_trapdoor,是,镐,否,否,否,透明,6,3,,,0,否,活板门,无,0,是,0,石或铜级及以上（金除外）,是,否,是,,3,6,镐,Wiki 形状或非标准高度说明；按该类几何形状分类,待查Wiki页面,Wiki衍生数据，未核对原信息框,26.1-snapshot-10,,,
氧化的铜活板门,minecraft:oxidized_copper_trapdoor,是,镐,否,否,否,透明,6,3,,,0,否,活板门,无,0,是,0,石或铜级及以上（金除外）,是,否,是,,3,6,镐,Wiki 形状或非标准高度说明；按该类几何形状分类,待查Wiki页面,Wiki衍生数据，未核对原信息框,26.1-snapshot-10,,,
锈蚀的铜活板门,minecraft:weathered_copper_trapdoor,是,镐,否,否,否,透明,6,3,,,0,否,活板门,无,0,是,0,石或铜级及以上（金除外）,是,否,是,,3,6,镐,Wiki 形状或非标准高度说明；按该类几何形状分类,待查Wiki页面,Wiki衍生数据，未核对原信息框,26.1-snapshot-10,,,
涂蜡的铜活板门,minecraft:waxed_copper_trapdoor,是,镐,否,否,否,透明,6,3,,,0,否,活板门,无,0,是,0,石或铜级及以上（金除外）,是,否,是,,3,6,镐,Wiki 形状或非标准高度说明；按该类几何形状分类,待查Wiki页面,Wiki衍生数据，未核对原信息框,26.1-snapshot-10,,,
涂蜡的斑驳铜活板门,minecraft:waxed_exposed_copper_trapdoor,是,镐,否,否,否,透明,6,3,,,0,否,活板门,无,0,是,0,石或铜级及以上（金除外）,是,否,是,,3,6,镐,Wiki 形状或非标准高度说明；按该类几何形状分类,待查Wiki页面,Wiki衍生数据，未核对原信息框,26.1-snapshot-10,,,
涂蜡的氧化铜活板门,minecraft:waxed_oxidized_copper_trapdoor,是,镐,否,否,否,透明,6,3,,,0,否,活板门,无,0,是,0,石或铜级及以上（金除外）,是,否,是,,3,6,镐,Wiki 形状或非标准高度说明；按该类几何形状分类,待查Wiki页面,Wiki衍生数据，未核对原信息框,26.1-snapshot-10,,,
涂蜡的锈蚀铜活板门,minecraft:waxed_weathered_copper_trapdoor,是,镐,否,否,否,透明,6,3,,,0,否,活板门,无,0,是,0,石或铜级及以上（金除外）,是,否,是,,3,6,镐,Wiki 形状或非标准高度说明；按该类几何形状分类,待查Wiki页面,Wiki衍生数据，未核对原信息框,26.1-snapshot-10,,,
铜格栅,minecraft:copper_grate,是,镐,否,待核对,否,透明,6,3,,,0,否,其他,无,0,是,0,石或铜级及以上（金除外）,是,否,是,,3,6,镐,需要 Wiki 中明确的完整碰撞体积说明,待查Wiki页面,Wiki衍生数据，未核对原信息框,26.1-snapshot-10,,,
斑驳的铜格栅,minecraft:exposed_copper_grate,是,镐,否,待核对,否,透明,6,3,,,0,否,其他,无,0,是,0,石或铜级及以上（金除外）,是,否,是,,3,6,镐,需要 Wiki 中明确的完整碰撞体积说明,待查Wiki页面,Wiki衍生数据，未核对原信息框,26.1-snapshot-10,,,
锈蚀的铜格栅,minecraft:weathered_copper_grate,是,镐,否,待核对,否,透明,6,3,,,0,否,其他,无,0,是,0,石或铜级及以上（金除外）,是,否,是,,3,6,镐,需要 Wiki 中明确的完整碰撞体积说明,待查Wiki页面,Wiki衍生数据，未核对原信息框,26.1-snapshot-10,,,
氧化的铜格栅,minecraft:oxidized_copper_grate,是,镐,否,待核对,否,透明,6,3,,,0,否,其他,无,0,是,0,石或铜级及以上（金除外）,是,否,是,,3,6,镐,需要 Wiki 中明确的完整碰撞体积说明,待查Wiki页面,Wiki衍生数据，未核对原信息框,26.1-snapshot-10,,,
涂蜡的铜格栅,minecraft:waxed_copper_grate,是,镐,否,待核对,否,透明,6,3,,,0,否,其他,无,0,是,0,石或铜级及以上（金除外）,是,否,是,,3,6,镐,需要 Wiki 中明确的完整碰撞体积说明,待查Wiki页面,Wiki衍生数据，未核对原信息框,26.1-snapshot-10,,,
涂蜡的斑驳铜格栅,minecraft:waxed_exposed_copper_grate,是,镐,否,待核对,否,透明,6,3,,,0,否,其他,无,0,是,0,石或铜级及以上（金除外）,是,否,是,,3,6,镐,需要 Wiki 中明确的完整碰撞体积说明,待查Wiki页面,Wiki衍生数据，未核对原信息框,26.1-snapshot-10,,,
涂蜡的锈蚀铜格栅,minecraft:waxed_weathered_copper_grate,是,镐,否,待核对,否,透明,6,3,,,0,否,其他,无,0,是,0,石或铜级及以上（金除外）,是,否,是,,3,6,镐,需要 Wiki 中明确的完整碰撞体积说明,待查Wiki页面,Wiki衍生数据，未核对原信息框,26.1-snapshot-10,,,
涂蜡的氧化铜格栅,minecraft:waxed_oxidized_copper_grate,是,镐,否,待核对,否,透明,6,3,,,0,否,其他,无,0,是,0,石或铜级及以上（金除外）,是,否,是,,3,6,镐,需要 Wiki 中明确的完整碰撞体积说明,待查Wiki页面,Wiki衍生数据，未核对原信息框,26.1-snapshot-10,,,
铜灯,minecraft:copper_bulb,是,镐,是,待核对,否,不透明,6,3,,,15,否,其他,无,0,否,15,石或铜级及以上（金除外）,否,是,是,,3,6,镐,需要 Wiki 中明确的完整碰撞体积说明,待查Wiki页面,Wiki衍生数据，未核对原信息框,26.1-snapshot-10,,,
斑驳的铜灯,minecraft:exposed_copper_bulb,是,镐,是,待核对,否,不透明,6,3,,,12,否,其他,无,0,否,15,石或铜级及以上（金除外）,否,是,是,,3,6,镐,需要 Wiki 中明确的完整碰撞体积说明,待查Wiki页面,Wiki衍生数据，未核对原信息框,26.1-snapshot-10,,,
锈蚀的铜灯,minecraft:weathered_copper_bulb,是,镐,是,待核对,否,不透明,6,3,,,12,否,其他,无,0,否,15,石或铜级及以上（金除外）,否,是,是,,3,6,镐,需要 Wiki 中明确的完整碰撞体积说明,待查Wiki页面,Wiki衍生数据，未核对原信息框,26.1-snapshot-10,,,
氧化的铜灯,minecraft:oxidized_copper_bulb,是,镐,是,待核对,否,不透明,6,3,,,15,否,其他,无,0,否,15,石或铜级及以上（金除外）,否,是,是,,3,6,镐,需要 Wiki 中明确的完整碰撞体积说明,待查Wiki页面,Wiki衍生数据，未核对原信息框,26.1-snapshot-10,,,
涂蜡的铜灯,minecraft:waxed_copper_bulb,是,镐,是,待核对,否,不透明,6,3,,,15,否,其他,无,0,否,15,石或铜级及以上（金除外）,否,是,是,,3,6,镐,需要 Wiki 中明确的完整碰撞体积说明,待查Wiki页面,Wiki衍生数据，未核对原信息框,26.1-snapshot-10,,,
涂蜡的斑驳铜灯,minecraft:waxed_exposed_copper_bulb,是,镐,是,待核对,否,不透明,6,3,,,12,否,其他,无,0,否,15,石或铜级及以上（金除外）,否,是,是,,3,6,镐,需要 Wiki 中明确的完整碰撞体积说明,待查Wiki页面,Wiki衍生数据，未核对原信息框,26.1-snapshot-10,,,
涂蜡的锈蚀铜灯,minecraft:waxed_weathered_copper_bulb,是,镐,是,待核对,否,不透明,6,3,,,12,否,其他,无,0,否,15,石或铜级及以上（金除外）,否,是,是,,3,6,镐,需要 Wiki 中明确的完整碰撞体积说明,待查Wiki页面,Wiki衍生数据，未核对原信息框,26.1-snapshot-10,,,
涂蜡的氧化铜灯,minecraft:waxed_oxidized_copper_bulb,是,镐,是,待核对,否,不透明,6,3,,,15,否,其他,无,0,否,15,石或铜级及以上（金除外）,否,是,是,,3,6,镐,需要 Wiki 中明确的完整碰撞体积说明,待查Wiki页面,Wiki衍生数据，未核对原信息框,26.1-snapshot-10,,,
铜箱子,minecraft:copper_chest,是,镐,否,待核对,否,透明,6,3,,,0,否,其他,无,0,否,0,石或铜级及以上（金除外）,是,否,是,,3,6,镐,需要 Wiki 中明确的完整碰撞体积说明,待查Wiki页面,Wiki衍生数据，未核对原信息框,26.1-snapshot-10,,,
斑驳的铜箱子,minecraft:exposed_copper_chest,是,镐,否,待核对,否,透明,6,3,,,0,否,其他,无,0,否,0,石或铜级及以上（金除外）,是,否,是,,3,6,镐,需要 Wiki 中明确的完整碰撞体积说明,待查Wiki页面,Wiki衍生数据，未核对原信息框,26.1-snapshot-10,,,
锈蚀的铜箱子,minecraft:weathered_copper_chest,是,镐,否,待核对,否,透明,6,3,,,0,否,其他,无,0,否,0,石或铜级及以上（金除外）,是,否,是,,3,6,镐,需要 Wiki 中明确的完整碰撞体积说明,待查Wiki页面,Wiki衍生数据，未核对原信息框,26.1-snapshot-10,,,
氧化的铜箱子,minecraft:oxidized_copper_chest,是,镐,否,待核对,否,透明,6,3,,,0,否,其他,无,0,否,0,石或铜级及以上（金除外）,是,否,是,,3,6,镐,需要 Wiki 中明确的完整碰撞体积说明,待查Wiki页面,Wiki衍生数据，未核对原信息框,26.1-snapshot-10,,,
涂蜡的铜箱子,minecraft:waxed_copper_chest,是,镐,否,待核对,否,透明,6,3,,,0,否,其他,无,0,否,0,石或铜级及以上（金除外）,是,否,是,,3,6,镐,需要 Wiki 中明确的完整碰撞体积说明,待查Wiki页面,Wiki衍生数据，未核对原信息框,26.1-snapshot-10,,,
涂蜡的斑驳铜箱子,minecraft:waxed_exposed_copper_chest,是,镐,否,待核对,否,透明,6,3,,,0,否,其他,无,0,否,0,石或铜级及以上（金除外）,是,否,是,,3,6,镐,需要 Wiki 中明确的完整碰撞体积说明,待查Wiki页面,Wiki衍生数据，未核对原信息框,26.1-snapshot-10,,,
涂蜡的锈蚀铜箱子,minecraft:waxed_weathered_copper_chest,是,镐,否,待核对,否,透明,6,3,,,0,否,其他,无,0,否,0,石或铜级及以上（金除外）,是,否,是,,3,6,镐,需要 Wiki 中明确的完整碰撞体积说明,待查Wiki页面,Wiki衍生数据，未核对原信息框,26.1-snapshot-10,,,
涂蜡的氧化铜箱子,minecraft:waxed_oxidized_copper_chest,是,镐,否,待核对,否,透明,6,3,,,0,否,其他,无,0,否,0,石或铜级及以上（金除外）,是,否,是,,3,6,镐,需要 Wiki 中明确的完整碰撞体积说明,待查Wiki页面,Wiki衍生数据，未核对原信息框,26.1-snapshot-10,,,
铜傀儡像,minecraft:copper_golem_statue,是,任意工具或徒手,否,待核对,否,透明,6,3,,,0,否,其他,无,0,是,0,无工具要求,是,否,是,,3,6,镐,需要 Wiki 中明确的完整碰撞体积说明,待查Wiki页面,Wiki衍生数据，未核对原信息框,26.1-snapshot-10,,,
斑驳的铜傀儡像,minecraft:exposed_copper_golem_statue,是,任意工具或徒手,否,待核对,否,透明,6,3,,,0,否,其他,无,0,是,0,无工具要求,是,否,是,,3,6,镐,需要 Wiki 中明确的完整碰撞体积说明,待查Wiki页面,Wiki衍生数据，未核对原信息框,26.1-snapshot-10,,,
锈蚀的铜傀儡像,minecraft:weathered_copper_golem_statue,是,任意工具或徒手,否,待核对,否,透明,6,3,,,0,否,其他,无,0,是,0,无工具要求,是,否,是,,3,6,镐,需要 Wiki 中明确的完整碰撞体积说明,待查Wiki页面,Wiki衍生数据，未核对原信息框,26.1-snapshot-10,,,
氧化的铜傀儡像,minecraft:oxidized_copper_golem_statue,是,任意工具或徒手,否,待核对,否,透明,6,3,,,0,否,其他,无,0,是,0,无工具要求,是,否,是,,3,6,镐,需要 Wiki 中明确的完整碰撞体积说明,待查Wiki页面,Wiki衍生数据，未核对原信息框,26.1-snapshot-10,,,
涂蜡的铜傀儡像,minecraft:waxed_copper_golem_statue,是,任意工具或徒手,否,待核对,否,透明,6,3,,,0,否,其他,无,0,是,0,无工具要求,是,否,是,,3,6,镐,需要 Wiki 中明确的完整碰撞体积说明,待查Wiki页面,Wiki衍生数据，未核对原信息框,26.1-snapshot-10,,,
涂蜡的斑驳铜傀儡像,minecraft:waxed_exposed_copper_golem_statue,是,任意工具或徒手,否,待核对,否,透明,6,3,,,0,否,其他,无,0,是,0,无工具要求,是,否,是,,3,6,镐,需要 Wiki 中明确的完整碰撞体积说明,待查Wiki页面,Wiki衍生数据，未核对原信息框,26.1-snapshot-10,,,
涂蜡的锈蚀铜傀儡像,minecraft:waxed_weathered_copper_golem_statue,是,任意工具或徒手,否,待核对,否,透明,6,3,,,0,否,其他,无,0,是,0,无工具要求,是,否,是,,3,6,镐,需要 Wiki 中明确的完整碰撞体积说明,待查Wiki页面,Wiki衍生数据，未核对原信息框,26.1-snapshot-10,,,
涂蜡的氧化铜傀儡像,minecraft:waxed_oxidized_copper_golem_statue,是,任意工具或徒手,否,待核对,否,透明,6,3,,,0,否,其他,无,0,是,0,无工具要求,是,否,是,,3,6,镐,需要 Wiki 中明确的完整碰撞体积说明,待查Wiki页面,Wiki衍生数据，未核对原信息框,26.1-snapshot-10,,,
避雷针,minecraft:lightning_rod,是,镐,否,待核对,否,透明,6,3,20w45a,1.17,0,否,其他,无,0,是,0,石或铜级及以上（金除外）,是,否,是,,3,6,镐,需要 Wiki 中明确的完整碰撞体积说明,页面历史中的明确加入记录,Wiki衍生数据，部分信息框已核对,26.1-snapshot-10,https://minecraft.wiki/w/Lightning_Rod,17/04/2022 01:54:12,
斑驳的避雷针,minecraft:exposed_lightning_rod,是,镐,否,待核对,否,透明,6,3,,,0,否,其他,无,0,是,0,石或铜级及以上（金除外）,是,否,是,,3,6,镐,需要 Wiki 中明确的完整碰撞体积说明,待查Wiki页面,Wiki衍生数据，未核对原信息框,26.1-snapshot-10,,,
锈蚀的避雷针,minecraft:weathered_lightning_rod,是,镐,否,待核对,否,透明,6,3,,,0,否,其他,无,0,是,0,石或铜级及以上（金除外）,是,否,是,,3,6,镐,需要 Wiki 中明确的完整碰撞体积说明,待查Wiki页面,Wiki衍生数据，未核对原信息框,26.1-snapshot-10,,,
氧化的避雷针,minecraft:oxidized_lightning_rod,是,镐,否,待核对,否,透明,6,3,,,0,否,其他,无,0,是,0,石或铜级及以上（金除外）,是,否,是,,3,6,镐,需要 Wiki 中明确的完整碰撞体积说明,待查Wiki页面,Wiki衍生数据，未核对原信息框,26.1-snapshot-10,,,
涂蜡的避雷针,minecraft:waxed_lightning_rod,是,镐,否,待核对,否,透明,6,3,,,0,否,其他,无,0,是,0,石或铜级及以上（金除外）,是,否,是,,3,6,镐,需要 Wiki 中明确的完整碰撞体积说明,待查Wiki页面,Wiki衍生数据，未核对原信息框,26.1-snapshot-10,,,
涂蜡的斑驳避雷针,minecraft:waxed_exposed_lightning_rod,是,镐,否,待核对,否,透明,6,3,,,0,否,其他,无,0,是,0,石或铜级及以上（金除外）,是,否,是,,3,6,镐,需要 Wiki 中明确的完整碰撞体积说明,待查Wiki页面,Wiki衍生数据，未核对原信息框,26.1-snapshot-10,,,
涂蜡的锈蚀避雷针,minecraft:waxed_weathered_lightning_rod,是,镐,否,待核对,否,透明,6,3,,,0,否,其他,无,0,是,0,石或铜级及以上（金除外）,是,否,是,,3,6,镐,需要 Wiki 中明确的完整碰撞体积说明,待查Wiki页面,Wiki衍生数据，未核对原信息框,26.1-snapshot-10,,,
涂蜡的氧化避雷针,minecraft:waxed_oxidized_lightning_rod,是,镐,否,待核对,否,透明,6,3,,,0,否,其他,无,0,是,0,石或铜级及以上（金除外）,是,否,是,,3,6,镐,需要 Wiki 中明确的完整碰撞体积说明,待查Wiki页面,Wiki衍生数据，未核对原信息框,26.1-snapshot-10,,,
滴水石锥,minecraft:pointed_dripstone,是,镐,否,待核对,否,透明,3,1.5,20w48a,1.17,0,否,其他,无,0,是,0,无工具要求,是,否,是,,1.5,3,镐,需要 Wiki 中明确的完整碰撞体积说明,页面历史中的明确加入记录,Wiki衍生数据，部分信息框已核对,26.1-snapshot-10,https://minecraft.wiki/w/Pointed_Dripstone,16/04/2022 23:39:34,
滴水石块,minecraft:dripstone_block,是,镐,否,待核对,否,不透明,1,1.5,20w48a,1.17,0,否,其他,无,0,否,15,木级及以上（含金）,否,否,是,,1.5,1,镐,需要 Wiki 中明确的完整碰撞体积说明,页面历史中的明确加入记录,Wiki衍生数据，部分信息框已核对,26.1-snapshot-10,https://minecraft.wiki/w/Dripstone_Block,17/04/2022 01:08:23,
洞穴藤蔓,minecraft:cave_vines,待核对,待核对,待核对,待核对,待核对,待核对,,,,,,待核对,其他,无,0,是,0,无工具要求,否,否,否,无独立同名方块物品的放置形态,0,0,无专用工具,需要 Wiki 中明确的完整碰撞体积说明,待查Wiki页面,待补充,,,,
洞穴藤蔓植株,minecraft:cave_vines_plant,待核对,待核对,待核对,待核对,待核对,待核对,,,,,,待核对,其他,无,0,是,0,无工具要求,否,否,否,无独立同名方块物品的放置形态,0,0,无专用工具,需要 Wiki 中明确的完整碰撞体积说明,待查Wiki页面,待补充,,,,
孢子花,minecraft:spore_blossom,否,任意工具或徒手,否,待核对,是,不透明,0,0,21w05a,1.17,0,否,花,无,0,是,0,无工具要求,否,否,是,,0,0,无专用工具,需要 Wiki 中明确的完整碰撞体积说明,页面历史中的明确加入记录,Wiki衍生数据，部分信息框已核对,26.1-snapshot-10,https://minecraft.wiki/w/Spore_Blossom,16/04/2022 22:37:39,
杜鹃花丛,minecraft:azalea,是,任意工具或徒手,否,待核对,是,透明,0,0,21w05a,1.17,0,否,树苗,无,0,是,0,无工具要求,否,否,是,,0,0,无专用工具,需要 Wiki 中明确的完整碰撞体积说明,页面历史中的明确加入记录,Wiki衍生数据，部分信息框已核对,26.1-snapshot-10,https://minecraft.wiki/w/Azalea,16/04/2022 23:45:57,
盛开的杜鹃花丛,minecraft:flowering_azalea,是,任意工具或徒手,否,待核对,是,透明,0,0,21w05a,1.17,0,否,花,无,0,是,0,无工具要求,否,否,是,,0,0,无专用工具,需要 Wiki 中明确的完整碰撞体积说明,页面历史中的明确加入记录,Wiki衍生数据，部分信息框已核对,26.1-snapshot-10,https://minecraft.wiki/w/Azalea,16/04/2022 23:45:57,
覆地苔藓,minecraft:moss_carpet,是,锄,否,待核对,否,透明,0.1,0.1,21w05a,1.17,0,待核对,其他,无,0,否,0,无工具要求,否,否,是,,0.1,0.1,锄,需要 Wiki 中明确的完整碰撞体积说明,页面历史中的明确加入记录,Wiki衍生数据，部分信息框已核对,26.1-snapshot-10,https://minecraft.wiki/w/Moss_Carpet,17/04/2022 01:08:49,2022信息框的熔岩引火与较新资料不同
粉红色花簇,minecraft:pink_petals,是,任意工具或徒手,否,待核对,是,透明,0,0,,,0,否,花,无,0,是,0,无工具要求,否,否,是,,0,0,无专用工具,需要 Wiki 中明确的完整碰撞体积说明,待查Wiki页面,Wiki衍生数据，未核对原信息框,26.1-snapshot-10,,,
野花簇,minecraft:wildflowers,是,任意工具或徒手,否,待核对,是,透明,0,0,,,0,否,花,无,0,是,0,无工具要求,否,否,是,,0,0,无专用工具,需要 Wiki 中明确的完整碰撞体积说明,待查Wiki页面,Wiki衍生数据，未核对原信息框,26.1-snapshot-10,,,
枯叶堆,minecraft:leaf_litter,是,任意工具或徒手,否,待核对,是,透明,0,0,,,0,否,其他,无,0,是,0,无工具要求,否,否,是,,0,0,无专用工具,需要 Wiki 中明确的完整碰撞体积说明,待查Wiki页面,Wiki衍生数据，未核对原信息框,26.1-snapshot-10,,,
苔藓块,minecraft:moss_block,是,锄,否,是,否,不透明,0.1,0.1,21w05a,1.17,0,否,其他,无,0,否,15,无工具要求,否,否,是,,0.1,0.1,锄,Wiki Dirt Path、Moss Carpet 或 Mangrove Roots 页明确称为完整方块,页面历史中的明确加入记录,Wiki衍生数据，部分信息框已核对,26.1-snapshot-10,https://minecraft.wiki/w/Moss_Block,17/04/2022 01:35:00,
大型垂滴叶,minecraft:big_dripleaf,是,斧,否,待核对,是,透明,0.1,0.1,,,0,否,其他,无,0,否,0,无工具要求,是,否,是,,0.1,0.1,斧,需要 Wiki 中明确的完整碰撞体积说明,待核对 Java 版历史,Wiki衍生数据，部分信息框已核对,26.1-snapshot-10,https://minecraft.wiki/w/Big_Dripleaf,16/04/2022 23:52:01,
大型垂滴叶茎,minecraft:big_dripleaf_stem,是,待核对,否,待核对,是,待核对,0.1,0.1,,,0,否,其他,无,0,是,0,无工具要求,是,否,否,无独立同名方块物品的放置形态,0.1,0.1,斧,需要 Wiki 中明确的完整碰撞体积说明,待核对 Java 版历史,Wiki离线信息框,2022年4月离线Wiki,https://minecraft.wiki/w/Big_Dripleaf,16/04/2022 23:52:01,
小型垂滴叶,minecraft:small_dripleaf,是,剪刀,否,待核对,是,透明,0,0,,,0,否,其他,无,0,是,0,无工具要求,是,否,是,,0,0,无专用工具,需要 Wiki 中明确的完整碰撞体积说明,待核对 Java 版历史,Wiki衍生数据，部分信息框已核对,26.1-snapshot-10,https://minecraft.wiki/w/Small_Dripleaf,17/04/2022 00:05:12,
垂根,minecraft:hanging_roots,是,剪刀,否,待核对,是,透明,0,0,21w05a,1.17,0,待核对,其他,无,0,是,0,无工具要求,是,否,是,,0,0,无专用工具,需要 Wiki 中明确的完整碰撞体积说明,页面历史中的明确加入记录,Wiki衍生数据，部分信息框已核对,26.1-snapshot-10,https://minecraft.wiki/w/Hanging_Roots,16/04/2022 23:33:16,2022信息框的硬度与较新资料不同；2022信息框的爆炸抗性与较新资料不同；2022信息框的熔岩引火与较新资料不同
缠根泥土,minecraft:rooted_dirt,是,锹,否,待核对,否,不透明,0.5,0.5,21w05a,1.17,0,否,其他,无,0,否,15,无工具要求,否,否,是,,0.5,0.5,锹,需要 Wiki 中明确的完整碰撞体积说明,页面历史中的明确加入记录,Wiki衍生数据，部分信息框已核对,26.1-snapshot-10,https://minecraft.wiki/w/Rooted_Dirt,17/04/2022 04:40:45,2022信息框的爆炸抗性与较新资料不同
泥巴,minecraft:mud,是,锹,否,待核对,否,不透明,0.5,0.5,22w11a,,0,否,其他,无,0,否,15,无工具要求,否,否,是,,0.5,0.5,锹,需要 Wiki 中明确的完整碰撞体积说明,离线Wiki中为即将发布记录；正式版本待核对,Wiki衍生数据，部分信息框已核对,26.1-snapshot-10,https://minecraft.wiki/w/Mud,17/04/2022 01:42:06,
深板岩,minecraft:deepslate,待核对,镐,否,待核对,否,不透明,6,3,,,0,否,其他,无,0,否,15,木级及以上（含金）,否,否,是,,3,6,镐,需要 Wiki 中明确的完整碰撞体积说明,待核对 Java 版历史,Wiki衍生数据，部分信息框已核对,26.1-snapshot-10,https://minecraft.wiki/w/Deepslate,17/04/2022 05:03:06,2022信息框的可再生性与较新资料不同
深板岩圆石,minecraft:cobbled_deepslate,待核对,镐,否,待核对,否,不透明,6,3.5,21w08a,1.17,0,否,其他,无,0,否,15,木级及以上（含金）,否,否,是,,3.5,6,镐,需要 Wiki 中明确的完整碰撞体积说明,页面历史中的明确加入记录,Wiki衍生数据，部分信息框已核对,26.1-snapshot-10,https://minecraft.wiki/w/Cobbled_Deepslate,16/04/2022 23:20:16,2022信息框的可再生性与较新资料不同
深板岩圆石楼梯,minecraft:cobbled_deepslate_stairs,是,镐,否,否,否,部分透明,6,3.5,,,0,否,楼梯,无,0,否,0,木级及以上（含金）,是,否,是,,3.5,6,镐,Wiki 形状或非标准高度说明；按该类几何形状分类,待核对 Java 版历史,Wiki衍生数据，部分信息框已核对,26.1-snapshot-10,https://minecraft.wiki/w/Stairs,18/04/2022 15:56:34,
深板岩圆石台阶,minecraft:cobbled_deepslate_slab,是,镐,否,仅特定状态,否,部分透明,6,3.5,,,0,否,台阶,无,0,否,0,木级及以上（含金）,是,否,是,,3.5,6,镐,Wiki 台阶说明：仅双层台阶是完整方块,待核对 Java 版历史,Wiki衍生数据，部分信息框已核对,26.1-snapshot-10,https://minecraft.wiki/w/Slab,18/04/2022 16:04:21,
深板岩圆石墙,minecraft:cobbled_deepslate_wall,是,镐,否,否,否,部分透明,6,3.5,,,0,否,墙,无,0,否,0,木级及以上（含金）,是,否,是,,3.5,6,镐,Wiki 形状或非标准高度说明；按该类几何形状分类,待核对 Java 版历史,Wiki衍生数据，部分信息框已核对,26.1-snapshot-10,https://minecraft.wiki/w/Wall,16/04/2022 23:37:47,
磨制深板岩,minecraft:polished_deepslate,待核对,镐,否,待核对,否,不透明,6,3.5,,,0,否,其他,无,0,否,15,木级及以上（含金）,否,否,是,,3.5,6,镐,需要 Wiki 中明确的完整碰撞体积说明,待核对 Java 版历史,Wiki衍生数据，部分信息框已核对,26.1-snapshot-10,https://minecraft.wiki/w/Polished_Deepslate,16/04/2022 23:31:39,2022信息框的可再生性与较新资料不同
磨制深板岩楼梯,minecraft:polished_deepslate_stairs,是,镐,否,否,否,部分透明,6,3.5,,,0,否,楼梯,无,0,否,0,木级及以上（含金）,是,否,是,,3.5,6,镐,Wiki 形状或非标准高度说明；按该类几何形状分类,待核对 Java 版历史,Wiki衍生数据，部分信息框已核对,26.1-snapshot-10,https://minecraft.wiki/w/Stairs,18/04/2022 15:56:34,
磨制深板岩台阶,minecraft:polished_deepslate_slab,是,镐,否,仅特定状态,否,部分透明,6,3.5,,,0,否,台阶,无,0,否,0,木级及以上（含金）,是,否,是,,3.5,6,镐,Wiki 台阶说明：仅双层台阶是完整方块,待核对 Java 版历史,Wiki衍生数据，部分信息框已核对,26.1-snapshot-10,https://minecraft.wiki/w/Slab,18/04/2022 16:04:21,
磨制深板岩墙,minecraft:polished_deepslate_wall,是,镐,否,否,否,部分透明,6,3.5,,,0,否,墙,无,0,否,0,木级及以上（含金）,是,否,是,,3.5,6,镐,Wiki 形状或非标准高度说明；按该类几何形状分类,待核对 Java 版历史,Wiki衍生数据，部分信息框已核对,26.1-snapshot-10,https://minecraft.wiki/w/Wall,16/04/2022 23:37:47,
深板岩瓦,minecraft:deepslate_tiles,待核对,镐,否,待核对,否,不透明,6,3.5,,,0,否,其他,无,0,否,15,木级及以上（含金）,否,否,是,,3.5,6,镐,需要 Wiki 中明确的完整碰撞体积说明,待核对 Java 版历史,Wiki衍生数据，部分信息框已核对,26.1-snapshot-10,https://minecraft.wiki/w/Deepslate_Tiles,17/04/2022 05:54:12,2022信息框的可再生性与较新资料不同
深板岩瓦楼梯,minecraft:deepslate_tile_stairs,是,镐,否,否,否,部分透明,6,3.5,,,0,否,楼梯,无,0,否,0,木级及以上（含金）,是,否,是,,3.5,6,镐,Wiki 形状或非标准高度说明；按该类几何形状分类,待核对 Java 版历史,Wiki衍生数据，部分信息框已核对,26.1-snapshot-10,https://minecraft.wiki/w/Stairs,18/04/2022 15:56:34,
深板岩瓦台阶,minecraft:deepslate_tile_slab,是,镐,否,仅特定状态,否,部分透明,6,3.5,,,0,否,台阶,无,0,否,0,木级及以上（含金）,是,否,是,,3.5,6,镐,Wiki 台阶说明：仅双层台阶是完整方块,待核对 Java 版历史,Wiki衍生数据，部分信息框已核对,26.1-snapshot-10,https://minecraft.wiki/w/Slab,18/04/2022 16:04:21,
深板岩瓦墙,minecraft:deepslate_tile_wall,是,镐,否,否,否,透明,6,3.5,,,0,否,墙,无,0,否,0,木级及以上（含金）,是,否,是,,3.5,6,镐,Wiki 形状或非标准高度说明；按该类几何形状分类,待核对 Java 版历史,Wiki衍生数据，部分信息框已核对,26.1-snapshot-10,https://minecraft.wiki/w/Wall,16/04/2022 23:37:47,
深板岩砖,minecraft:deepslate_bricks,待核对,镐,否,待核对,否,不透明,6,3.5,21w07a,1.17,0,否,其他,无,0,否,15,木级及以上（含金）,否,否,是,,3.5,6,镐,需要 Wiki 中明确的完整碰撞体积说明,页面历史中的明确加入记录,Wiki衍生数据，部分信息框已核对,26.1-snapshot-10,https://minecraft.wiki/w/Deepslate_Bricks,16/04/2022 23:46:08,2022信息框的可再生性与较新资料不同
深板岩砖楼梯,minecraft:deepslate_brick_stairs,是,镐,否,否,否,部分透明,6,3.5,,,0,否,楼梯,无,0,否,0,木级及以上（含金）,是,否,是,,3.5,6,镐,Wiki 形状或非标准高度说明；按该类几何形状分类,待核对 Java 版历史,Wiki衍生数据，部分信息框已核对,26.1-snapshot-10,https://minecraft.wiki/w/Stairs,18/04/2022 15:56:34,
深板岩砖台阶,minecraft:deepslate_brick_slab,是,镐,否,仅特定状态,否,部分透明,6,3.5,,,0,否,台阶,无,0,否,0,木级及以上（含金）,是,否,是,,3.5,6,镐,Wiki 台阶说明：仅双层台阶是完整方块,待核对 Java 版历史,Wiki衍生数据，部分信息框已核对,26.1-snapshot-10,https://minecraft.wiki/w/Slab,18/04/2022 16:04:21,
深板岩砖墙,minecraft:deepslate_brick_wall,是,镐,否,否,否,透明,6,3.5,,,0,否,墙,无,0,否,0,木级及以上（含金）,是,否,是,,3.5,6,镐,Wiki 形状或非标准高度说明；按该类几何形状分类,待核对 Java 版历史,Wiki衍生数据，部分信息框已核对,26.1-snapshot-10,https://minecraft.wiki/w/Wall,16/04/2022 23:37:47,
雕纹深板岩,minecraft:chiseled_deepslate,否,镐,否,待核对,否,不透明,6,3.5,21w07a,1.17,0,否,其他,无,0,否,15,木级及以上（含金）,否,否,是,,3.5,6,镐,需要 Wiki 中明确的完整碰撞体积说明,页面历史中的明确加入记录,Wiki衍生数据，部分信息框已核对,26.1-snapshot-10,https://minecraft.wiki/w/Chiseled_Deepslate,17/04/2022 05:13:21,2022信息框的硬度与较新资料不同
裂纹深板岩砖,minecraft:cracked_deepslate_bricks,待核对,镐,否,待核对,否,不透明,6,3.5,,,0,否,其他,无,0,否,15,木级及以上（含金）,否,否,是,,3.5,6,镐,需要 Wiki 中明确的完整碰撞体积说明,待核对 Java 版历史,Wiki衍生数据，部分信息框已核对,26.1-snapshot-10,https://minecraft.wiki/w/Deepslate_Bricks,16/04/2022 23:46:08,2022信息框的可再生性与较新资料不同
裂纹深板岩瓦,minecraft:cracked_deepslate_tiles,待核对,镐,否,待核对,否,不透明,6,3.5,,,0,否,其他,无,0,否,15,木级及以上（含金）,否,否,是,,3.5,6,镐,需要 Wiki 中明确的完整碰撞体积说明,待核对 Java 版历史,Wiki衍生数据，部分信息框已核对,26.1-snapshot-10,https://minecraft.wiki/w/Deepslate_Tiles,17/04/2022 05:54:12,2022信息框的可再生性与较新资料不同
虫蚀深板岩,minecraft:infested_deepslate,否,镐,否,待核对,否,不透明,0.75,1.5,21w10a,1.17,0,否,其他,无,0,否,15,无工具要求,否,否,是,,1.5,0.75,镐,需要 Wiki 中明确的完整碰撞体积说明,页面历史中的明确加入记录,Wiki衍生数据，部分信息框已核对,26.1-snapshot-10,https://minecraft.wiki/w/Infested_Block,18/04/2022 15:15:08,
平滑玄武岩,minecraft:smooth_basalt,是,镐,否,待核对,否,不透明,4.2,1.25,21w08a,1.17,0,否,其他,无,0,否,15,木级及以上（含金）,否,否,是,,1.25,4.2,镐,需要 Wiki 中明确的完整碰撞体积说明,页面历史中的明确加入记录,Wiki衍生数据，部分信息框已核对,26.1-snapshot-10,https://minecraft.wiki/w/Basalt,18/04/2022 16:02:06,
粗铁块,minecraft:raw_iron_block,否,镐,否,待核对,否,不透明,6,5,21w15a,1.17,0,否,其他,无,0,否,15,石或铜级及以上（金除外）,否,否,是,,5,6,镐,需要 Wiki 中明确的完整碰撞体积说明,页面历史中的明确加入记录,Wiki衍生数据，部分信息框已核对,26.1-snapshot-10,https://minecraft.wiki/w/Block_of_Raw_Iron,17/04/2022 06:46:50,
粗铜块,minecraft:raw_copper_block,否,镐,否,待核对,否,不透明,6,5,21w15a,1.17,0,否,其他,无,0,否,15,石或铜级及以上（金除外）,否,否,是,,5,6,镐,需要 Wiki 中明确的完整碰撞体积说明,页面历史中的明确加入记录,Wiki衍生数据，部分信息框已核对,26.1-snapshot-10,https://minecraft.wiki/w/Block_of_Raw_Copper,16/04/2022 23:10:10,
粗金块,minecraft:raw_gold_block,否,镐,否,待核对,否,不透明,6,5,21w15a,1.17,0,否,其他,无,0,否,15,铁级及以上,否,否,是,,5,6,镐,需要 Wiki 中明确的完整碰撞体积说明,页面历史中的明确加入记录,Wiki衍生数据，部分信息框已核对,26.1-snapshot-10,https://minecraft.wiki/w/Block_of_Raw_Gold,17/04/2022 03:20:17,
杜鹃花丛盆栽,minecraft:potted_azalea_bush,是,待核对,否,待核对,否,待核对,0,0,,,0,否,其他,无,0,是,0,无工具要求,否,否,否,无独立同名方块物品的放置形态,0,0,无专用工具,需要 Wiki 中明确的完整碰撞体积说明,待核对 Java 版历史,Wiki离线信息框,2022年4月离线Wiki,https://minecraft.wiki/w/Flower_Pot,18/04/2022 15:36:15,
盛开的杜鹃花丛盆栽,minecraft:potted_flowering_azalea_bush,是,待核对,否,待核对,否,待核对,0,0,,,0,否,其他,无,0,是,0,无工具要求,否,否,否,无独立同名方块物品的放置形态,0,0,无专用工具,需要 Wiki 中明确的完整碰撞体积说明,待核对 Java 版历史,Wiki离线信息框,2022年4月离线Wiki,https://minecraft.wiki/w/Flower_Pot,18/04/2022 15:36:15,
赭黄蛙明灯,minecraft:ochre_froglight,是,任意工具或徒手,是,待核对,否,不透明,0.3,0.3,,,15,否,其他,无,15,否,15,无工具要求,否,否,是,,0.3,0.3,无专用工具,需要 Wiki 中明确的完整碰撞体积说明,待查Wiki页面,Wiki衍生数据，未核对原信息框,26.1-snapshot-10,,,
青翠蛙明灯,minecraft:verdant_froglight,是,任意工具或徒手,是,待核对,否,不透明,0.3,0.3,,,15,否,其他,无,15,否,15,无工具要求,否,否,是,,0.3,0.3,无专用工具,需要 Wiki 中明确的完整碰撞体积说明,待查Wiki页面,Wiki衍生数据，未核对原信息框,26.1-snapshot-10,,,
珠光蛙明灯,minecraft:pearlescent_froglight,是,任意工具或徒手,是,待核对,否,不透明,0.3,0.3,,,15,否,其他,无,15,否,15,无工具要求,否,否,是,,0.3,0.3,无专用工具,需要 Wiki 中明确的完整碰撞体积说明,待查Wiki页面,Wiki衍生数据，未核对原信息框,26.1-snapshot-10,,,
青蛙卵,minecraft:frogspawn,是,任意工具或徒手,否,待核对,否,透明,0,0,22w11a,,0,否,其他,无,0,是,0,无工具要求,否,否,是,,0,0,无专用工具,需要 Wiki 中明确的完整碰撞体积说明,离线Wiki中为即将发布记录；正式版本待核对,Wiki衍生数据，部分信息框已核对,26.1-snapshot-10,https://minecraft.wiki/w/Frogspawn,17/04/2022 04:43:27,
强化深板岩,minecraft:reinforced_deepslate,否,无有效工具,否,待核对,否,不透明,1200,55,Deep Dark Experimental Snapshot 1,,0,否,其他,无,0,否,15,无工具要求,否,否,是,,55,1200,无专用工具,需要 Wiki 中明确的完整碰撞体积说明,离线Wiki中为即将发布记录；正式版本待核对,Wiki衍生数据，部分信息框已核对,26.1-snapshot-10,https://minecraft.wiki/w/Reinforced_Deepslate,16/04/2022 23:15:41,
饰纹陶罐,minecraft:decorated_pot,是,任意工具或徒手,否,待核对,否,不透明,0,0,,,0,否,其他,无,0,是,0,无工具要求,是,否,是,,0,0,无专用工具,需要 Wiki 中明确的完整碰撞体积说明,待查Wiki页面,Wiki衍生数据，未核对原信息框,26.1-snapshot-10,,,
合成器,minecraft:crafter,是,镐,否,待核对,否,不透明,3.5,1.5,,,0,否,其他,无,0,否,15,无工具要求,否,否,是,,1.5,3.5,镐,需要 Wiki 中明确的完整碰撞体积说明,待查Wiki页面,Wiki衍生数据，未核对原信息框,26.1-snapshot-10,,,
试炼刷怪笼,minecraft:trial_spawner,否,任意工具或徒手,是,待核对,否,部分透明,50,50,,,4,否,其他,无,0,是,1,无工具要求,否,否,是,,50,50,无专用工具,需要 Wiki 中明确的完整碰撞体积说明,待查Wiki页面,Wiki衍生数据，未核对原信息框,26.1-snapshot-10,,,
宝库,minecraft:vault,否,任意工具或徒手,是,待核对,否,部分透明,50,50,,,6,否,其他,无,6,是,1,无工具要求,否,否,是,,50,50,无专用工具,需要 Wiki 中明确的完整碰撞体积说明,待查Wiki页面,Wiki衍生数据，未核对原信息框,26.1-snapshot-10,,,
沉重核心,minecraft:heavy_core,仅宝库有限获取,镐,否,待核对,否,透明,1200,10,,,0,否,其他,无,0,否,0,无工具要求,是,否,是,,10,1200,镐,需要 Wiki 中明确的完整碰撞体积说明,待查Wiki页面,Wiki衍生数据，未核对原信息框,26.1-snapshot-10,,,
苍白苔藓块,minecraft:pale_moss_block,是,锄,否,待核对,否,不透明,0.1,0.1,,,0,否,其他,无,0,否,15,无工具要求,否,否,是,,0.1,0.1,锄,需要 Wiki 中明确的完整碰撞体积说明,待查Wiki页面,Wiki衍生数据，未核对原信息框,26.1-snapshot-10,,,
苍白覆地苔藓,minecraft:pale_moss_carpet,是,锄,否,待核对,否,透明,0.1,0.1,,,0,否,其他,无,0,是,0,无工具要求,否,否,是,,0.1,0.1,锄,需要 Wiki 中明确的完整碰撞体积说明,待查Wiki页面,Wiki衍生数据，未核对原信息框,26.1-snapshot-10,,,
苍白垂须,minecraft:pale_hanging_moss,是,剪刀,否,待核对,是,透明,0,0,,,0,是,其他,无,0,是,0,无工具要求,否,否,是,,0,0,无专用工具,需要 Wiki 中明确的完整碰撞体积说明,待查Wiki页面,Wiki衍生数据，未核对原信息框,26.1-snapshot-10,,,
张开的眼眸花,minecraft:open_eyeblossom,是,任意工具或徒手,否,待核对,是,透明,0,0,,,0,否,花,无,0,是,0,无工具要求,否,否,是,,0,0,无专用工具,需要 Wiki 中明确的完整碰撞体积说明,待查Wiki页面,Wiki衍生数据，未核对原信息框,26.1-snapshot-10,,,
闭合的眼眸花,minecraft:closed_eyeblossom,是,任意工具或徒手,否,待核对,是,透明,0,0,,,0,否,花,无,0,是,0,无工具要求,否,否,是,,0,0,无专用工具,需要 Wiki 中明确的完整碰撞体积说明,待查Wiki页面,Wiki衍生数据，未核对原信息框,26.1-snapshot-10,,,
张开的眼眸花盆栽,minecraft:potted_open_eyeblossom,待核对,待核对,待核对,待核对,待核对,待核对,,,,,,待核对,其他,无,0,是,0,无工具要求,否,否,否,无独立同名方块物品的放置形态,0,0,无专用工具,需要 Wiki 中明确的完整碰撞体积说明,待查Wiki页面,待补充,,,,
闭合的眼眸花盆栽,minecraft:potted_closed_eyeblossom,待核对,待核对,待核对,待核对,待核对,待核对,,,,,,待核对,其他,无,0,是,0,无工具要求,否,否,否,无独立同名方块物品的放置形态,0,0,无专用工具,需要 Wiki 中明确的完整碰撞体积说明,待查Wiki页面,待补充,,,,
萤火虫灌木丛,minecraft:firefly_bush,是,任意工具或徒手,是,待核对,是,透明,0,0,,,2,否,其他,无,2,是,0,无工具要求,否,否,是,,0,0,无专用工具,需要 Wiki 中明确的完整碰撞体积说明,待查Wiki页面,Wiki衍生数据，未核对原信息框,26.1-snapshot-10,,,
